{"type":"FeatureCollection","features":[{"type":"Feature","properties":{"display_name":"Ahafo","region":"Ahafo","api_district":null,"level":"region"},"geometry":{"type":"Polygon","coordinates":[[[-2.85171,6.64301],[-2.86942,6.63823],[-2.87158,6.64172],[-2.86637,6.64976],[-2.8775,6.65303],[-2.87,6.65882],[-2.85726,6.65978],[-2.84807,6.66903],[-2.84949,6.67923],[-2.85571,6.68249],[-2.86167,6.6933],[-2.86232,6.69709],[-2.85819,6.69833],[-2.86228,6.70462],[-2.85932,6.71151],[-2.86462,6.71298],[-2.86591,6.71869],[-2.85793,6.72689],[-2.85718,6.73402],[-2.84512,6.74196],[-2.84618,6.74695],[-2.84023,6.75602],[-2.84984,6.77281],[-2.83757,6.78881],[-2.84888,6.79971],[-2.84285,6.8066],[-2.85031,6.81773],[-2.85786,6.81936],[-2.85512,6.83586],[-2.86585,6.85056],[-2.85952,6.85411],[-2.86066,6.86389],[-2.85169,6.8747],[-2.84931,6.8868],[-2.85627,6.91165],[-2.84999,6.92292],[-2.85208,6.94223],[-2.84401,6.95729],[-2.8209,6.96386],[-2.81191,6.97344],[-2.79067,7.0122],[-2.76024,7.02593],[-2.77065,7.02174],[-2.76148,7.03517],[-2.76389,7.03949],[-2.76073,7.06102],[-2.75317,7.0785],[-2.7445,7.08234],[-2.72899,7.09863],[-2.72432,7.09658],[-2.72172,7.10194],[-2.71552,7.10361],[-2.71151,7.09994],[-2.69924,7.1065],[-2.69136,7.1141],[-2.69115,7.13127],[-2.68398,7.14004],[-2.67473,7.13754],[-2.65138,7.1415],[-2.62854,7.1557],[-2.60717,7.18036],[-2.58122,7.18055],[-2.58055,7.20881],[-2.5575,7.22947],[-2.51678,7.23078],[-2.49506,7.22639],[-2.49059,7.21745],[-2.49347,7.21689],[-2.49371,7.13342],[-2.4604,7.13411],[-2.4476,7.1406],[-2.40052,7.11185],[-2.43849,7.08884],[-2.37247,7.10211],[-2.36434,7.10642],[-2.36627,7.11509],[-2.35012,7.12908],[-2.33614,7.12218],[-2.32647,7.12496],[-2.32283,7.12068],[-2.3308,7.11566],[-2.32973,7.10589],[-2.31533,7.10404],[-2.30887,7.09922],[-2.30334,7.10273],[-2.29835,7.0985],[-2.29526,7.113],[-2.30339,7.12053],[-2.28836,7.1409],[-2.29819,7.1487],[-2.30537,7.14812],[-2.31056,7.15986],[-2.35006,7.18699],[-2.33515,7.22796],[-2.32495,7.23713],[-2.3194,7.23328],[-2.2968,7.23349],[-2.29086,7.22422],[-2.2851,7.2267],[-2.2841,7.23245],[-2.27849,7.23374],[-2.28148,7.24702],[-2.27341,7.23722],[-2.27002,7.23883],[-2.27248,7.24573],[-2.26518,7.24551],[-2.271,7.2551],[-2.26336,7.26139],[-2.26894,7.26466],[-2.26519,7.27753],[-2.24565,7.27964],[-2.24047,7.29222],[-2.23049,7.29496],[-2.22199,7.30276],[-2.21839,7.30095],[-2.21965,7.31061],[-2.21508,7.31437],[-2.20234,7.31459],[-2.19017,7.32214],[-2.18253,7.31983],[-2.16093,7.32861],[-2.15244,7.34109],[-2.14755,7.36574],[-2.13886,7.36825],[-2.13553,7.37379],[-2.14028,7.3871],[-2.13556,7.39548],[-2.07629,7.32315],[-2.06494,7.31951],[-2.05631,7.30889],[-2.04698,7.30555],[-2.00913,7.31854],[-2.00144,7.31694],[-1.99577,7.31322],[-1.98841,7.29807],[-1.96211,7.29344],[-1.95454,7.26549],[-1.94987,7.26148],[-1.92724,7.26479],[-1.9122,7.25346],[-1.85967,7.27811],[-1.84345,7.27503],[-1.83565,7.25955],[-1.8272,7.25847],[-1.8267,7.25336],[-1.83855,7.23868],[-1.85533,7.22726],[-1.86894,7.2032],[-1.93294,7.17658],[-1.9325,7.13008],[-1.95361,7.08523],[-1.96704,7.08989],[-2.00393,7.07474],[-2.01943,7.06075],[-2.02328,7.05124],[-2.03834,7.04015],[-2.06232,7.03894],[-2.09206,7.02098],[-2.09797,7.00683],[-2.12199,7.00219],[-2.13365,7.02198],[-2.13767,7.02044],[-2.1345,7.02916],[-2.13527,7.02825],[-2.13993,7.04157],[-2.15025,7.03958],[-2.16513,7.0329],[-2.1746,7.02062],[-2.18241,7.01676],[-2.18568,7.02538],[-2.17883,7.03264],[-2.18532,7.03623],[-2.19342,7.02823],[-2.20793,7.02445],[-2.21429,7.01968],[-2.2161,7.01182],[-2.22693,7.00748],[-2.24715,6.99096],[-2.25069,6.97879],[-2.29489,6.94162],[-2.31104,6.94184],[-2.33153,6.92878],[-2.3391,6.90873],[-2.3485,6.90879],[-2.35035,6.89847],[-2.37647,6.88582],[-2.3747,6.87893],[-2.38166,6.87845],[-2.38873,6.86789],[-2.3868,6.85562],[-2.39487,6.85851],[-2.39837,6.85426],[-2.39829,6.83916],[-2.40859,6.84159],[-2.4073,6.83618],[-2.41338,6.83642],[-2.41657,6.83158],[-2.4142,6.82985],[-2.41703,6.82593],[-2.41332,6.82602],[-2.41781,6.82342],[-2.40092,6.81923],[-2.3759,6.83911],[-2.37161,6.83751],[-2.35651,6.84422],[-2.35131,6.8399],[-2.34527,6.8441],[-2.34464,6.83931],[-2.3337,6.8307],[-2.33627,6.82193],[-2.34507,6.81594],[-2.33462,6.80387],[-2.31969,6.80119],[-2.30529,6.81162],[-2.29722,6.79717],[-2.27833,6.80026],[-2.25971,6.79408],[-2.25802,6.79066],[-2.26912,6.77213],[-2.2677,6.76335],[-2.27382,6.75585],[-2.27822,6.7295],[-2.28926,6.71579],[-2.28598,6.70689],[-2.29942,6.69936],[-2.30201,6.68939],[-2.30654,6.68711],[-2.34562,6.69965],[-2.35661,6.69393],[-2.36004,6.68726],[-2.36384,6.68857],[-2.36458,6.68017],[-2.37227,6.67158],[-2.38,6.67411],[-2.38907,6.66586],[-2.40322,6.66553],[-2.40473,6.66152],[-2.41429,6.65837],[-2.41464,6.6705],[-2.41762,6.65687],[-2.4067,6.64832],[-2.39996,6.65076],[-2.39529,6.64818],[-2.39607,6.6389],[-2.39975,6.63996],[-2.40293,6.63488],[-2.39883,6.62559],[-2.39234,6.62434],[-2.39472,6.61199],[-2.38349,6.61071],[-2.3839,6.59802],[-2.38012,6.59684],[-2.37843,6.60044],[-2.37108,6.59452],[-2.38103,6.58299],[-2.37962,6.57198],[-2.38559,6.56799],[-2.38534,6.55741],[-2.38222,6.55036],[-2.37662,6.54806],[-2.37801,6.54169],[-2.37486,6.5388],[-2.38109,6.53739],[-2.3841,6.53222],[-2.38179,6.52671],[-2.38615,6.52316],[-2.39727,6.52131],[-2.39724,6.50295],[-2.40379,6.5081],[-2.40301,6.50477],[-2.41123,6.5009],[-2.41004,6.49551],[-2.41598,6.49588],[-2.414,6.49005],[-2.41932,6.48844],[-2.42365,6.49238],[-2.42692,6.48406],[-2.42328,6.47664],[-2.41915,6.47841],[-2.42346,6.47567],[-2.42145,6.47321],[-2.43076,6.47325],[-2.43392,6.46626],[-2.43139,6.46405],[-2.43474,6.4654],[-2.43664,6.45962],[-2.44261,6.45756],[-2.44612,6.44306],[-2.43859,6.4429],[-2.43866,6.43924],[-2.44725,6.43441],[-2.4466,6.43061],[-2.45141,6.43155],[-2.43914,6.42816],[-2.44063,6.417],[-2.43797,6.42092],[-2.43475,6.41683],[-2.4288,6.41709],[-2.42389,6.41074],[-2.42583,6.40739],[-2.42072,6.40463],[-2.42629,6.40154],[-2.42397,6.38009],[-2.42939,6.37089],[-2.42654,6.36364],[-2.42897,6.35691],[-2.43478,6.35482],[-2.44757,6.37105],[-2.46856,6.38053],[-2.46884,6.39156],[-2.48586,6.4086],[-2.50647,6.41498],[-2.54688,6.40052],[-2.54773,6.40975],[-2.55716,6.42116],[-2.55894,6.42971],[-2.55236,6.4322],[-2.53965,6.44835],[-2.52683,6.45491],[-2.52738,6.46205],[-2.53299,6.45984],[-2.54337,6.46383],[-2.56217,6.48083],[-2.58523,6.48974],[-2.59886,6.5124],[-2.61959,6.52523],[-2.64593,6.52998],[-2.64941,6.52567],[-2.65641,6.52941],[-2.66338,6.52508],[-2.66871,6.51136],[-2.67271,6.50976],[-2.68113,6.57201],[-2.70185,6.58527],[-2.72732,6.58882],[-2.74811,6.58066],[-2.76305,6.58444],[-2.77979,6.57577],[-2.78877,6.60139],[-2.80084,6.60703],[-2.80367,6.61605],[-2.81602,6.61669],[-2.83203,6.63043],[-2.83075,6.63085],[-2.85171,6.64301]]]}},{"type":"Feature","properties":{"display_name":"Ashanti","region":"Ashanti","api_district":null,"level":"region"},"geometry":{"type":"Polygon","coordinates":[[[-1.54688,5.93537],[-1.53964,5.93109],[-1.54634,5.92688],[-1.55534,5.92902],[-1.56022,5.92393],[-1.56778,5.92579],[-1.56726,5.93097],[-1.57188,5.93308],[-1.57194,5.92554],[-1.58105,5.91763],[-1.58422,5.92251],[-1.58196,5.92744],[-1.58996,5.93495],[-1.58993,5.9277],[-1.5957,5.92395],[-1.60068,5.92933],[-1.60893,5.92499],[-1.61303,5.92866],[-1.61955,5.9264],[-1.61966,5.93204],[-1.62421,5.92686],[-1.63518,5.92789],[-1.63895,5.93367],[-1.64562,5.93081],[-1.64744,5.92443],[-1.66189,5.92414],[-1.66413,5.91828],[-1.66817,5.92095],[-1.67246,5.91532],[-1.67603,5.92009],[-1.67323,5.92245],[-1.69341,5.93364],[-1.69013,5.94103],[-1.6927,5.94336],[-1.7038,5.92769],[-1.70724,5.92926],[-1.71396,5.93858],[-1.70965,5.9549],[-1.71324,5.95719],[-1.72483,5.95288],[-1.73341,5.968],[-1.73916,5.9705],[-1.74201,5.96603],[-1.74961,5.96893],[-1.74868,5.95991],[-1.76406,5.96972],[-1.77043,5.96091],[-1.77766,5.97171],[-1.7761,5.98172],[-1.79206,5.98835],[-1.79786,5.99973],[-1.80419,5.99428],[-1.81309,6.01134],[-1.8019,6.02634],[-1.80921,6.03995],[-1.80406,6.02924],[-1.8077,6.03217],[-1.82359,6.02988],[-1.82171,6.03924],[-1.82888,6.03432],[-1.83822,6.03576],[-1.84814,6.02918],[-1.85137,6.01409],[-1.86123,6.0166],[-1.86157,6.0109],[-1.86393,6.01288],[-1.8674,6.0094],[-1.87242,6.02259],[-1.88305,6.03371],[-1.88982,6.02859],[-1.89203,6.015],[-1.913,6.01115],[-1.9257,6.02713],[-1.9248,6.03527],[-1.93434,6.03683],[-1.94715,6.04861],[-1.94986,6.05704],[-1.95359,6.05582],[-1.9525,6.04907],[-1.96073,6.05849],[-1.9656,6.0573],[-1.96558,6.05074],[-1.96812,6.0524],[-1.97592,6.06753],[-1.96996,6.06922],[-1.97812,6.08904],[-1.96881,6.09253],[-1.97545,6.09179],[-1.98638,6.09974],[-1.98639,6.11431],[-1.97811,6.11356],[-1.99043,6.1248],[-1.99743,6.11614],[-2.00716,6.11748],[-2.00688,6.11094],[-2.01433,6.11325],[-2.01467,6.12554],[-2.02327,6.13231],[-2.02338,6.14224],[-2.0259,6.14092],[-2.01941,6.15237],[-2.02402,6.15493],[-2.0226,6.17324],[-2.02785,6.17549],[-2.03056,6.18549],[-2.0404,6.19788],[-2.03845,6.20691],[-2.0317,6.21008],[-2.0215,6.22378],[-2.02336,6.25532],[-2.01923,6.26535],[-2.01359,6.26769],[-2.00952,6.29162],[-2.0452,6.28444],[-2.08362,6.29818],[-2.09936,6.30927],[-2.11951,6.30772],[-2.12408,6.30121],[-2.12755,6.31882],[-2.12118,6.3291],[-2.12465,6.33677],[-2.13647,6.34796],[-2.14911,6.34845],[-2.15256,6.35442],[-2.17269,6.36488],[-2.16028,6.37221],[-2.20006,6.3545],[-2.22712,6.31997],[-2.22243,6.33977],[-2.21661,6.34473],[-2.21541,6.36376],[-2.22767,6.40842],[-2.22586,6.41778],[-2.23168,6.42067],[-2.23009,6.45005],[-2.23994,6.47215],[-2.26263,6.49113],[-2.27904,6.48703],[-2.29355,6.49162],[-2.30413,6.48353],[-2.31011,6.48985],[-2.33738,6.49327],[-2.34364,6.48237],[-2.35219,6.48413],[-2.36,6.47721],[-2.34897,6.45538],[-2.35516,6.4475],[-2.35084,6.44722],[-2.34984,6.43465],[-2.34402,6.43369],[-2.35113,6.39514],[-2.36186,6.38481],[-2.37812,6.3495],[-2.38101,6.34682],[-2.38486,6.35038],[-2.38991,6.34647],[-2.38982,6.33426],[-2.39956,6.34169],[-2.39747,6.3516],[-2.42738,6.34828],[-2.43068,6.35471],[-2.42654,6.36364],[-2.42933,6.37112],[-2.42397,6.38009],[-2.42629,6.40154],[-2.42072,6.40463],[-2.42583,6.40739],[-2.42407,6.40979],[-2.42389,6.41074],[-2.4288,6.41709],[-2.43475,6.41683],[-2.43797,6.42092],[-2.44063,6.417],[-2.43914,6.42816],[-2.45141,6.43155],[-2.4466,6.43061],[-2.44725,6.43441],[-2.43866,6.43924],[-2.43859,6.4429],[-2.44612,6.44306],[-2.44261,6.45756],[-2.43664,6.45962],[-2.43474,6.4654],[-2.43456,6.46397],[-2.43139,6.46405],[-2.43392,6.46626],[-2.43076,6.47325],[-2.42145,6.47321],[-2.42346,6.47567],[-2.41915,6.47841],[-2.42328,6.47664],[-2.42692,6.48406],[-2.42365,6.49238],[-2.41932,6.48844],[-2.414,6.49005],[-2.41598,6.49588],[-2.41004,6.49551],[-2.41123,6.5009],[-2.40301,6.50477],[-2.40379,6.5081],[-2.39724,6.50295],[-2.39727,6.52131],[-2.38615,6.52316],[-2.38179,6.52671],[-2.3841,6.53222],[-2.38109,6.53739],[-2.37486,6.5388],[-2.37801,6.54169],[-2.37662,6.54806],[-2.38222,6.55036],[-2.38534,6.55741],[-2.38559,6.56799],[-2.37955,6.57215],[-2.38014,6.58485],[-2.37114,6.59216],[-2.37843,6.60044],[-2.38012,6.59684],[-2.3839,6.59802],[-2.38349,6.61071],[-2.39472,6.61199],[-2.39234,6.62434],[-2.39883,6.62559],[-2.40293,6.63488],[-2.39975,6.63996],[-2.39607,6.6389],[-2.39529,6.64818],[-2.41284,6.65075],[-2.41686,6.65905],[-2.40473,6.66152],[-2.40114,6.66608],[-2.38907,6.66586],[-2.38,6.67411],[-2.37227,6.67158],[-2.36458,6.68017],[-2.36384,6.68857],[-2.36004,6.68726],[-2.35661,6.69393],[-2.34562,6.69965],[-2.3064,6.68711],[-2.29963,6.69216],[-2.29989,6.69881],[-2.2927,6.70388],[-2.2931,6.70422],[-2.28576,6.7075],[-2.28926,6.71579],[-2.27817,6.72966],[-2.27382,6.75585],[-2.2677,6.76335],[-2.26698,6.77794],[-2.25339,6.77876],[-2.23416,6.7867],[-2.26445,6.77811],[-2.25802,6.79066],[-2.26607,6.79866],[-2.29722,6.79717],[-2.30529,6.81162],[-2.31969,6.80119],[-2.33462,6.80387],[-2.34507,6.81594],[-2.33627,6.82193],[-2.3337,6.8307],[-2.34665,6.8443],[-2.35131,6.8399],[-2.35651,6.84422],[-2.37161,6.83751],[-2.3759,6.83911],[-2.40092,6.81923],[-2.41781,6.82342],[-2.41337,6.82586],[-2.41705,6.82624],[-2.41338,6.83642],[-2.4071,6.83648],[-2.40859,6.84159],[-2.39829,6.83916],[-2.39647,6.85723],[-2.3868,6.85562],[-2.38873,6.86789],[-2.38166,6.87845],[-2.3747,6.87893],[-2.37824,6.88296],[-2.37629,6.88603],[-2.35035,6.89847],[-2.3485,6.90879],[-2.3391,6.90873],[-2.33122,6.92901],[-2.32688,6.92879],[-2.31104,6.94184],[-2.29489,6.94162],[-2.26473,6.96515],[-2.2474,6.98263],[-2.24511,6.99341],[-2.2294,7.00726],[-2.2161,7.01182],[-2.21177,7.02176],[-2.19342,7.02823],[-2.18532,7.03623],[-2.17883,7.03264],[-2.18592,7.0235],[-2.18063,7.01699],[-2.16513,7.0329],[-2.13993,7.04157],[-2.13527,7.02825],[-2.13767,7.02044],[-2.13365,7.02198],[-2.12102,7.00213],[-2.09729,7.00718],[-2.09218,7.02087],[-2.08131,7.0276],[-2.06192,7.03907],[-2.03834,7.04015],[-2.02328,7.05124],[-2.01174,7.06914],[-1.995,7.07919],[-1.96704,7.08989],[-1.95361,7.08523],[-1.9325,7.13008],[-1.93294,7.17658],[-1.86894,7.2032],[-1.85533,7.22726],[-1.83855,7.23868],[-1.8267,7.25336],[-1.8272,7.25847],[-1.83565,7.25955],[-1.84345,7.27503],[-1.85967,7.27811],[-1.9122,7.25346],[-1.92724,7.26479],[-1.94987,7.26148],[-1.95454,7.26549],[-1.96211,7.29344],[-1.98841,7.29807],[-1.99577,7.31322],[-2.00144,7.31694],[-2.00913,7.31854],[-2.04698,7.30555],[-2.05631,7.30889],[-2.06154,7.31785],[-2.07629,7.32315],[-2.13556,7.39548],[-2.14071,7.40664],[-2.1268,7.41906],[-2.12781,7.43176],[-2.12195,7.43315],[-2.11934,7.44081],[-2.11412,7.44243],[-2.11396,7.46038],[-2.10806,7.46481],[-2.07457,7.45513],[-2.038,7.45704],[-2.02303,7.43779],[-2.01846,7.42145],[-2.00107,7.42131],[-1.97556,7.41008],[-1.96743,7.4137],[-1.96446,7.40806],[-1.92707,7.44256],[-1.91736,7.44177],[-1.91599,7.43675],[-1.90834,7.43674],[-1.89795,7.43045],[-1.87147,7.45955],[-1.86703,7.47826],[-1.86347,7.47692],[-1.86339,7.46767],[-1.85642,7.4612],[-1.836,7.47097],[-1.83992,7.42505],[-1.82923,7.39362],[-1.80722,7.34848],[-1.77934,7.35094],[-1.77285,7.34645],[-1.76145,7.32198],[-1.73972,7.32065],[-1.72848,7.31177],[-1.72647,7.31709],[-1.71793,7.31661],[-1.71096,7.32426],[-1.69971,7.32133],[-1.67874,7.32477],[-1.67544,7.31975],[-1.65724,7.31993],[-1.65415,7.31354],[-1.64091,7.32511],[-1.6356,7.32081],[-1.64294,7.32885],[-1.64096,7.33607],[-1.62512,7.33911],[-1.5766,7.40283],[-1.5637,7.40531],[-1.5391,7.39571],[-1.52613,7.39898],[-1.52104,7.39157],[-1.51554,7.39089],[-1.51572,7.41001],[-1.50917,7.42214],[-1.5096,7.42913],[-1.51198,7.44117],[-1.52023,7.45003],[-1.49122,7.48421],[-1.47244,7.49656],[-1.46248,7.52464],[-1.43568,7.55859],[-1.43358,7.57346],[-1.42512,7.57631],[-1.42483,7.58183],[-1.42132,7.57998],[-1.40902,7.58618],[-1.39902,7.59871],[-1.38606,7.6051],[-1.36857,7.6029],[-1.36383,7.60856],[-1.35335,7.60912],[-1.34389,7.61935],[-1.31618,7.62469],[-1.30785,7.62193],[-1.31718,7.61061],[-1.31276,7.6027],[-1.31355,7.58062],[-1.29952,7.57118],[-1.29378,7.55977],[-1.29513,7.54632],[-1.29042,7.53515],[-1.26643,7.52149],[-1.24991,7.49616],[-1.23945,7.48928],[-1.22535,7.49492],[-1.20674,7.49252],[-1.20289,7.49541],[-1.1813,7.4814],[-1.15708,7.47971],[-1.1555,7.46899],[-1.14499,7.47001],[-1.14476,7.4676],[-1.14401,7.47147],[-1.13299,7.47098],[-1.12445,7.47683],[-1.12032,7.47199],[-1.11278,7.47305],[-1.10485,7.46483],[-1.08378,7.48768],[-1.07014,7.49101],[-1.07014,7.49099],[-1.06844,7.50159],[-1.05259,7.50858],[-1.0453,7.51553],[-1.0408,7.5275],[-1.01483,7.53481],[-1.00229,7.52815],[-0.98349,7.53466],[-0.97604,7.52911],[-0.97211,7.51963],[-0.95318,7.52347],[-0.93585,7.51404],[-0.93306,7.50555],[-0.92521,7.50372],[-0.90177,7.508],[-0.89316,7.50424],[-0.88993,7.51653],[-0.88455,7.51308],[-0.87577,7.51444],[-0.86676,7.52066],[-0.86212,7.51825],[-0.86394,7.51465],[-0.84505,7.51834],[-0.84367,7.50971],[-0.82834,7.51221],[-0.82153,7.50845],[-0.82039,7.49949],[-0.80843,7.51096],[-0.80765,7.50255],[-0.78498,7.49765],[-0.77677,7.50605],[-0.77349,7.50383],[-0.76715,7.5085],[-0.74766,7.50925],[-0.73914,7.52051],[-0.72651,7.52326],[-0.72093,7.51984],[-0.70515,7.52986],[-0.70107,7.52873],[-0.68912,7.54144],[-0.68913,7.53389],[-0.68243,7.52457],[-0.67692,7.52898],[-0.67567,7.52297],[-0.671,7.52269],[-0.65003,7.50198],[-0.64786,7.47702],[-0.65196,7.46665],[-0.64782,7.46159],[-0.65417,7.43074],[-0.64169,7.42043],[-0.63904,7.4023],[-0.6248,7.3835],[-0.61901,7.38237],[-0.59867,7.34858],[-0.54093,7.3545],[-0.53395,7.34779],[-0.50535,7.34096],[-0.49918,7.34346],[-0.49706,7.3393],[-0.49271,7.34388],[-0.48417,7.3373],[-0.4777,7.33539],[-0.47349,7.33875],[-0.46066,7.33112],[-0.45665,7.3342],[-0.44754,7.3326],[-0.43112,7.32323],[-0.42697,7.32683],[-0.42332,7.32097],[-0.39627,7.31158],[-0.38188,7.31281],[-0.37726,7.30907],[-0.36198,7.3117],[-0.35485,7.30854],[-0.35421,7.2976],[-0.32985,7.29089],[-0.33146,7.28731],[-0.32442,7.28104],[-0.31098,7.28565],[-0.30811,7.27906],[-0.30223,7.27768],[-0.29767,7.28297],[-0.28884,7.28434],[-0.28811,7.28048],[-0.27495,7.27451],[-0.27237,7.26808],[-0.26166,7.26664],[-0.25452,7.23282],[-0.25664,7.22828],[-0.24248,7.22199],[-0.24369,7.21186],[-0.2387,7.2023],[-0.24849,7.19738],[-0.25053,7.19231],[-0.25748,7.19521],[-0.26015,7.18951],[-0.26737,7.19368],[-0.27909,7.19024],[-0.28716,7.19469],[-0.28809,7.18413],[-0.3064,7.17821],[-0.30026,7.17203],[-0.32176,7.14409],[-0.3878,7.11788],[-0.4203,7.11953],[-0.42632,7.12525],[-0.44163,7.12218],[-0.46139,7.12835],[-0.49467,7.12479],[-0.54183,7.13898],[-0.56123,7.13746],[-0.58283,7.15055],[-0.60955,7.1536],[-0.61932,7.16666],[-0.63539,7.17389],[-0.59101,7.04448],[-0.57986,7.03775],[-0.56472,7.01869],[-0.56656,6.99794],[-0.57422,6.97861],[-0.57412,6.96326],[-0.5853,6.95087],[-0.60084,6.94815],[-0.63697,6.95301],[-0.65755,6.94719],[-0.65868,6.94178],[-0.65228,6.92948],[-0.69341,6.93942],[-0.72277,6.9523],[-0.74195,6.94888],[-0.75324,6.93807],[-0.75585,6.9301],[-0.75571,6.91559],[-0.75722,6.84484],[-0.76701,6.83585],[-0.78734,6.79894],[-0.78692,6.79384],[-0.79985,6.78851],[-0.83367,6.7934],[-0.84302,6.78011],[-0.8516,6.77794],[-0.86538,6.78242],[-0.88272,6.77843],[-0.90122,6.78832],[-0.90825,6.7771],[-0.91489,6.7768],[-0.9152,6.76811],[-0.9325,6.75625],[-0.95648,6.75392],[-0.96091,6.74617],[-0.97295,6.75049],[-0.98205,6.74901],[-0.9844,6.74205],[-0.9742,6.73739],[-0.96456,6.7414],[-0.95655,6.73962],[-0.95021,6.7352],[-0.9469,6.72483],[-0.95039,6.70743],[-0.96061,6.69139],[-0.97389,6.68108],[-0.97715,6.65506],[-0.97252,6.6456],[-0.97751,6.63854],[-0.97754,6.62148],[-0.97678,6.61473],[-0.97183,6.61205],[-0.94509,6.62702],[-0.94546,6.63906],[-0.9381,6.64108],[-0.93503,6.63616],[-0.9236,6.64085],[-0.91868,6.62228],[-0.91007,6.61037],[-0.91559,6.60077],[-0.9117,6.59794],[-0.91904,6.58784],[-0.92645,6.58791],[-0.93329,6.5821],[-0.93388,6.57494],[-0.94175,6.57063],[-0.944,6.56444],[-0.95035,6.56554],[-0.95654,6.55938],[-0.96814,6.53602],[-0.97262,6.53497],[-0.97201,6.52649],[-0.97735,6.51864],[-0.98145,6.52092],[-0.98922,6.51616],[-0.99316,6.50396],[-1.00061,6.50008],[-1.00595,6.48698],[-1.00342,6.48388],[-1.00593,6.47169],[-1.01225,6.4683],[-1.00854,6.45432],[-1.00502,6.45302],[-1.00869,6.44872],[-1.00573,6.44278],[-1.018,6.43607],[-1.01292,6.42596],[-1.01639,6.42053],[-1.0103,6.41496],[-1.0198,6.41344],[-1.01982,6.40891],[-1.02361,6.40829],[-1.03115,6.40837],[-1.03562,6.41302],[-1.04104,6.40782],[-1.03812,6.40364],[-1.04185,6.40047],[-1.05545,6.39767],[-1.06697,6.3902],[-1.06832,6.38333],[-1.10276,6.36441],[-1.10507,6.35767],[-1.11425,6.35281],[-1.11052,6.34325],[-1.11993,6.32596],[-1.1122,6.32059],[-1.11713,6.3222],[-1.13117,6.316],[-1.12777,6.30196],[-1.13864,6.29633],[-1.12691,6.28621],[-1.13145,6.28027],[-1.12799,6.27126],[-1.11632,6.26871],[-1.12536,6.24393],[-1.12134,6.23829],[-1.12559,6.23312],[-1.12051,6.22814],[-1.12301,6.21776],[-1.12049,6.20899],[-1.1364,6.19804],[-1.15069,6.20156],[-1.15379,6.19849],[-1.15515,6.20435],[-1.16114,6.20084],[-1.16424,6.20645],[-1.16889,6.20221],[-1.17554,6.20392],[-1.17973,6.20083],[-1.18272,6.20552],[-1.18627,6.2014],[-1.19781,6.19961],[-1.22172,6.21248],[-1.20004,6.19904],[-1.19222,6.19922],[-1.19322,6.19601],[-1.18682,6.19369],[-1.19016,6.1926],[-1.18872,6.1841],[-1.17895,6.17994],[-1.17883,6.17252],[-1.18267,6.17263],[-1.18107,6.16673],[-1.18537,6.17034],[-1.18606,6.16765],[-1.17844,6.15747],[-1.18136,6.15682],[-1.17981,6.1476],[-1.18428,6.14886],[-1.18325,6.14359],[-1.19048,6.14393],[-1.19312,6.13528],[-1.20224,6.13213],[-1.19323,6.12159],[-1.20582,6.1158],[-1.20808,6.12022],[-1.20666,6.11245],[-1.20144,6.10973],[-1.19506,6.11369],[-1.19013,6.10973],[-1.1919,6.10219],[-1.18717,6.0975],[-1.18961,6.09278],[-1.20257,6.09375],[-1.2048,6.09096],[-1.19833,6.08253],[-1.2067,6.07743],[-1.20642,6.07159],[-1.21453,6.0682],[-1.20825,6.05269],[-1.23124,6.03873],[-1.22906,6.03369],[-1.23332,6.02824],[-1.2274,6.01868],[-1.23038,6.01341],[-1.24206,6.01],[-1.24113,5.99671],[-1.24684,5.99093],[-1.23725,5.97931],[-1.22948,5.98286],[-1.22304,5.97719],[-1.21869,5.96357],[-1.22439,5.95767],[-1.22082,5.95563],[-1.2247,5.94586],[-1.21892,5.94196],[-1.22782,5.93258],[-1.24261,5.93205],[-1.24599,5.92221],[-1.24405,5.91368],[-1.24996,5.91472],[-1.25553,5.91051],[-1.25589,5.9165],[-1.26088,5.91536],[-1.26265,5.90546],[-1.25829,5.90362],[-1.26285,5.89073],[-1.26997,5.89417],[-1.27517,5.90292],[-1.2833,5.89952],[-1.29341,5.88716],[-1.30577,5.8876],[-1.30842,5.89036],[-1.30427,5.90146],[-1.31219,5.90708],[-1.30784,5.92608],[-1.31766,5.92396],[-1.31781,5.91804],[-1.32302,5.91416],[-1.33534,5.91679],[-1.34251,5.91084],[-1.3442,5.91418],[-1.33589,5.92685],[-1.34676,5.91915],[-1.34866,5.93195],[-1.37596,5.93469],[-1.3785,5.93036],[-1.37437,5.92247],[-1.37989,5.91644],[-1.41873,5.92143],[-1.41609,5.91525],[-1.42085,5.90372],[-1.42871,5.90982],[-1.43707,5.90134],[-1.45068,5.90633],[-1.45552,5.89363],[-1.46238,5.89712],[-1.46194,5.90435],[-1.46651,5.9046],[-1.46531,5.89396],[-1.45915,5.88659],[-1.46172,5.86224],[-1.46916,5.86191],[-1.47587,5.85506],[-1.48284,5.86702],[-1.48854,5.86879],[-1.48653,5.86473],[-1.48996,5.86253],[-1.49533,5.86826],[-1.50102,5.86816],[-1.50067,5.87698],[-1.51657,5.87256],[-1.52175,5.87513],[-1.51657,5.89001],[-1.50847,5.89096],[-1.50641,5.88709],[-1.49795,5.89082],[-1.50545,5.89507],[-1.4999,5.90375],[-1.51635,5.91397],[-1.52113,5.92872],[-1.52469,5.92794],[-1.52562,5.92149],[-1.53084,5.92314],[-1.52843,5.93737],[-1.54524,5.93904],[-1.54688,5.93537]]]}},{"type":"Feature","properties":{"display_name":"Bono","region":"Bono","api_district":null,"level":"region"},"geometry":{"type":"Polygon","coordinates":[[[-2.89676,6.8875],[-2.89627,6.89291],[-2.90533,6.90622],[-2.91849,6.91797],[-2.9198,6.92492],[-2.92854,6.92917],[-2.9386,6.9414],[-2.96903,6.93705],[-2.98869,6.94644],[-3.02806,6.927],[-3.03387,6.92745],[-3.04563,6.93824],[-3.06517,6.93953],[-3.07278,6.94368],[-3.07198,6.96302],[-3.07558,6.97187],[-3.09223,6.97965],[-3.09971,6.99426],[-3.11656,7.00587],[-3.07494,7.06286],[-3.03206,7.07172],[-3.02914,7.09663],[-3.02362,7.14248],[-2.95335,7.23918],[-2.97818,7.27206],[-2.96964,7.33313],[-2.94839,7.43004],[-2.94726,7.45648],[-2.93707,7.48032],[-2.92346,7.60856],[-2.86935,7.73228],[-2.85061,7.76186],[-2.84862,7.78025],[-2.82611,7.80573],[-2.83035,7.82053],[-2.82512,7.8244],[-2.82196,7.82172],[-2.8262,7.82553],[-2.83289,7.84858],[-2.82524,7.86825],[-2.82212,7.91243],[-2.81031,7.93849],[-2.80856,7.9656],[-2.79314,7.98374],[-2.77173,7.99713],[-2.71271,8.01716],[-2.69559,8.0298],[-2.66199,8.04211],[-2.65269,8.04219],[-2.63667,8.05473],[-2.63143,8.05317],[-2.63617,8.06707],[-2.62988,8.11509],[-2.60847,8.1519],[-2.58992,8.15242],[-2.57622,8.14476],[-2.56538,8.14929],[-2.55972,8.14336],[-2.55544,8.14692],[-2.54478,8.17573],[-2.50896,8.19344],[-2.49489,8.20518],[-2.50141,8.30744],[-2.52444,8.44062],[-2.54897,8.54234],[-2.59009,8.78705],[-2.56859,8.77177],[-2.54304,8.76152],[-2.53561,8.73928],[-2.52564,8.73249],[-2.51299,8.73004],[-2.50066,8.71986],[-2.49033,8.69942],[-2.48829,8.6858],[-2.46462,8.65218],[-2.45506,8.64824],[-2.44223,8.62999],[-2.41734,8.61194],[-2.4193,8.59338],[-2.41016,8.56705],[-2.40226,8.56428],[-2.39863,8.55707],[-2.3835,8.55406],[-2.3712,8.53928],[-2.36701,8.53986],[-2.35791,8.52071],[-2.37077,8.50035],[-2.36929,8.48555],[-2.36538,8.47471],[-2.35549,8.46932],[-2.3523,8.46145],[-2.33709,8.45425],[-2.32527,8.41738],[-2.30957,8.40073],[-2.30774,8.38973],[-2.29941,8.38484],[-2.3008,8.36273],[-2.30499,8.35481],[-2.29728,8.34332],[-2.29533,8.32692],[-2.28561,8.3193],[-2.28847,8.2969],[-2.2755,8.29311],[-2.25251,8.27683],[-2.24026,8.2815],[-2.22973,8.2634],[-2.21489,8.25861],[-2.20905,8.24956],[-2.21296,8.2415],[-2.20508,8.23179],[-2.16792,8.21142],[-2.16209,8.1736],[-2.15357,8.17135],[-2.13566,8.15181],[-2.12766,8.1476],[-2.12125,8.14966],[-2.11703,8.13539],[-2.10174,8.13576],[-2.07972,8.09886],[-2.06487,8.089],[-2.05503,8.06144],[-2.05749,8.05203],[-2.03694,8.03037],[-2.02534,8.02393],[-2.026,7.99613],[-2.04396,7.97351],[-2.04117,7.96437],[-2.0319,7.95661],[-2.01994,7.9554],[-1.99505,7.96739],[-1.98504,7.96618],[-1.97396,7.94817],[-1.9141,7.87733],[-1.90294,7.83113],[-1.92229,7.80632],[-1.92901,7.80929],[-1.94432,7.79923],[-1.97074,7.80587],[-1.9832,7.8029],[-2.02311,7.78034],[-2.07639,7.77858],[-2.08224,7.76502],[-2.07127,7.74825],[-2.07436,7.74415],[-2.06993,7.73174],[-2.07304,7.71351],[-2.06292,7.70304],[-2.0563,7.68547],[-2.04956,7.68243],[-2.04804,7.67161],[-2.05112,7.66585],[-2.06715,7.66132],[-2.07157,7.64862],[-2.077,7.6476],[-2.08966,7.63079],[-2.08823,7.60987],[-2.11178,7.57218],[-2.10889,7.55321],[-2.13717,7.52741],[-2.13579,7.51904],[-2.12189,7.51498],[-2.11894,7.50244],[-2.11045,7.49522],[-2.14755,7.49544],[-2.11386,7.495],[-2.10956,7.46523],[-2.11396,7.46038],[-2.11412,7.44243],[-2.11934,7.44081],[-2.12195,7.43315],[-2.12781,7.43176],[-2.1268,7.41906],[-2.14084,7.4091],[-2.13556,7.39548],[-2.14028,7.3871],[-2.13549,7.37399],[-2.13886,7.36825],[-2.14755,7.36574],[-2.15244,7.34109],[-2.15993,7.32961],[-2.16878,7.32404],[-2.18253,7.31983],[-2.19017,7.32214],[-2.21012,7.3134],[-2.21022,7.31427],[-2.21922,7.31212],[-2.21839,7.30095],[-2.22199,7.30276],[-2.23049,7.29496],[-2.24047,7.29222],[-2.24565,7.27964],[-2.26204,7.27889],[-2.26866,7.2743],[-2.26593,7.26749],[-2.26894,7.26466],[-2.26336,7.26139],[-2.27098,7.25486],[-2.26518,7.24551],[-2.27248,7.24573],[-2.27002,7.23883],[-2.27341,7.23722],[-2.28148,7.24702],[-2.27849,7.23374],[-2.2841,7.23245],[-2.2851,7.2267],[-2.29086,7.22422],[-2.2968,7.23349],[-2.3194,7.23328],[-2.32495,7.23713],[-2.34068,7.21784],[-2.35006,7.18699],[-2.31056,7.15986],[-2.30537,7.14812],[-2.29819,7.1487],[-2.28836,7.1409],[-2.30334,7.1208],[-2.29526,7.113],[-2.29839,7.0983],[-2.30416,7.103],[-2.30887,7.09922],[-2.31533,7.10404],[-2.32973,7.10589],[-2.3308,7.11566],[-2.32421,7.12284],[-2.33679,7.12234],[-2.35012,7.12908],[-2.36627,7.11509],[-2.36434,7.10642],[-2.37247,7.10211],[-2.43849,7.08884],[-2.40052,7.11185],[-2.4476,7.1406],[-2.4604,7.13411],[-2.49371,7.13342],[-2.49347,7.21689],[-2.48679,7.21807],[-2.49255,7.21954],[-2.49506,7.22639],[-2.51678,7.23078],[-2.55589,7.23046],[-2.58055,7.20881],[-2.58122,7.18055],[-2.60717,7.18036],[-2.62854,7.1557],[-2.65138,7.1415],[-2.67473,7.13754],[-2.68266,7.14058],[-2.69044,7.13224],[-2.69047,7.13228],[-2.69147,7.11392],[-2.70449,7.10279],[-2.71163,7.09993],[-2.71788,7.10333],[-2.72432,7.09658],[-2.72921,7.0985],[-2.7445,7.08234],[-2.75317,7.0785],[-2.76073,7.06102],[-2.76389,7.03949],[-2.76148,7.03517],[-2.77155,7.02087],[-2.77763,7.01995],[-2.79251,7.00985],[-2.80041,6.99137],[-2.82076,6.96395],[-2.83077,6.9632],[-2.83234,6.95862],[-2.8395,6.95962],[-2.84891,6.95167],[-2.85208,6.94223],[-2.84999,6.92292],[-2.85627,6.91165],[-2.84931,6.8868],[-2.85169,6.8747],[-2.86066,6.86389],[-2.85952,6.85411],[-2.87165,6.8537],[-2.88594,6.87955],[-2.89676,6.8875]]]}},{"type":"Feature","properties":{"display_name":"Bono East","region":"Bono East","api_district":null,"level":"region"},"geometry":{"type":"Polygon","coordinates":[[[-1.43358,7.57346],[-1.43568,7.55859],[-1.46248,7.52464],[-1.47244,7.49656],[-1.49122,7.48421],[-1.52023,7.45003],[-1.51198,7.44117],[-1.5096,7.42913],[-1.50917,7.42214],[-1.51572,7.41001],[-1.51554,7.39089],[-1.52104,7.39157],[-1.52613,7.39898],[-1.5391,7.39571],[-1.5637,7.40531],[-1.5766,7.40283],[-1.60675,7.35973],[-1.61857,7.35089],[-1.62639,7.33792],[-1.64032,7.3367],[-1.64091,7.32511],[-1.65415,7.31354],[-1.65724,7.31993],[-1.67544,7.31975],[-1.67874,7.32477],[-1.69971,7.32133],[-1.7092,7.32433],[-1.71823,7.31648],[-1.72647,7.31709],[-1.72848,7.31177],[-1.73972,7.32065],[-1.76145,7.32198],[-1.77285,7.34645],[-1.77934,7.35094],[-1.80722,7.34848],[-1.82923,7.39362],[-1.83992,7.42505],[-1.836,7.47097],[-1.85642,7.4612],[-1.86339,7.46767],[-1.86347,7.47692],[-1.85163,7.47988],[-1.86703,7.47826],[-1.87147,7.45955],[-1.89795,7.43045],[-1.90834,7.43674],[-1.91599,7.43675],[-1.91736,7.44177],[-1.92707,7.44256],[-1.96446,7.40806],[-1.96743,7.4137],[-1.97556,7.41008],[-2.00107,7.42131],[-2.01846,7.42145],[-2.02303,7.43779],[-2.038,7.45704],[-2.07457,7.45513],[-2.10966,7.4636],[-2.11386,7.495],[-2.11117,7.49802],[-2.11894,7.50244],[-2.12189,7.51498],[-2.13579,7.51904],[-2.13771,7.52576],[-2.10889,7.55321],[-2.11178,7.57218],[-2.08823,7.60987],[-2.08966,7.63079],[-2.0772,7.64382],[-2.06715,7.66132],[-2.05112,7.66585],[-2.04796,7.67578],[-2.04956,7.68243],[-2.05687,7.68645],[-2.06292,7.70304],[-2.07304,7.71351],[-2.06993,7.73174],[-2.07436,7.74415],[-2.07127,7.74825],[-2.08224,7.76502],[-2.07639,7.77858],[-2.02311,7.78034],[-1.9832,7.8029],[-1.97074,7.80587],[-1.94432,7.79923],[-1.92901,7.80929],[-1.92229,7.80632],[-1.90294,7.83113],[-1.9141,7.87733],[-1.97396,7.94817],[-1.98504,7.96618],[-1.99505,7.96739],[-2.01994,7.9554],[-2.0319,7.95661],[-2.04117,7.96437],[-2.04396,7.97351],[-2.026,7.99613],[-2.02534,8.02393],[-2.03694,8.03037],[-2.05749,8.05203],[-2.05503,8.06144],[-2.06487,8.089],[-2.07972,8.09886],[-2.10174,8.13576],[-2.11703,8.13539],[-2.11967,8.13887],[-2.12163,8.14971],[-2.1185,8.15674],[-2.09463,8.15587],[-2.06467,8.14609],[-2.04293,8.1477],[-2.03092,8.15272],[-2.02759,8.14407],[-2.03087,8.15418],[-2.00544,8.15573],[-1.95939,8.17045],[-1.94045,8.18952],[-1.92981,8.21279],[-1.91365,8.22962],[-1.90803,8.24693],[-1.89512,8.26165],[-1.86839,8.25938],[-1.83707,8.25051],[-1.79968,8.22619],[-1.78559,8.22623],[-1.77282,8.23155],[-1.7474,8.26205],[-1.74797,8.27923],[-1.76663,8.30971],[-1.7699,8.32271],[-1.79088,8.3367],[-1.80293,8.33941],[-1.81632,8.33933],[-1.84563,8.3293],[-1.87092,8.33399],[-1.88342,8.34756],[-1.90808,8.39765],[-1.90984,8.43847],[-1.88645,8.46449],[-1.88311,8.48016],[-1.89875,8.54028],[-1.89683,8.55278],[-1.89292,8.55608],[-1.88957,8.58562],[-1.8718,8.6347],[-1.86089,8.649],[-1.84086,8.66119],[-1.81323,8.6615],[-1.78887,8.65237],[-1.75518,8.63007],[-1.73339,8.62636],[-1.69324,8.64381],[-1.68366,8.65645],[-1.68365,8.67355],[-1.67935,8.6839],[-1.65836,8.6954],[-1.64626,8.69291],[-1.62973,8.68101],[-1.61189,8.67701],[-1.55288,8.67555],[-1.5315,8.68099],[-1.51079,8.69174],[-1.49934,8.73838],[-1.48421,8.75997],[-1.47476,8.76527],[-1.4493,8.76565],[-1.40566,8.77395],[-1.35596,8.75906],[-1.30931,8.72175],[-1.28804,8.72026],[-1.2646,8.69159],[-1.22965,8.67465],[-1.20948,8.66795],[-1.19779,8.67002],[-1.18586,8.6782],[-1.14447,8.67735],[-1.14731,8.65573],[-1.14489,8.64611],[-1.15052,8.63327],[-1.14663,8.62544],[-1.14596,8.59129],[-1.14148,8.5765],[-1.1548,8.54246],[-1.16127,8.53563],[-1.17207,8.53532],[-1.17228,8.52856],[-1.16499,8.52316],[-1.16463,8.51198],[-1.17357,8.50758],[-1.17438,8.51687],[-1.17932,8.51784],[-1.18251,8.51059],[-1.19593,8.51151],[-1.19187,8.50215],[-1.19456,8.49405],[-1.21828,8.49122],[-1.22144,8.47739],[-1.22941,8.477],[-1.23181,8.47046],[-1.24475,8.47015],[-1.24536,8.46404],[-1.25854,8.45485],[-1.26301,8.43448],[-1.25369,8.42404],[-1.25626,8.41],[-1.26,8.40742],[-1.25584,8.40292],[-1.25761,8.39204],[-1.25273,8.37924],[-1.26205,8.36828],[-1.25685,8.35925],[-1.25858,8.35254],[-1.27331,8.33477],[-1.27774,8.3234],[-1.27491,8.31137],[-1.28032,8.30885],[-1.27586,8.30427],[-1.27403,8.29018],[-1.29039,8.27787],[-1.27445,8.28963],[-1.26865,8.27685],[-1.26646,8.25729],[-1.23712,8.2237],[-1.22948,8.20483],[-1.15654,8.08861],[-1.16604,8.06033],[-1.15925,8.03436],[-1.16271,8.01496],[-1.15795,7.99927],[-1.13142,7.99524],[-1.12576,7.99769],[-1.12042,7.99315],[-1.11246,7.9953],[-1.107,7.99237],[-1.0904,8.00275],[-1.08144,8.01724],[-1.06666,8.02397],[-1.05414,8.00732],[-1.06576,8.0234],[-1.04585,8.03023],[-1.03467,8.02524],[-1.02984,8.01698],[-1.02018,8.01541],[-1.01622,8.0192],[-1.01943,8.03206],[-1.03463,8.04628],[-1.03368,8.05473],[-1.04813,8.06249],[-1.041,8.07942],[-1.04329,8.09389],[-1.06873,8.1292],[-1.04049,8.16598],[-1.04316,8.20436],[-1.0397,8.24306],[-1.03161,8.24737],[-1.02193,8.26077],[-1.01021,8.2479],[-0.98994,8.24561],[-0.98747,8.23537],[-0.97897,8.22724],[-0.96772,8.23305],[-0.96575,8.24668],[-0.95908,8.25106],[-0.94866,8.24647],[-0.93943,8.25132],[-0.90673,8.25746],[-0.9048,8.2551],[-0.86197,8.27238],[-0.85269,8.31419],[-0.85958,8.32238],[-0.85784,8.32855],[-0.80144,8.33963],[-0.77985,8.33555],[-0.74076,8.33555],[-0.63946,8.26946],[-0.54246,8.18764],[-0.50301,8.18087],[-0.44725,8.15848],[-0.41895,8.15282],[-0.38469,8.15277],[-0.31933,8.13043],[-0.29488,8.11733],[-0.24883,8.07703],[-0.24058,8.0496],[-0.21467,8.03094],[-0.17317,8.02465],[-0.15292,8.03133],[-0.14153,8.01786],[-0.14415,8.00545],[-0.17017,7.96982],[-0.17383,7.95741],[-0.14114,7.95838],[-0.13493,7.94854],[-0.13651,7.93975],[-0.14171,7.93511],[-0.1454,7.90305],[-0.13623,7.82493],[-0.12645,7.78819],[-0.11095,7.76022],[-0.10008,7.75037],[-0.07727,7.74722],[-0.01451,7.75691],[0.00413,7.74238],[0.00251,7.71756],[-0.01519,7.68399],[-0.01429,7.62606],[0.00944,7.57842],[0.04304,7.53903],[0.07711,7.48206],[0.08324,7.44843],[0.09097,7.42927],[0.15045,7.39085],[0.1727,7.38045],[0.17892,7.38095],[0.19857,7.36797],[0.20837,7.35088],[0.21499,7.31],[0.18257,7.19321],[0.18235,7.17965],[0.12325,7.18383],[0.09789,7.17767],[0.08108,7.18166],[0.06741,7.17361],[0.05052,7.17201],[0.02907,7.18541],[0.0213,7.183],[0.01111,7.18621],[0.00441,7.19399],[-0.02749,7.19131],[-0.05269,7.1964],[-0.06154,7.18809],[-0.08486,7.17924],[-0.09773,7.18487],[-0.10712,7.19506],[-0.12749,7.19345],[-0.14864,7.1999],[-0.15762,7.19422],[-0.16461,7.20008],[-0.18003,7.19781],[-0.18119,7.20376],[-0.21553,7.19965],[-0.21726,7.21101],[-0.2208,7.21279],[-0.2387,7.2023],[-0.24369,7.21186],[-0.24248,7.22199],[-0.25664,7.22828],[-0.25452,7.23282],[-0.26166,7.26664],[-0.27237,7.26808],[-0.27495,7.27451],[-0.28811,7.28048],[-0.28884,7.28434],[-0.29767,7.28297],[-0.30223,7.27768],[-0.30811,7.27906],[-0.31098,7.28565],[-0.32558,7.28156],[-0.32503,7.28476],[-0.3316,7.28762],[-0.32985,7.29089],[-0.35421,7.2976],[-0.35485,7.30854],[-0.36198,7.3117],[-0.37947,7.3096],[-0.38189,7.3128],[-0.38502,7.31142],[-0.42211,7.32037],[-0.42697,7.32683],[-0.43125,7.32327],[-0.44854,7.33291],[-0.46066,7.33112],[-0.47349,7.33875],[-0.4777,7.33539],[-0.48377,7.33716],[-0.49271,7.34388],[-0.49706,7.3393],[-0.49918,7.34346],[-0.50535,7.34096],[-0.53395,7.34779],[-0.54093,7.3545],[-0.59867,7.34858],[-0.61901,7.38237],[-0.6248,7.3835],[-0.63904,7.4023],[-0.64169,7.42043],[-0.65417,7.43074],[-0.64782,7.46159],[-0.65196,7.46665],[-0.64786,7.47702],[-0.65003,7.50198],[-0.671,7.52269],[-0.67567,7.52297],[-0.67692,7.52898],[-0.68357,7.52485],[-0.68912,7.54144],[-0.69704,7.53108],[-0.72093,7.51984],[-0.73212,7.52242],[-0.73914,7.52051],[-0.74766,7.50925],[-0.76715,7.5085],[-0.77349,7.50383],[-0.77677,7.50605],[-0.77571,7.512],[-0.7833,7.4983],[-0.80765,7.50255],[-0.80843,7.51096],[-0.82039,7.49949],[-0.82153,7.50845],[-0.82834,7.51221],[-0.84367,7.50971],[-0.84505,7.51834],[-0.86394,7.51465],[-0.86212,7.51825],[-0.86676,7.52066],[-0.87577,7.51444],[-0.88455,7.51308],[-0.88993,7.51653],[-0.89316,7.50424],[-0.90177,7.508],[-0.92521,7.50372],[-0.93306,7.50555],[-0.93585,7.51404],[-0.95318,7.52347],[-0.97211,7.51963],[-0.97604,7.52911],[-0.98349,7.53466],[-1.00229,7.52815],[-1.01483,7.53481],[-1.0408,7.5275],[-1.0453,7.51553],[-1.05259,7.50858],[-1.06844,7.50159],[-1.06713,7.49628],[-1.07241,7.48827],[-1.08378,7.48768],[-1.10359,7.46521],[-1.11278,7.47305],[-1.12032,7.47199],[-1.12601,7.47703],[-1.13299,7.47098],[-1.14064,7.473],[-1.14705,7.46849],[-1.1555,7.46899],[-1.15708,7.47971],[-1.1813,7.4814],[-1.20289,7.49541],[-1.20674,7.49252],[-1.22535,7.49492],[-1.24134,7.48977],[-1.24991,7.49616],[-1.26643,7.52149],[-1.29042,7.53515],[-1.29513,7.54632],[-1.29378,7.55977],[-1.29952,7.57118],[-1.31355,7.58062],[-1.31276,7.6027],[-1.31718,7.61061],[-1.30331,7.62094],[-1.30971,7.61836],[-1.30785,7.62193],[-1.31618,7.62469],[-1.34389,7.61935],[-1.35335,7.60912],[-1.36383,7.60856],[-1.36857,7.6029],[-1.38341,7.60544],[-1.39695,7.6003],[-1.40583,7.58836],[-1.42132,7.57998],[-1.42485,7.5813],[-1.42512,7.57631],[-1.43358,7.57346]]]}},{"type":"Feature","properties":{"display_name":"Central","region":"Central","api_district":null,"level":"region"},"geometry":{"type":"Polygon","coordinates":[[[-1.56739,5.1584],[-1.53834,5.16339],[-1.53302,5.17372],[-1.52506,5.17067],[-1.52276,5.19964],[-1.5099,5.20827],[-1.49052,5.20629],[-1.4812,5.20995],[-1.46178,5.20722],[-1.44632,5.21013],[-1.44741,5.22226],[-1.44409,5.26781],[-1.43551,5.26755],[-1.4277,5.28905],[-1.39979,5.298],[-1.4041,5.30595],[-1.43736,5.33832],[-1.44657,5.33987],[-1.45662,5.34802],[-1.46209,5.38188],[-1.47481,5.37773],[-1.47863,5.38937],[-1.48934,5.39924],[-1.50238,5.40135],[-1.51386,5.39268],[-1.52574,5.40294],[-1.54741,5.40613],[-1.56299,5.41535],[-1.57874,5.41047],[-1.59651,5.41074],[-1.60909,5.42336],[-1.61288,5.42131],[-1.62084,5.42597],[-1.62313,5.42029],[-1.62885,5.42199],[-1.62249,5.4401],[-1.60167,5.45061],[-1.60223,5.45653],[-1.6127,5.46578],[-1.61537,5.51574],[-1.60812,5.5319],[-1.594,5.52988],[-1.59193,5.56331],[-1.59961,5.56671],[-1.60756,5.56353],[-1.62139,5.59931],[-1.64244,5.61667],[-1.65724,5.61846],[-1.67636,5.60808],[-1.67846,5.63472],[-1.6857,5.64227],[-1.71347,5.63639],[-1.71952,5.63019],[-1.73772,5.6236],[-1.75058,5.62689],[-1.83218,5.59244],[-1.81804,5.67466],[-1.80823,5.68095],[-1.79182,5.69555],[-1.78449,5.72974],[-1.79068,5.73224],[-1.81664,5.72483],[-1.81363,5.73667],[-1.80061,5.74463],[-1.80099,5.75095],[-1.81114,5.75945],[-1.85073,5.76758],[-1.84005,5.78181],[-1.8288,5.78648],[-1.82977,5.79197],[-1.83409,5.79402],[-1.83648,5.79072],[-1.84466,5.80496],[-1.8407,5.80455],[-1.83191,5.82081],[-1.8228,5.8538],[-1.81372,5.86782],[-1.81493,5.8892],[-1.8253,5.89917],[-1.83071,5.90014],[-1.83059,5.89605],[-1.83669,5.89543],[-1.8418,5.90168],[-1.85395,5.89544],[-1.85656,5.88765],[-1.86962,5.88386],[-1.88794,5.89734],[-1.88788,5.90869],[-1.89486,5.91721],[-1.90315,5.91741],[-1.91188,5.93271],[-1.90902,5.93718],[-1.92814,5.94257],[-1.9407,5.95818],[-1.93923,5.96966],[-1.94435,5.98348],[-1.95381,5.98431],[-1.96849,6.00108],[-1.98401,6.00999],[-1.9853,6.01647],[-2.0022,6.02505],[-2.01824,6.02768],[-2.02771,6.04257],[-2.05151,6.05001],[-2.04761,6.05922],[-2.05868,6.07153],[-2.12992,6.09288],[-2.14027,6.09119],[-2.14115,6.09974],[-2.15437,6.10632],[-2.16237,6.11981],[-2.17112,6.12365],[-2.18174,6.121],[-2.20593,6.19797],[-2.17555,6.21433],[-2.13139,6.25894],[-2.12659,6.25029],[-2.10661,6.24604],[-2.09994,6.23935],[-2.08134,6.27239],[-2.0772,6.28658],[-2.07958,6.29049],[-2.07425,6.29447],[-2.06575,6.29426],[-2.0452,6.28444],[-2.00952,6.29162],[-2.01359,6.26769],[-2.01923,6.26535],[-2.02336,6.25532],[-2.0215,6.22378],[-2.0317,6.21008],[-2.03845,6.20691],[-2.0404,6.19788],[-2.03056,6.18549],[-2.02785,6.17549],[-2.0226,6.17324],[-2.02402,6.15493],[-2.01941,6.15237],[-2.0259,6.14092],[-2.02338,6.14224],[-2.02327,6.13231],[-2.01467,6.12554],[-2.01433,6.11325],[-2.00688,6.11094],[-2.00716,6.11748],[-1.99743,6.11614],[-1.99043,6.1248],[-1.98129,6.11921],[-1.9782,6.11275],[-1.98639,6.11431],[-1.9878,6.10284],[-1.97545,6.09179],[-1.97773,6.08519],[-1.96996,6.06894],[-1.97592,6.06753],[-1.9685,6.05297],[-1.96558,6.05074],[-1.9656,6.0573],[-1.96073,6.05849],[-1.9525,6.04907],[-1.95359,6.05582],[-1.94986,6.05704],[-1.94715,6.04861],[-1.93434,6.03683],[-1.9248,6.03527],[-1.9257,6.02713],[-1.91438,6.01173],[-1.89203,6.015],[-1.88982,6.02859],[-1.88242,6.03377],[-1.87242,6.02259],[-1.87028,6.0118],[-1.86451,6.00984],[-1.86123,6.0166],[-1.85137,6.01409],[-1.85254,6.01953],[-1.8435,6.03319],[-1.82888,6.03432],[-1.82171,6.03924],[-1.82359,6.02988],[-1.8077,6.03217],[-1.8019,6.02634],[-1.81309,6.01134],[-1.80288,5.99275],[-1.79786,5.99973],[-1.7925,5.99024],[-1.77435,5.97972],[-1.77766,5.97171],[-1.77043,5.96091],[-1.76406,5.96972],[-1.74868,5.95991],[-1.74961,5.96893],[-1.74201,5.96603],[-1.73916,5.9705],[-1.73341,5.968],[-1.72483,5.95288],[-1.71324,5.95719],[-1.70965,5.9549],[-1.71396,5.93858],[-1.70724,5.92926],[-1.7038,5.92769],[-1.6927,5.94336],[-1.69013,5.94103],[-1.69341,5.93364],[-1.67323,5.92245],[-1.67603,5.92009],[-1.67246,5.91532],[-1.66817,5.92095],[-1.66413,5.91828],[-1.66189,5.92414],[-1.64744,5.92443],[-1.64562,5.93081],[-1.63895,5.93367],[-1.63518,5.92789],[-1.62421,5.92686],[-1.61966,5.93204],[-1.61955,5.9264],[-1.61303,5.92866],[-1.60893,5.92499],[-1.60068,5.92933],[-1.5957,5.92395],[-1.58993,5.9277],[-1.58996,5.93495],[-1.58196,5.92744],[-1.58422,5.92251],[-1.58105,5.91763],[-1.57194,5.92554],[-1.57188,5.93308],[-1.56726,5.93097],[-1.56778,5.92579],[-1.5607,5.92647],[-1.55965,5.92371],[-1.55562,5.92884],[-1.54665,5.92676],[-1.53964,5.93109],[-1.54688,5.93572],[-1.54601,5.93912],[-1.53103,5.93924],[-1.52679,5.93478],[-1.53072,5.93117],[-1.53084,5.92314],[-1.52562,5.92149],[-1.52469,5.92794],[-1.52113,5.92872],[-1.51635,5.91397],[-1.4999,5.90375],[-1.50545,5.89507],[-1.49795,5.89082],[-1.50641,5.88709],[-1.50847,5.89096],[-1.51657,5.89001],[-1.52175,5.87513],[-1.51657,5.87256],[-1.50067,5.87698],[-1.50102,5.86816],[-1.49533,5.86826],[-1.48996,5.86253],[-1.48653,5.86473],[-1.48854,5.86879],[-1.48284,5.86702],[-1.47587,5.85506],[-1.46916,5.86191],[-1.46172,5.86224],[-1.45915,5.88659],[-1.46531,5.89396],[-1.46651,5.9046],[-1.46194,5.90435],[-1.46238,5.89712],[-1.45552,5.89363],[-1.45068,5.90633],[-1.43707,5.90134],[-1.42871,5.90982],[-1.42085,5.90372],[-1.41609,5.91525],[-1.41873,5.92143],[-1.37989,5.91644],[-1.37437,5.92247],[-1.37701,5.93454],[-1.34866,5.93195],[-1.34676,5.91915],[-1.33589,5.92685],[-1.3442,5.91418],[-1.34251,5.91084],[-1.33534,5.91679],[-1.32302,5.91416],[-1.31781,5.91804],[-1.31766,5.92396],[-1.30784,5.92608],[-1.31219,5.90708],[-1.30396,5.90047],[-1.30842,5.89003],[-1.29804,5.88565],[-1.27517,5.90292],[-1.26997,5.89417],[-1.26243,5.89083],[-1.25829,5.90362],[-1.26265,5.90546],[-1.26088,5.91536],[-1.25589,5.9165],[-1.25553,5.91051],[-1.24996,5.91472],[-1.24405,5.91368],[-1.24353,5.93056],[-1.23449,5.93438],[-1.21957,5.93367],[-1.19991,5.91729],[-1.19331,5.91777],[-1.18591,5.91133],[-1.16925,5.91017],[-1.16236,5.88947],[-1.16901,5.86563],[-1.16118,5.86091],[-1.15956,5.85172],[-1.16866,5.84576],[-1.16918,5.8397],[-1.15756,5.81262],[-1.16599,5.80094],[-1.16797,5.78525],[-1.16245,5.76827],[-1.16649,5.7545],[-1.16137,5.72104],[-1.15103,5.72503],[-1.14225,5.71279],[-1.14389,5.70414],[-1.13568,5.70446],[-1.13439,5.72131],[-1.12097,5.72053],[-1.09982,5.70082],[-1.09433,5.71437],[-1.09725,5.72655],[-1.09113,5.74258],[-1.07718,5.74913],[-1.04456,5.75238],[-1.03475,5.73742],[-1.00508,5.74166],[-0.9976,5.74645],[-0.99478,5.73921],[-0.9907,5.74832],[-0.97079,5.75352],[-0.95333,5.73837],[-0.87999,5.74178],[-0.87876,5.7493],[-0.8753,5.74547],[-0.87949,5.75023],[-0.87924,5.75831],[-0.84398,5.75643],[-0.83003,5.74578],[-0.8123,5.74435],[-0.81401,5.73024],[-0.78933,5.72625],[-0.78376,5.70611],[-0.77854,5.71364],[-0.75865,5.70986],[-0.73804,5.71083],[-0.73189,5.71441],[-0.71199,5.71145],[-0.69857,5.7141],[-0.69514,5.71527],[-0.69677,5.72622],[-0.69061,5.73683],[-0.68578,5.73953],[-0.64299,5.73498],[-0.63015,5.7219],[-0.62189,5.72133],[-0.61951,5.71774],[-0.62295,5.72294],[-0.61014,5.72359],[-0.58101,5.73686],[-0.57148,5.73513],[-0.56815,5.74032],[-0.55971,5.73595],[-0.55024,5.73887],[-0.52472,5.73387],[-0.51834,5.73775],[-0.51033,5.73618],[-0.50828,5.71365],[-0.5201,5.70499],[-0.51846,5.6864],[-0.50919,5.68309],[-0.49973,5.66823],[-0.49367,5.65429],[-0.49713,5.64663],[-0.48264,5.64766],[-0.45832,5.63704],[-0.43131,5.62136],[-0.42539,5.61118],[-0.42596,5.60433],[-0.44417,5.60443],[-0.42566,5.60427],[-0.39991,5.56565],[-0.41083,5.55534],[-0.416,5.53765],[-0.41429,5.5307],[-0.40514,5.51519],[-0.40441,5.4917],[-0.40041,5.48603],[-0.40667,5.47807],[-0.40641,5.46539],[-0.42058,5.45201],[-0.46444,5.43008],[-0.46705,5.42504],[-0.46285,5.41848],[-0.47383,5.40661],[-0.48217,5.40117],[-0.48869,5.38533],[-0.49901,5.37784],[-0.54451,5.36646],[-0.55731,5.36695],[-0.5531,5.36492],[-0.62316,5.33151],[-0.63989,5.32777],[-0.64044,5.32986],[-0.72451,5.29997],[-0.73103,5.29216],[-0.72692,5.28518],[-0.74973,5.27112],[-0.7567,5.26393],[-0.75615,5.258],[-0.77781,5.24622],[-0.78258,5.23659],[-0.79036,5.23198],[-0.78968,5.22649],[-0.79811,5.22311],[-0.81693,5.21299],[-1.01538,5.20132],[-1.09099,5.19422],[-1.11965,5.17299],[-1.14852,5.16421],[-1.16635,5.14532],[-1.1937,5.13784],[-1.19843,5.13291],[-1.20484,5.12055],[-1.2118,5.11784],[-1.24643,5.10058],[-1.32174,5.09679],[-1.31693,5.10059],[-1.34587,5.0897],[-1.34767,5.08169],[-1.42197,5.06761],[-1.44247,5.05867],[-1.47433,5.05535],[-1.50446,5.04294],[-1.58022,5.03314],[-1.58145,5.15493],[-1.57034,5.15838],[-1.56842,5.16251],[-1.56739,5.1584]]]}},{"type":"Feature","properties":{"display_name":"Eastern","region":"Eastern","api_district":null,"level":"region"},"geometry":{"type":"Polygon","coordinates":[[[-0.97156,5.75418],[-0.9907,5.74832],[-0.99478,5.73921],[-0.9976,5.74645],[-1.00508,5.74166],[-1.03475,5.73742],[-1.04456,5.75238],[-1.07718,5.74913],[-1.09113,5.74258],[-1.09725,5.72655],[-1.09433,5.71437],[-1.09982,5.70082],[-1.12097,5.72053],[-1.13439,5.72131],[-1.13568,5.70446],[-1.14389,5.70414],[-1.14225,5.71279],[-1.15103,5.72503],[-1.16311,5.72113],[-1.16649,5.7545],[-1.16245,5.76827],[-1.16797,5.78525],[-1.16599,5.80094],[-1.15756,5.81233],[-1.16078,5.82395],[-1.16512,5.82664],[-1.16918,5.8397],[-1.16866,5.84576],[-1.15956,5.85172],[-1.16118,5.86091],[-1.16901,5.86563],[-1.16236,5.88922],[-1.16892,5.90973],[-1.17758,5.90853],[-1.19331,5.91777],[-1.19844,5.91661],[-1.22465,5.93547],[-1.21884,5.94236],[-1.2247,5.94586],[-1.22082,5.95563],[-1.22439,5.95767],[-1.21869,5.96357],[-1.22183,5.9739],[-1.22948,5.98286],[-1.23725,5.97931],[-1.24684,5.99093],[-1.24113,5.99671],[-1.24206,6.01],[-1.23038,6.01341],[-1.2274,6.01868],[-1.23332,6.02824],[-1.22906,6.03369],[-1.23124,6.03873],[-1.20825,6.05269],[-1.21461,6.06779],[-1.20642,6.07159],[-1.2067,6.07743],[-1.19833,6.08253],[-1.2048,6.09096],[-1.20257,6.09375],[-1.19024,6.09209],[-1.18717,6.0975],[-1.1919,6.10219],[-1.19013,6.10973],[-1.1938,6.11323],[-1.20144,6.10973],[-1.20709,6.11291],[-1.1925,6.12312],[-1.19844,6.12549],[-1.20138,6.13362],[-1.19312,6.13528],[-1.19048,6.14393],[-1.18325,6.14359],[-1.18348,6.14943],[-1.17958,6.14794],[-1.18136,6.15682],[-1.17844,6.15747],[-1.18606,6.16765],[-1.18537,6.17034],[-1.18107,6.16673],[-1.18267,6.17263],[-1.17883,6.17252],[-1.17895,6.17994],[-1.18872,6.1841],[-1.19016,6.1926],[-1.18682,6.19369],[-1.19322,6.19601],[-1.19222,6.19922],[-1.18272,6.20552],[-1.17973,6.20083],[-1.16424,6.20645],[-1.16114,6.20084],[-1.15515,6.20435],[-1.15379,6.19849],[-1.15069,6.20156],[-1.1465,6.19838],[-1.13111,6.19982],[-1.12629,6.20779],[-1.12026,6.2094],[-1.12236,6.22654],[-1.11788,6.22763],[-1.12186,6.22797],[-1.12548,6.23272],[-1.1214,6.23708],[-1.12536,6.24393],[-1.12355,6.2539],[-1.11632,6.26871],[-1.12799,6.27126],[-1.13145,6.28027],[-1.12691,6.28621],[-1.13865,6.29496],[-1.13711,6.29944],[-1.12777,6.30196],[-1.13232,6.31459],[-1.12553,6.31982],[-1.1122,6.32059],[-1.11993,6.32714],[-1.11052,6.34325],[-1.11425,6.35281],[-1.10507,6.35767],[-1.10276,6.36441],[-1.06832,6.38333],[-1.06894,6.38803],[-1.05614,6.39727],[-1.04185,6.40047],[-1.03812,6.40364],[-1.04104,6.40782],[-1.03562,6.41302],[-1.03115,6.40837],[-1.02361,6.40829],[-1.01982,6.40891],[-1.0198,6.41344],[-1.0103,6.41496],[-1.01639,6.42053],[-1.01292,6.42596],[-1.018,6.43607],[-1.00573,6.44278],[-1.00869,6.44872],[-1.00502,6.45302],[-1.00854,6.45432],[-1.01225,6.4683],[-1.00593,6.47169],[-1.00473,6.4903],[-1.00061,6.50008],[-0.99316,6.50396],[-0.98922,6.51616],[-0.98145,6.52092],[-0.97735,6.51864],[-0.97201,6.52649],[-0.97262,6.53497],[-0.96618,6.53996],[-0.95654,6.55938],[-0.95035,6.56554],[-0.944,6.56444],[-0.94175,6.57063],[-0.93388,6.57494],[-0.93329,6.5821],[-0.92645,6.58791],[-0.91904,6.58784],[-0.91145,6.59891],[-0.90861,6.59916],[-0.91559,6.60077],[-0.91007,6.61037],[-0.91868,6.62228],[-0.9236,6.64085],[-0.93503,6.63616],[-0.9381,6.64108],[-0.94546,6.63906],[-0.94509,6.62702],[-0.96974,6.61255],[-0.97609,6.61406],[-0.97751,6.63854],[-0.97249,6.6445],[-0.97715,6.65506],[-0.97389,6.68108],[-0.96061,6.69139],[-0.95039,6.70743],[-0.9469,6.72483],[-0.95021,6.7352],[-0.95655,6.73962],[-0.96456,6.7414],[-0.9742,6.73739],[-0.98595,6.74324],[-0.98264,6.74842],[-0.97295,6.75049],[-0.96091,6.74617],[-0.95648,6.75392],[-0.9325,6.75625],[-0.9152,6.76811],[-0.91489,6.7768],[-0.90825,6.7771],[-0.90122,6.78832],[-0.88272,6.77843],[-0.86538,6.78242],[-0.85275,6.77792],[-0.84344,6.77977],[-0.83367,6.7934],[-0.82336,6.78993],[-0.79278,6.78983],[-0.78692,6.79384],[-0.78734,6.79894],[-0.76701,6.83585],[-0.75722,6.84484],[-0.75645,6.86573],[-0.75296,6.867],[-0.75543,6.86693],[-0.75716,6.92535],[-0.75324,6.93807],[-0.74195,6.94888],[-0.72277,6.9523],[-0.69341,6.93942],[-0.65228,6.92948],[-0.65868,6.94178],[-0.65755,6.94719],[-0.63697,6.95301],[-0.60084,6.94815],[-0.5853,6.95087],[-0.57412,6.96326],[-0.57422,6.97861],[-0.56656,6.99794],[-0.56472,7.01869],[-0.57986,7.03775],[-0.59101,7.04448],[-0.63539,7.17389],[-0.61932,7.16666],[-0.60955,7.1536],[-0.58283,7.15055],[-0.56123,7.13746],[-0.54183,7.13898],[-0.49467,7.12479],[-0.46139,7.12835],[-0.44163,7.12218],[-0.42632,7.12525],[-0.4203,7.11953],[-0.3878,7.11788],[-0.32176,7.14409],[-0.30026,7.17203],[-0.3064,7.17821],[-0.28809,7.18413],[-0.28716,7.19469],[-0.27909,7.19024],[-0.26737,7.19368],[-0.26015,7.18951],[-0.25748,7.19521],[-0.25053,7.19231],[-0.24849,7.19738],[-0.2208,7.21279],[-0.21553,7.19965],[-0.18119,7.20376],[-0.18003,7.19781],[-0.16461,7.20008],[-0.15947,7.19611],[-0.16044,7.19475],[-0.14864,7.1999],[-0.14235,7.19537],[-0.10712,7.19506],[-0.09773,7.18487],[-0.08486,7.17924],[-0.06154,7.18809],[-0.05269,7.1964],[-0.02749,7.19131],[0.00441,7.19399],[0.01111,7.18621],[0.0213,7.183],[0.02907,7.18541],[0.05052,7.17201],[0.06741,7.17361],[0.08108,7.18166],[0.09789,7.17767],[0.12325,7.18383],[0.18235,7.17969],[0.23524,7.16706],[0.24251,7.14858],[0.24264,7.12704],[0.22449,7.09935],[0.20288,7.08056],[0.19669,7.0675],[0.19971,7.05159],[0.22135,7.00788],[0.22743,6.97397],[0.20618,6.94249],[0.14782,6.92149],[0.13548,6.90998],[0.12293,6.88943],[0.1198,6.8704],[0.12416,6.84332],[0.13316,6.82908],[0.14487,6.81847],[0.15852,6.81613],[0.19251,6.78932],[0.20018,6.77873],[0.2082,6.75756],[0.20366,6.70329],[0.19903,6.69696],[0.1692,6.68972],[0.12318,6.66598],[0.11037,6.61659],[0.10457,6.56804],[0.12865,6.57554],[0.15181,6.57783],[0.16323,6.57002],[0.18804,6.56818],[0.19455,6.56395],[0.19981,6.54892],[0.17779,6.51145],[0.18209,6.49525],[0.17891,6.48665],[0.18721,6.48256],[0.18919,6.47537],[0.18375,6.46602],[0.18624,6.44029],[0.17799,6.42421],[0.20622,6.40534],[0.2165,6.38443],[0.20496,6.37141],[0.19999,6.37074],[0.20413,6.35654],[0.18828,6.3457],[0.18703,6.33886],[0.17891,6.34066],[0.17809,6.33393],[0.17272,6.332],[0.17419,6.32791],[0.16933,6.32753],[0.16821,6.31347],[0.1763,6.3074],[0.17572,6.30275],[0.15948,6.30022],[0.1361,6.25984],[0.12775,6.25522],[0.11886,6.21895],[0.10451,6.18375],[0.09602,6.17709],[0.09109,6.1604],[0.0979,6.14784],[0.10512,6.14016],[0.1189,6.13726],[0.12233,6.12754],[0.1399,6.11092],[0.14679,6.10913],[0.14364,6.10088],[0.12627,6.09526],[0.14362,6.10078],[0.1045,6.07775],[0.08916,6.06267],[0.06255,6.05974],[0.04036,6.0479],[0.019,6.06187],[0.01818,6.03887],[0.00837,6.02427],[0.00577,6.01205],[-0.00081,6.00771],[-0.01555,6.01444],[-0.00961,6.01038],[-0.01262,5.99592],[-0.00464,5.98564],[-0.00439,5.97634],[-0.01642,5.96192],[-0.06093,5.93293],[-0.08371,5.90696],[-0.12288,5.87967],[-0.12685,5.87542],[-0.12965,5.85318],[-0.13767,5.85117],[-0.15946,5.86566],[-0.14393,5.85492],[-0.1647,5.83937],[-0.15089,5.83829],[-0.14927,5.83041],[-0.15503,5.81468],[-0.17232,5.81396],[-0.17231,5.80504],[-0.18057,5.79436],[-0.20254,5.7819],[-0.20485,5.76864],[-0.20194,5.76315],[-0.20725,5.75458],[-0.22045,5.74839],[-0.22506,5.74007],[-0.22661,5.75194],[-0.24369,5.7577],[-0.23341,5.78434],[-0.24469,5.78517],[-0.25651,5.77786],[-0.2655,5.80763],[-0.26926,5.80469],[-0.26915,5.80871],[-0.26986,5.80725],[-0.27465,5.808],[-0.31064,5.78934],[-0.31556,5.78025],[-0.322,5.77955],[-0.32742,5.77249],[-0.33146,5.77886],[-0.34235,5.77763],[-0.3523,5.76626],[-0.36638,5.76236],[-0.38474,5.77632],[-0.3921,5.75818],[-0.41561,5.7757],[-0.4157,5.7876],[-0.42377,5.79081],[-0.42461,5.79347],[-0.42826,5.79276],[-0.43743,5.80081],[-0.44791,5.78988],[-0.44394,5.77744],[-0.4485,5.778],[-0.4596,5.76807],[-0.49051,5.7542],[-0.49218,5.74678],[-0.5088,5.73558],[-0.51834,5.73775],[-0.52472,5.73387],[-0.55024,5.73887],[-0.55971,5.73595],[-0.56815,5.74032],[-0.57148,5.73513],[-0.58101,5.73686],[-0.62331,5.72097],[-0.63015,5.7219],[-0.6425,5.73481],[-0.65203,5.73726],[-0.68578,5.73953],[-0.69416,5.7323],[-0.70099,5.73208],[-0.70078,5.73156],[-0.69269,5.73034],[-0.69677,5.72622],[-0.69514,5.71527],[-0.71199,5.71145],[-0.73189,5.71441],[-0.76487,5.70879],[-0.77854,5.71364],[-0.78376,5.70611],[-0.78933,5.72625],[-0.81401,5.73024],[-0.8123,5.74435],[-0.83003,5.74578],[-0.84398,5.75643],[-0.8802,5.75855],[-0.88072,5.76447],[-0.88102,5.7644],[-0.87999,5.74178],[-0.95333,5.73837],[-0.97156,5.75418]]]}},{"type":"Feature","properties":{"display_name":"Greater Accra","region":"Greater Accra","api_district":null,"level":"region"},"geometry":{"type":"Polygon","coordinates":[[[-0.21943,5.53077],[-0.2723,5.51887],[-0.3584,5.49764],[-0.40539,5.47045],[-0.40667,5.47807],[-0.40041,5.48603],[-0.40441,5.4917],[-0.4036,5.50895],[-0.416,5.53765],[-0.41083,5.55534],[-0.39991,5.56565],[-0.42612,5.60316],[-0.42179,5.60556],[-0.42596,5.60433],[-0.42798,5.61843],[-0.44648,5.63091],[-0.48264,5.64766],[-0.49713,5.64663],[-0.49367,5.65429],[-0.49973,5.66823],[-0.50919,5.68309],[-0.51846,5.6864],[-0.5201,5.70499],[-0.50828,5.71365],[-0.51132,5.73421],[-0.4954,5.74729],[-0.48298,5.74957],[-0.49255,5.74843],[-0.49051,5.7542],[-0.4596,5.76807],[-0.4485,5.778],[-0.44394,5.77744],[-0.44791,5.78988],[-0.43743,5.80081],[-0.4157,5.7876],[-0.4141,5.7733],[-0.3921,5.75818],[-0.38474,5.77632],[-0.36688,5.76243],[-0.3523,5.76626],[-0.34817,5.77421],[-0.34046,5.76882],[-0.34657,5.77407],[-0.33146,5.77886],[-0.32742,5.77249],[-0.30344,5.79371],[-0.27465,5.808],[-0.26928,5.80474],[-0.2655,5.80763],[-0.25651,5.77786],[-0.24469,5.78517],[-0.23341,5.78434],[-0.24369,5.7577],[-0.22977,5.75316],[-0.22661,5.75194],[-0.22506,5.74007],[-0.22045,5.74839],[-0.20725,5.75458],[-0.20194,5.76315],[-0.20485,5.76864],[-0.20254,5.7819],[-0.18576,5.79131],[-0.17231,5.80504],[-0.17232,5.81396],[-0.15503,5.81468],[-0.14927,5.83041],[-0.15089,5.83829],[-0.1647,5.83937],[-0.14393,5.85492],[-0.13767,5.85117],[-0.12988,5.85288],[-0.12685,5.87542],[-0.12184,5.87992],[-0.12216,5.88017],[-0.08371,5.90696],[-0.06093,5.93293],[-0.0063,5.97117],[-0.00464,5.98564],[-0.0148,5.99716],[-0.01373,6.00134],[-0.00961,6.01038],[-0.00081,6.00771],[0.00577,6.01205],[0.00837,6.02427],[0.01818,6.03887],[0.019,6.06187],[0.04036,6.0479],[0.06255,6.05974],[0.08978,6.06287],[0.1045,6.07775],[0.14193,6.09937],[0.14679,6.10913],[0.19093,6.0968],[0.23336,6.11006],[0.2663,6.09561],[0.28145,6.08384],[0.29547,6.05729],[0.33785,6.04719],[0.33177,6.03391],[0.34866,6.02216],[0.33983,6.01915],[0.32972,5.99664],[0.34086,5.98915],[0.35334,5.9866],[0.34537,5.95434],[0.36642,5.9604],[0.39459,5.96076],[0.43431,5.97398],[0.44111,5.9827],[0.44105,5.99499],[0.45007,6.00158],[0.46743,5.99831],[0.48071,5.99063],[0.48371,5.99248],[0.48475,5.97548],[0.49198,5.97965],[0.49084,5.99552],[0.51502,5.98288],[0.52537,5.97883],[0.52404,5.95489],[0.54172,5.9497],[0.54737,5.93503],[0.55041,5.93508],[0.54854,5.93169],[0.55177,5.92901],[0.54794,5.92494],[0.551,5.92029],[0.56103,5.9401],[0.57157,5.93272],[0.57065,5.92985],[0.57606,5.93284],[0.58166,5.92774],[0.58876,5.91867],[0.57457,5.89985],[0.59972,5.89057],[0.60679,5.87687],[0.61907,5.87576],[0.61243,5.87284],[0.61499,5.86458],[0.63152,5.86679],[0.61974,5.85396],[0.62029,5.83426],[0.64289,5.84097],[0.65458,5.82725],[0.65187,5.80522],[0.6777,5.79517],[0.68797,5.77777],[0.68571,5.77437],[0.67613,5.77734],[0.68016,5.77078],[0.67007,5.76852],[0.45828,5.7888],[0.35109,5.78497],[0.31386,5.78075],[0.25277,5.76632],[0.21916,5.74637],[0.18483,5.74339],[0.14106,5.72377],[0.12447,5.70689],[0.06728,5.69309],[0.04516,5.67512],[0.04349,5.66345],[0.03253,5.65643],[0.03149,5.65815],[0.03235,5.65475],[0.02722,5.64532],[0.01723,5.64232],[0.00415,5.62441],[-0.04528,5.6109],[-0.05263,5.60786],[-0.06416,5.61067],[-0.05507,5.60825],[-0.07357,5.59004],[-0.09723,5.58156],[-0.10225,5.57494],[-0.13387,5.56331],[-0.17409,5.54981],[-0.19556,5.54383],[-0.20557,5.54053],[-0.20761,5.53318],[-0.21943,5.53077]]]}},{"type":"Feature","properties":{"display_name":"North East","region":"North East","api_district":null,"level":"region"},"geometry":{"type":"Polygon","coordinates":[[[0.06295,9.99397],[0.06371,9.99965],[0.06903,10.00191],[0.08271,9.99819],[0.10949,10.00506],[0.11955,10.01698],[0.12443,10.03884],[0.12254,10.04547],[0.11889,10.0455],[0.11822,10.06165],[0.11327,10.07049],[0.11831,10.08259],[0.11236,10.09497],[0.11233,10.10826],[0.10589,10.11867],[0.11132,10.13101],[0.09825,10.13761],[0.09126,10.15208],[0.08743,10.15103],[0.07938,10.15837],[0.07316,10.17163],[0.06424,10.17208],[0.06091,10.18012],[0.06604,10.20091],[0.07713,10.20525],[0.08532,10.21415],[0.07634,10.22831],[0.09101,10.24348],[0.09,10.24982],[0.0821,10.25602],[0.07742,10.28837],[0.07373,10.29511],[0.05807,10.29392],[0.05643,10.30724],[0.05624,10.30722],[0.04785,10.33851],[0.06459,10.36103],[0.0484,10.33984],[0.04897,10.34269],[0.03248,10.33589],[0.02916,10.33874],[0.02434,10.33232],[-0.00675,10.33053],[-0.019,10.32859],[-0.02777,10.31623],[-0.0301,10.28917],[-0.0248,10.27122],[-0.07258,10.29517],[-0.08822,10.29503],[-0.08654,10.28971],[-0.09356,10.26949],[-0.11835,10.28804],[-0.14933,10.29523],[-0.16614,10.28105],[-0.19533,10.27666],[-0.203,10.26581],[-0.2383,10.28785],[-0.25572,10.28533],[-0.26105,10.27813],[-0.26943,10.27623],[-0.29554,10.29139],[-0.30986,10.29098],[-0.35278,10.27507],[-0.35948,10.2617],[-0.3859,10.29793],[-0.45535,10.30167],[-0.48396,10.32746],[-0.48877,10.32265],[-0.49429,10.326],[-0.50445,10.31793],[-0.50572,10.30785],[-0.50648,10.3088],[-0.50359,10.30331],[-0.50562,10.2924],[-0.49697,10.28129],[-0.50031,10.27598],[-0.49782,10.27106],[-0.50527,10.27044],[-0.50127,10.25899],[-0.51073,10.25268],[-0.499,10.23742],[-0.50289,10.24064],[-0.50962,10.23667],[-0.51226,10.24297],[-0.51518,10.24172],[-0.51399,10.24824],[-0.51936,10.24595],[-0.52194,10.23398],[-0.53248,10.25385],[-0.5343,10.26712],[-0.54113,10.26145],[-0.54667,10.24795],[-0.54689,10.23557],[-0.54157,10.23263],[-0.5411,10.22572],[-0.5476,10.2105],[-0.58076,10.17667],[-0.58997,10.17338],[-0.59911,10.16021],[-0.62562,10.1655],[-0.62452,10.17293],[-0.63199,10.17595],[-0.63367,10.18384],[-0.64351,10.19014],[-0.65275,10.18066],[-0.65204,10.19168],[-0.65786,10.19196],[-0.66733,10.17952],[-0.6814,10.18088],[-0.68289,10.18974],[-0.68995,10.18218],[-0.69397,10.18854],[-0.69938,10.17981],[-0.71034,10.17736],[-0.71106,10.18442],[-0.71824,10.17892],[-0.71234,10.17493],[-0.71535,10.17139],[-0.71161,10.16293],[-0.73255,10.17066],[-0.73718,10.16724],[-0.73167,10.16217],[-0.73342,10.15992],[-0.74463,10.16729],[-0.75008,10.15932],[-0.76399,10.16513],[-0.77477,10.15365],[-0.78026,10.1562],[-0.78338,10.14186],[-0.78693,10.15182],[-0.7941,10.14554],[-0.7998,10.15628],[-0.80404,10.15524],[-0.81783,10.12535],[-0.82191,10.12489],[-0.82125,10.11819],[-0.83703,10.12181],[-0.83718,10.13201],[-0.85437,10.12814],[-0.8559,10.12441],[-0.84905,10.11486],[-0.85652,10.11174],[-0.85792,10.10385],[-0.86847,10.0957],[-0.85795,10.08544],[-0.86968,10.07612],[-0.86468,10.05574],[-0.88181,10.05966],[-0.88141,10.04861],[-0.8881,10.05218],[-0.89037,10.04928],[-0.88608,10.03543],[-0.89497,10.03387],[-0.89542,10.01948],[-0.90494,10.02507],[-0.91011,10.02354],[-0.91211,10.01242],[-0.90608,10.01288],[-0.9125,10.00947],[-0.91945,10.01309],[-0.92154,10.00023],[-0.93155,10.01057],[-0.93778,10.01151],[-0.94297,9.99799],[-0.94033,9.98997],[-0.95339,9.99294],[-0.96229,9.99059],[-0.97264,9.96474],[-0.97039,9.95634],[-0.98262,9.96308],[-0.98524,9.95226],[-0.98095,9.94444],[-0.99212,9.94347],[-0.99083,9.95191],[-1.00236,9.96725],[-0.99769,9.97663],[-0.98754,9.98394],[-0.99152,9.99184],[-0.98805,10.00151],[-1.00231,10.01042],[-1.00266,10.01847],[-1.01268,10.02809],[-1.01488,10.04157],[-1.02667,10.06285],[-1.02406,10.07453],[-1.01085,10.07829],[-1.01205,10.09287],[-1.02106,10.10067],[-1.03186,10.09794],[-1.07006,10.10586],[-1.06108,10.11254],[-1.06214,10.12109],[-1.0866,10.12147],[-1.09323,10.13055],[-1.09336,10.13855],[-1.08625,10.15229],[-1.07949,10.15671],[-1.06358,10.15528],[-1.05826,10.15795],[-1.07222,10.17339],[-1.09445,10.18453],[-1.11071,10.18709],[-1.12346,10.15073],[-1.13125,10.14121],[-1.1221,10.13021],[-1.12618,10.11536],[-1.13066,10.11265],[-1.13986,10.1193],[-1.21023,10.08843],[-1.24141,10.03546],[-1.23608,10.03138],[-1.23763,10.02641],[-1.2562,10.03551],[-1.26493,10.0315],[-1.2763,10.03163],[-1.27951,10.03798],[-1.28767,10.03548],[-1.30628,10.05444],[-1.31015,10.06604],[-1.32253,10.06593],[-1.35503,10.07972],[-1.36832,10.08904],[-1.36963,10.09459],[-1.38317,10.0901],[-1.40595,10.09408],[-1.4119,10.08908],[-1.43675,10.1034],[-1.4674,10.10364],[-1.50531,10.08329],[-1.5174,10.0866],[-1.53273,10.07373],[-1.54633,10.07053],[-1.55132,10.0928],[-1.55737,10.09779],[-1.55862,10.09139],[-1.57936,10.08942],[-1.582,10.08111],[-1.58768,10.07786],[-1.58578,10.08205],[-1.58996,10.08867],[-1.58645,10.1005],[-1.59525,10.1067],[-1.59241,10.1152],[-1.60051,10.13273],[-1.62155,10.13321],[-1.6359,10.15469],[-1.65984,10.1657],[-1.66343,10.18637],[-1.6522,10.19783],[-1.64785,10.21531],[-1.57689,10.34673],[-1.51783,10.40582],[-1.47487,10.43325],[-1.46863,10.44282],[-1.44815,10.45512],[-1.44537,10.46163],[-1.43401,10.46772],[-1.42939,10.46366],[-1.41811,10.46601],[-1.41153,10.47735],[-1.40094,10.48426],[-1.37398,10.46287],[-1.37419,10.45821],[-1.38031,10.45653],[-1.36245,10.43541],[-1.36488,10.42918],[-1.37276,10.42743],[-1.36386,10.42224],[-1.36667,10.41389],[-1.37363,10.40575],[-1.38486,10.40533],[-1.38135,10.39038],[-1.37325,10.38178],[-1.3504,10.3731],[-1.34328,10.35248],[-1.34818,10.34725],[-1.34164,10.34337],[-1.33631,10.34778],[-1.32491,10.34011],[-1.32636,10.33206],[-1.29774,10.32447],[-1.28909,10.32624],[-1.28522,10.32205],[-1.27314,10.32122],[-1.27279,10.32686],[-1.26896,10.32549],[-1.27176,10.31452],[-1.25618,10.30328],[-1.25635,10.28547],[-1.25362,10.27782],[-1.24863,10.27837],[-1.24769,10.27471],[-1.24333,10.27644],[-1.2471,10.28126],[-1.24151,10.27821],[-1.23897,10.28667],[-1.22824,10.2869],[-1.23194,10.29263],[-1.22291,10.29518],[-1.22411,10.30255],[-1.2176,10.30833],[-1.21108,10.32406],[-1.21402,10.34428],[-1.23211,10.36702],[-1.23203,10.38699],[-1.22701,10.39165],[-1.16559,10.41256],[-1.13332,10.45816],[-1.09755,10.48322],[-1.07175,10.49043],[-1.06602,10.49726],[-1.05379,10.49945],[-1.04163,10.52041],[-1.02046,10.53353],[-1.00836,10.538],[-0.97943,10.53224],[-0.96536,10.53685],[-0.95917,10.5288],[-0.94818,10.53377],[-0.93152,10.52477],[-0.91581,10.52846],[-0.91013,10.52497],[-0.90895,10.51887],[-0.91769,10.50441],[-0.93484,10.48642],[-0.93321,10.48096],[-0.92677,10.4804],[-0.89062,10.51852],[-0.90854,10.56109],[-0.90922,10.57587],[-0.87459,10.59526],[-0.86114,10.59172],[-0.85436,10.58077],[-0.84328,10.57463],[-0.83785,10.60124],[-0.82364,10.60093],[-0.79592,10.62173],[-0.79435,10.65062],[-0.77633,10.65205],[-0.75557,10.64027],[-0.73728,10.64968],[-0.72441,10.6516],[-0.71221,10.64159],[-0.706,10.62182],[-0.70912,10.61654],[-0.71796,10.61534],[-0.71819,10.60562],[-0.69381,10.58888],[-0.68574,10.56763],[-0.70639,10.54261],[-0.715,10.53742],[-0.71618,10.53091],[-0.711,10.52429],[-0.70486,10.52363],[-0.7009,10.53501],[-0.68987,10.54253],[-0.68146,10.52664],[-0.66749,10.52653],[-0.66758,10.52697],[-0.65405,10.54848],[-0.64073,10.55559],[-0.63064,10.55266],[-0.61545,10.55518],[-0.59359,10.54612],[-0.57873,10.54928],[-0.56773,10.56465],[-0.55395,10.57175],[-0.52514,10.5577],[-0.51595,10.5605],[-0.50829,10.56717],[-0.50722,10.60697],[-0.49779,10.62386],[-0.46817,10.61802],[-0.46098,10.60765],[-0.44358,10.5997],[-0.39617,10.60823],[-0.36555,10.62515],[-0.35519,10.62534],[-0.34752,10.61904],[-0.33859,10.61949],[-0.33144,10.62554],[-0.31404,10.62109],[-0.2998,10.63357],[-0.28681,10.63857],[-0.28477,10.63433],[-0.28129,10.63943],[-0.27024,10.63805],[-0.27031,10.63483],[-0.26209,10.63154],[-0.25953,10.6371],[-0.24458,10.64386],[-0.22722,10.59722],[-0.24433,10.64372],[-0.23002,10.65555],[-0.2049,10.65763],[-0.18282,10.6701],[-0.17897,10.66758],[-0.17405,10.67213],[-0.16334,10.67068],[-0.16148,10.67448],[-0.15354,10.67153],[-0.13995,10.68229],[-0.12285,10.6856],[-0.10399,10.70508],[-0.0904,10.7119],[-0.07162,10.6738],[-0.0593,10.63236],[-0.01567,10.62352],[-0.01179,10.61585],[0.04125,10.60156],[0.04288,10.59423],[0.05624,10.58355],[0.06044,10.56163],[0.1177,10.54129],[0.12795,10.53004],[0.14355,10.52566],[0.15066,10.48761],[0.15919,10.4736],[0.1545,10.4653],[0.16468,10.4534],[0.17206,10.45106],[0.16671,10.44134],[0.1696,10.42931],[0.18224,10.42297],[0.1852,10.41706],[0.18845,10.41843],[0.19697,10.39031],[0.19407,10.40267],[0.20178,10.40693],[0.2094,10.40538],[0.20515,10.41831],[0.21178,10.41683],[0.21031,10.42156],[0.21717,10.42655],[0.22063,10.4248],[0.21758,10.42237],[0.22652,10.4219],[0.23378,10.41343],[0.24346,10.41577],[0.25083,10.4092],[0.25957,10.40779],[0.26837,10.41009],[0.26657,10.41564],[0.27042,10.41546],[0.2729,10.42076],[0.28547,10.42147],[0.29003,10.40914],[0.29796,10.40953],[0.30017,10.40278],[0.30008,10.39083],[0.29013,10.37649],[0.30277,10.36947],[0.30761,10.37113],[0.31436,10.36001],[0.31531,10.33779],[0.32076,10.334],[0.32812,10.33949],[0.33346,10.33639],[0.33781,10.32505],[0.32351,10.32004],[0.32237,10.31343],[0.31703,10.30987],[0.32499,10.30683],[0.33239,10.31152],[0.34802,10.30756],[0.35299,10.31393],[0.36645,10.31058],[0.3907,10.31591],[0.39762,10.30951],[0.39686,10.30446],[0.38311,10.3],[0.3845,10.29705],[0.37673,10.29113],[0.37802,10.28677],[0.37284,10.28845],[0.3728,10.28317],[0.36923,10.28474],[0.38164,10.27392],[0.36224,10.26292],[0.36116,10.22238],[0.35503,10.21333],[0.35016,10.16803],[0.36296,10.13999],[0.352,10.11091],[0.35528,10.09177],[0.36446,10.08525],[0.39518,10.08095],[0.41732,10.05903],[0.4104,10.02171],[0.40203,10.02035],[0.39414,10.02614],[0.3757,10.02698],[0.36523,10.03501],[0.36024,10.02943],[0.364,10.01628],[0.35704,9.99709],[0.35904,9.98711],[0.36968,9.96397],[0.38608,9.95043],[0.38641,9.93784],[0.36512,9.93214],[0.36256,9.94059],[0.35341,9.94765],[0.34832,9.94853],[0.34694,9.93849],[0.32504,9.94402],[0.32449,9.9631],[0.31097,9.95992],[0.30374,9.97716],[0.27649,9.97405],[0.26984,9.97106],[0.26302,9.95897],[0.25908,9.96381],[0.23355,9.95627],[0.22663,9.9607],[0.20647,9.96042],[0.18974,9.96649],[0.18732,9.96801],[0.19068,9.97425],[0.18376,9.97961],[0.1759,9.97864],[0.15544,9.9861],[0.13945,9.97152],[0.13006,9.95672],[0.12709,9.97171],[0.11908,9.96923],[0.11222,9.97213],[0.10687,9.96736],[0.09898,9.97328],[0.08505,9.9651],[0.07822,9.96849],[0.07166,9.96635],[0.07177,9.97713],[0.06295,9.99397]]]}},{"type":"Feature","properties":{"display_name":"Northern","region":"Northern","api_district":null,"level":"region"},"geometry":{"type":"Polygon","coordinates":[[[-0.21825,9.10851],[-0.22359,9.12122],[-0.23102,9.12336],[-0.23718,9.11786],[-0.24731,9.12303],[-0.2501,9.12926],[-0.25845,9.12637],[-0.28204,9.13778],[-0.28189,9.14531],[-0.28713,9.14825],[-0.28655,9.15488],[-0.29026,9.15488],[-0.2943,9.17657],[-0.30808,9.18106],[-0.30934,9.19341],[-0.31731,9.19724],[-0.32399,9.20929],[-0.34036,9.21119],[-0.35864,9.22344],[-0.39082,9.2354],[-0.42632,9.22271],[-0.4359,9.23095],[-0.50707,9.2586],[-0.51188,9.26513],[-0.51101,9.27402],[-0.51951,9.2822],[-0.5351,9.27463],[-0.54366,9.27509],[-0.55309,9.28446],[-0.56226,9.28627],[-0.56918,9.29195],[-0.58011,9.31645],[-0.59442,9.32872],[-0.60456,9.32298],[-0.61014,9.31135],[-0.61724,9.31253],[-0.62703,9.30701],[-0.63642,9.31039],[-0.63266,9.31566],[-0.63511,9.31879],[-0.65415,9.31521],[-0.68409,9.32547],[-0.68905,9.31014],[-0.71451,9.32624],[-0.71777,9.31364],[-0.71157,9.30595],[-0.71433,9.29589],[-0.71048,9.2901],[-0.69735,9.285],[-0.69402,9.2782],[-0.70844,9.28712],[-0.76443,9.29599],[-0.79548,9.30893],[-0.8059,9.3189],[-0.82284,9.31157],[-0.83281,9.2973],[-0.84242,9.29964],[-0.8484,9.2967],[-0.84915,9.30426],[-0.85968,9.30642],[-0.86986,9.30635],[-0.87972,9.29993],[-0.88511,9.31039],[-0.92636,9.29631],[-0.94912,9.29798],[-0.96077,9.30616],[-0.9626,9.33426],[-0.96071,9.33553],[-0.97647,9.33656],[-1.01962,9.31335],[-1.01357,9.32973],[-1.04073,9.34476],[-1.051,9.33973],[-1.05776,9.32792],[-1.07705,9.32629],[-1.07975,9.32154],[-1.09551,9.31541],[-1.09949,9.30916],[-1.10629,9.30818],[-1.10918,9.31438],[-1.12044,9.31835],[-1.14308,9.31748],[-1.15626,9.32124],[-1.16605,9.31768],[-1.16524,9.32124],[-1.1721,9.32116],[-1.18379,9.31015],[-1.19622,9.30859],[-1.19675,9.30377],[-1.20333,9.30855],[-1.21255,9.30284],[-1.21268,9.29834],[-1.22779,9.29619],[-1.23054,9.29058],[-1.24251,9.28476],[-1.24208,9.29027],[-1.25695,9.30788],[-1.2548,9.31026],[-1.25898,9.31978],[-1.26907,9.33073],[-1.26077,9.33144],[-1.26484,9.34202],[-1.2546,9.35286],[-1.25815,9.36067],[-1.24588,9.38594],[-1.24307,9.41936],[-1.25013,9.42748],[-1.28129,9.50989],[-1.29537,9.51932],[-1.31166,9.53802],[-1.31377,9.5488],[-1.37359,9.60947],[-1.36729,9.61781],[-1.32939,9.63384],[-1.33021,9.64392],[-1.31741,9.64799],[-1.31461,9.65334],[-1.32511,9.65606],[-1.31905,9.66711],[-1.31956,9.68428],[-1.32482,9.68882],[-1.32529,9.698],[-1.33874,9.70605],[-1.35005,9.72967],[-1.34668,9.73379],[-1.34955,9.74604],[-1.34536,9.7489],[-1.35083,9.76614],[-1.3477,9.77731],[-1.35154,9.79437],[-1.34777,9.8055],[-1.32924,9.80816],[-1.32279,9.79975],[-1.30871,9.80108],[-1.31382,9.8065],[-1.31421,9.81626],[-1.3076,9.82303],[-1.30926,9.81782],[-1.30505,9.81121],[-1.28528,9.80171],[-1.27424,9.80179],[-1.26946,9.80457],[-1.26318,9.82429],[-1.25346,9.82323],[-1.23831,9.82846],[-1.21812,9.81241],[-1.21305,9.79842],[-1.19494,9.79598],[-1.18669,9.80031],[-1.18158,9.79708],[-1.1743,9.79041],[-1.174,9.80786],[-1.16903,9.81456],[-1.1726,9.82448],[-1.16392,9.83732],[-1.16006,9.85652],[-1.16389,9.87391],[-1.17208,9.87967],[-1.18219,9.89798],[-1.17632,9.92329],[-1.17846,9.94965],[-1.16257,9.95221],[-1.12669,9.92952],[-1.10765,9.92729],[-1.12441,9.95945],[-1.13989,9.96794],[-1.14206,9.98],[-1.1564,9.97729],[-1.18033,9.99194],[-1.1969,9.99398],[-1.20856,10.00543],[-1.22704,10.00796],[-1.23925,10.02281],[-1.23608,10.03138],[-1.24141,10.03546],[-1.21023,10.08843],[-1.13986,10.1193],[-1.13066,10.11265],[-1.12618,10.11536],[-1.1221,10.13021],[-1.13125,10.14121],[-1.12346,10.15073],[-1.11071,10.18709],[-1.10249,10.18639],[-1.07222,10.17339],[-1.05793,10.15759],[-1.07949,10.15671],[-1.08625,10.15229],[-1.09372,10.13664],[-1.08889,10.12218],[-1.06214,10.12109],[-1.06108,10.11254],[-1.07006,10.10586],[-1.03186,10.09794],[-1.02106,10.10067],[-1.01205,10.09287],[-1.01085,10.07829],[-1.02406,10.07453],[-1.02618,10.06008],[-1.01488,10.04157],[-1.01268,10.02809],[-1.00266,10.01847],[-1.00231,10.01042],[-0.98826,10.00218],[-0.99152,9.99184],[-0.98708,9.98511],[-0.99769,9.97663],[-1.00218,9.96504],[-0.99083,9.95191],[-0.99212,9.94347],[-0.98442,9.94542],[-0.98166,9.94322],[-0.98483,9.94964],[-0.98478,9.96067],[-0.98066,9.96289],[-0.97039,9.95634],[-0.97264,9.96474],[-0.96229,9.99059],[-0.95339,9.99294],[-0.94033,9.98997],[-0.94297,9.99799],[-0.93778,10.01151],[-0.93155,10.01057],[-0.92154,10.00023],[-0.91945,10.01309],[-0.9125,10.00947],[-0.90608,10.01288],[-0.91211,10.01242],[-0.91011,10.02354],[-0.90494,10.02507],[-0.89542,10.01948],[-0.89497,10.03387],[-0.88608,10.03543],[-0.89037,10.04928],[-0.8881,10.05218],[-0.88141,10.04861],[-0.88181,10.05966],[-0.86468,10.05574],[-0.86968,10.07612],[-0.85795,10.08544],[-0.86847,10.0957],[-0.85792,10.10385],[-0.85652,10.11174],[-0.84905,10.11486],[-0.8559,10.12441],[-0.85437,10.12814],[-0.83718,10.13201],[-0.83703,10.12181],[-0.82125,10.11819],[-0.82191,10.12489],[-0.81783,10.12535],[-0.80348,10.15553],[-0.79914,10.15557],[-0.79549,10.14582],[-0.78662,10.15162],[-0.78291,10.14194],[-0.78026,10.1562],[-0.77477,10.15365],[-0.76399,10.16513],[-0.75008,10.15932],[-0.74463,10.16729],[-0.73342,10.15992],[-0.73167,10.16217],[-0.73718,10.16724],[-0.73255,10.17066],[-0.71161,10.16293],[-0.71535,10.17139],[-0.71234,10.17493],[-0.71883,10.17717],[-0.71419,10.18283],[-0.71072,10.18417],[-0.70816,10.17717],[-0.69826,10.18044],[-0.69448,10.18844],[-0.68743,10.18278],[-0.68289,10.18974],[-0.6814,10.18088],[-0.66673,10.17962],[-0.66818,10.16688],[-0.66269,10.18594],[-0.65304,10.19247],[-0.65275,10.18066],[-0.64351,10.19014],[-0.63367,10.18384],[-0.63199,10.17595],[-0.62452,10.17293],[-0.62562,10.1655],[-0.59911,10.16021],[-0.58997,10.17338],[-0.58076,10.17667],[-0.5476,10.2105],[-0.5411,10.22572],[-0.54157,10.23263],[-0.54689,10.23557],[-0.54667,10.24795],[-0.54113,10.26145],[-0.5343,10.26712],[-0.53248,10.25385],[-0.52194,10.23398],[-0.51936,10.24595],[-0.51399,10.24824],[-0.51518,10.24172],[-0.51226,10.24297],[-0.50962,10.23667],[-0.50289,10.24064],[-0.499,10.23742],[-0.51073,10.25268],[-0.50127,10.25899],[-0.50515,10.27067],[-0.49771,10.27137],[-0.50031,10.27598],[-0.49701,10.28149],[-0.50562,10.2924],[-0.50314,10.29539],[-0.50609,10.31256],[-0.49429,10.326],[-0.48877,10.32265],[-0.4815,10.32627],[-0.45535,10.30167],[-0.3859,10.29793],[-0.35948,10.2617],[-0.35375,10.26799],[-0.35461,10.27388],[-0.33016,10.28473],[-0.32328,10.28418],[-0.31571,10.29077],[-0.29554,10.29139],[-0.26943,10.27623],[-0.26105,10.27813],[-0.25572,10.28533],[-0.2383,10.28785],[-0.203,10.26581],[-0.19533,10.27666],[-0.16614,10.28105],[-0.15204,10.2947],[-0.13109,10.29174],[-0.13112,10.292],[-0.11684,10.28721],[-0.09402,10.26942],[-0.08654,10.28971],[-0.08822,10.29503],[-0.0721,10.29507],[-0.0248,10.27122],[-0.02958,10.30081],[-0.02777,10.31623],[-0.019,10.32859],[0.02434,10.33232],[0.02916,10.33874],[0.03343,10.33595],[0.04897,10.34269],[0.05807,10.29392],[0.07373,10.29511],[0.07742,10.28837],[0.0821,10.25602],[0.09,10.24982],[0.09101,10.24348],[0.07634,10.22831],[0.08532,10.21415],[0.07713,10.20525],[0.06604,10.20091],[0.06091,10.18012],[0.06424,10.17208],[0.07316,10.17163],[0.07938,10.15837],[0.08743,10.15103],[0.09126,10.15208],[0.09825,10.13761],[0.11146,10.1307],[0.10589,10.11867],[0.11233,10.10826],[0.11061,10.10249],[0.11857,10.08134],[0.1133,10.07655],[0.11327,10.07049],[0.11822,10.06165],[0.11889,10.0455],[0.12254,10.04547],[0.1243,10.04],[0.1246,10.02893],[0.10941,10.00502],[0.08271,9.99819],[0.06903,10.00191],[0.06371,9.99965],[0.06295,9.99397],[0.07177,9.97713],[0.07135,9.96819],[0.07822,9.96849],[0.08505,9.9651],[0.09898,9.97328],[0.10687,9.96736],[0.11222,9.97213],[0.11908,9.96923],[0.12709,9.97171],[0.13006,9.95672],[0.13945,9.97152],[0.15544,9.9861],[0.1759,9.97864],[0.18376,9.97961],[0.19068,9.97425],[0.18732,9.96801],[0.18974,9.96649],[0.20647,9.96042],[0.22663,9.9607],[0.23355,9.95627],[0.25908,9.96381],[0.26302,9.95897],[0.26984,9.97106],[0.27649,9.97405],[0.30385,9.97715],[0.31097,9.95992],[0.32449,9.9631],[0.32504,9.94402],[0.34694,9.93849],[0.3497,9.94868],[0.36451,9.93574],[0.3657,9.93217],[0.3558,9.92381],[0.35138,9.90416],[0.35126,9.88241],[0.35814,9.84851],[0.34876,9.82573],[0.34027,9.81725],[0.34038,9.80627],[0.33147,9.79879],[0.33544,9.7786],[0.32536,9.77357],[0.32986,9.75879],[0.31866,9.72774],[0.32363,9.72255],[0.33789,9.72132],[0.34585,9.71447],[0.35139,9.69302],[0.35058,9.67586],[0.36319,9.67343],[0.36267,9.66862],[0.36819,9.66607],[0.36509,9.66075],[0.36914,9.65221],[0.37549,9.65387],[0.37676,9.64351],[0.38203,9.64492],[0.37265,9.60815],[0.38289,9.59161],[0.36833,9.57724],[0.35182,9.57266],[0.33443,9.57923],[0.31845,9.57586],[0.28954,9.5771],[0.26573,9.56735],[0.25335,9.57474],[0.23956,9.57442],[0.23457,9.54806],[0.24299,9.52401],[0.25516,9.51881],[0.29005,9.52362],[0.30598,9.51533],[0.31058,9.5065],[0.28886,9.48946],[0.27592,9.48873],[0.26704,9.47894],[0.25433,9.4782],[0.23473,9.48814],[0.22898,9.48721],[0.22869,9.46309],[0.24682,9.44358],[0.24694,9.43827],[0.25902,9.43418],[0.26212,9.42836],[0.2699,9.43158],[0.26889,9.42848],[0.27384,9.42729],[0.28745,9.4305],[0.28901,9.43452],[0.30479,9.43837],[0.31266,9.44632],[0.32217,9.44915],[0.32698,9.44681],[0.33761,9.45188],[0.34791,9.47785],[0.3437,9.48825],[0.35963,9.49918],[0.38945,9.49159],[0.40773,9.49412],[0.41536,9.50243],[0.43005,9.49797],[0.44641,9.50144],[0.46231,9.49443],[0.46353,9.49018],[0.49026,9.4862],[0.50306,9.47526],[0.50072,9.47209],[0.50575,9.46751],[0.50397,9.45798],[0.49509,9.45186],[0.50064,9.43743],[0.51956,9.43973],[0.52449,9.43155],[0.54879,9.42204],[0.55331,9.42376],[0.55745,9.41042],[0.56659,9.4056],[0.56313,9.35449],[0.55276,9.34566],[0.56299,9.32446],[0.55978,9.30574],[0.53968,9.30631],[0.53739,9.30184],[0.54055,9.30116],[0.51587,9.27284],[0.50795,9.25459],[0.51889,9.22928],[0.53905,9.21354],[0.52187,9.19339],[0.51451,9.16876],[0.50475,9.16043],[0.50305,9.15389],[0.4959,9.1561],[0.47692,9.14431],[0.48112,9.14078],[0.48534,9.12335],[0.4859,9.09866],[0.47848,9.09922],[0.45937,9.07242],[0.46431,9.07201],[0.46258,9.05527],[0.45629,9.05514],[0.45547,9.0356],[0.46312,9.03408],[0.46508,9.023],[0.4704,9.01925],[0.46982,9.00764],[0.49416,8.95729],[0.50745,8.94945],[0.5147,8.93545],[0.50894,8.9179],[0.51268,8.91407],[0.51226,8.90258],[0.52757,8.87779],[0.5202,8.87226],[0.51718,8.86416],[0.52148,8.85886],[0.51966,8.85321],[0.50887,8.85546],[0.50732,8.84745],[0.49622,8.84015],[0.50146,8.82914],[0.49693,8.8276],[0.49543,8.82046],[0.50028,8.81477],[0.49161,8.80088],[0.47237,8.79966],[0.46868,8.79212],[0.45923,8.80209],[0.45865,8.81058],[0.44781,8.81083],[0.44309,8.802],[0.4302,8.79611],[0.43105,8.79061],[0.43938,8.79316],[0.43988,8.78557],[0.42564,8.77993],[0.4212,8.79132],[0.40293,8.79376],[0.39781,8.79019],[0.39392,8.79602],[0.38439,8.79113],[0.38155,8.79416],[0.37969,8.79166],[0.38195,8.778],[0.37875,8.77201],[0.38934,8.76178],[0.39625,8.76151],[0.39661,8.75712],[0.39921,8.76172],[0.40114,8.7567],[0.39681,8.75381],[0.37438,8.75475],[0.38473,8.74497],[0.38268,8.73925],[0.37502,8.73567],[0.3465,8.74105],[0.35999,8.72051],[0.34355,8.71858],[0.34301,8.72772],[0.33896,8.73032],[0.3241,8.72826],[0.31407,8.73447],[0.30072,8.72618],[0.29791,8.74246],[0.29273,8.74117],[0.29219,8.7329],[0.28708,8.73347],[0.28135,8.72413],[0.26967,8.73115],[0.26978,8.74005],[0.26281,8.74104],[0.25872,8.74694],[0.24403,8.74076],[0.23921,8.75111],[0.23162,8.75343],[0.22094,8.74966],[0.21429,8.75504],[0.19962,8.7443],[0.187,8.74714],[0.18596,8.74062],[0.18054,8.74594],[0.18091,8.76183],[0.17094,8.76469],[0.17469,8.77059],[0.16841,8.77446],[0.16537,8.75614],[0.18191,8.72198],[0.18129,8.71279],[0.13895,8.66917],[0.13588,8.65353],[0.13775,8.64135],[0.14691,8.62963],[0.16986,8.61584],[0.17094,8.59603],[0.148,8.58854],[0.12813,8.60503],[0.11198,8.59682],[0.08284,8.52584],[0.09389,8.50166],[0.1208,8.48539],[0.08158,8.46078],[0.09074,8.44543],[0.09288,8.42746],[0.08649,8.40324],[0.10472,8.39008],[0.12482,8.38282],[0.16532,8.39111],[0.20748,8.4101],[0.22298,8.40711],[0.24433,8.38646],[0.24275,8.3541],[0.23533,8.34383],[0.20346,8.3413],[0.18577,8.32638],[0.19802,8.29147],[0.19386,8.25328],[0.16294,8.24153],[0.14489,8.24086],[0.12322,8.23244],[0.1299,8.21458],[0.11668,8.21772],[0.11521,8.22914],[0.10791,8.2239],[0.09586,8.23033],[0.0795,8.22249],[0.08575,8.23302],[0.09429,8.23277],[0.10437,8.23903],[0.08065,8.28002],[0.06009,8.28202],[0.05275,8.29063],[0.03341,8.296],[0.01058,8.29764],[-0.00259,8.32053],[-0.03674,8.33319],[-0.04084,8.33981],[-0.04033,8.34963],[-0.04821,8.35221],[-0.06431,8.35118],[-0.06772,8.33984],[-0.08433,8.33732],[-0.0874,8.33243],[-0.11027,8.33591],[-0.11412,8.29729],[-0.1255,8.27236],[-0.14273,8.27208],[-0.14686,8.28984],[-0.15818,8.29767],[-0.16363,8.31279],[-0.18412,8.3378],[-0.18714,8.35802],[-0.19606,8.34773],[-0.21025,8.35064],[-0.21789,8.33848],[-0.23796,8.34293],[-0.24795,8.33373],[-0.26319,8.33582],[-0.26655,8.32709],[-0.27777,8.31985],[-0.30858,8.321],[-0.32654,8.33935],[-0.30704,8.35792],[-0.29903,8.35294],[-0.25907,8.34936],[-0.25254,8.35252],[-0.24929,8.38034],[-0.22082,8.44001],[-0.21879,8.45552],[-0.23348,8.45743],[-0.24285,8.47267],[-0.21935,8.47498],[-0.21286,8.46802],[-0.21009,8.48678],[-0.20058,8.48161],[-0.19508,8.4833],[-0.20823,8.49464],[-0.20452,8.49716],[-0.19941,8.522],[-0.20648,8.52675],[-0.20623,8.5387],[-0.19748,8.54685],[-0.19631,8.54599],[-0.19731,8.55301],[-0.21469,8.55269],[-0.2227,8.57052],[-0.22917,8.56738],[-0.23417,8.57216],[-0.23904,8.55919],[-0.25793,8.55527],[-0.26007,8.54659],[-0.26567,8.54694],[-0.26964,8.54206],[-0.26914,8.55067],[-0.27768,8.55753],[-0.28945,8.54383],[-0.29733,8.54151],[-0.29366,8.54786],[-0.29838,8.54685],[-0.30436,8.5349],[-0.31044,8.53899],[-0.31216,8.52748],[-0.31843,8.5357],[-0.32251,8.53145],[-0.33295,8.53365],[-0.33545,8.53061],[-0.34979,8.55995],[-0.34365,8.56854],[-0.35604,8.57122],[-0.36366,8.58147],[-0.35779,8.59022],[-0.35358,8.58526],[-0.35926,8.59458],[-0.35816,8.59943],[-0.37148,8.58696],[-0.37338,8.59804],[-0.38295,8.59227],[-0.39101,8.59535],[-0.39626,8.59303],[-0.40239,8.60444],[-0.40748,8.59778],[-0.41106,8.59899],[-0.40919,8.6072],[-0.41239,8.6101],[-0.41511,8.60778],[-0.4172,8.61379],[-0.4125,8.62591],[-0.42145,8.65013],[-0.43045,8.64325],[-0.43484,8.64425],[-0.43273,8.65883],[-0.43945,8.65943],[-0.44054,8.66409],[-0.44709,8.66241],[-0.45369,8.67557],[-0.45961,8.67852],[-0.45981,8.67495],[-0.46994,8.67177],[-0.47589,8.68308],[-0.48511,8.68249],[-0.48487,8.70155],[-0.49022,8.70434],[-0.49064,8.71144],[-0.48745,8.72374],[-0.47238,8.73443],[-0.4577,8.7214],[-0.4481,8.72947],[-0.43074,8.7165],[-0.43165,8.72835],[-0.4122,8.73389],[-0.40835,8.73177],[-0.41423,8.71857],[-0.41239,8.70813],[-0.40756,8.71549],[-0.40572,8.70706],[-0.39658,8.713],[-0.38683,8.71141],[-0.3874,8.70878],[-0.38101,8.71137],[-0.38378,8.72403],[-0.36883,8.72255],[-0.36591,8.73482],[-0.37285,8.74325],[-0.35862,8.7481],[-0.35374,8.7544],[-0.34583,8.75843],[-0.33966,8.75587],[-0.32944,8.74211],[-0.31454,8.75073],[-0.31441,8.76504],[-0.30773,8.76993],[-0.30944,8.78559],[-0.30464,8.78707],[-0.30654,8.79559],[-0.30322,8.79481],[-0.29715,8.80589],[-0.29947,8.80907],[-0.29534,8.81072],[-0.29937,8.81928],[-0.30799,8.82047],[-0.31661,8.81623],[-0.32109,8.81927],[-0.32267,8.83413],[-0.33433,8.83696],[-0.33836,8.84528],[-0.34287,8.84637],[-0.34465,8.85549],[-0.33887,8.86101],[-0.34403,8.86254],[-0.33878,8.86734],[-0.33314,8.86637],[-0.33048,8.85893],[-0.32686,8.86306],[-0.31036,8.85826],[-0.29966,8.86081],[-0.3001,8.86489],[-0.29508,8.8657],[-0.30267,8.87885],[-0.30202,8.88568],[-0.29521,8.88874],[-0.29104,8.88545],[-0.28793,8.89244],[-0.27953,8.89603],[-0.28098,8.90125],[-0.25589,8.90087],[-0.24387,8.90857],[-0.24862,8.91744],[-0.2375,8.92027],[-0.24208,8.93083],[-0.23648,8.94007],[-0.23362,8.9363],[-0.22201,8.93575],[-0.21317,8.946],[-0.20034,8.94776],[-0.19547,8.97517],[-0.20283,8.99842],[-0.20603,8.99856],[-0.204,9.00469],[-0.21238,9.01196],[-0.20937,9.01243],[-0.20882,9.02719],[-0.21841,9.0328],[-0.21187,9.04564],[-0.21305,9.05148],[-0.20396,9.06284],[-0.21302,9.07894],[-0.20796,9.08291],[-0.20722,9.10444],[-0.18921,9.11296],[-0.21825,9.10851]]]}},{"type":"Feature","properties":{"display_name":"Oti","region":"Oti","api_district":null,"level":"region"},"geometry":{"type":"Polygon","coordinates":[[[0.52408,7.50275],[0.52309,7.49364],[0.52853,7.49104],[0.52605,7.48286],[0.52988,7.4811],[0.5212,7.47382],[0.52146,7.46502],[0.52498,7.46359],[0.5189,7.46082],[0.52235,7.45933],[0.52112,7.45469],[0.53213,7.45718],[0.53387,7.44978],[0.53059,7.4473],[0.53425,7.44716],[0.53207,7.44343],[0.53742,7.43467],[0.53588,7.4263],[0.54359,7.42166],[0.55309,7.40518],[0.57313,7.39474],[0.59865,7.4002],[0.60117,7.40785],[0.60615,7.40572],[0.61959,7.41333],[0.62934,7.40411],[0.64466,7.39793],[0.64815,7.37896],[0.64323,7.37497],[0.6589,7.31665],[0.64323,7.27974],[0.64419,7.26298],[0.60632,7.26647],[0.58358,7.27806],[0.58079,7.28857],[0.5741,7.28777],[0.57709,7.28408],[0.57327,7.28104],[0.57169,7.26757],[0.56285,7.26819],[0.56093,7.25965],[0.54905,7.24645],[0.54862,7.2389],[0.54091,7.23317],[0.54271,7.2251],[0.53568,7.22003],[0.51933,7.22047],[0.52121,7.23467],[0.51709,7.23968],[0.53356,7.24733],[0.54169,7.27144],[0.5405,7.29552],[0.53418,7.30511],[0.52253,7.29764],[0.50507,7.3009],[0.49143,7.29014],[0.47943,7.29232],[0.46518,7.28968],[0.44856,7.29773],[0.45202,7.28485],[0.4454,7.28157],[0.44836,7.2771],[0.44096,7.2774],[0.43534,7.28455],[0.42711,7.28088],[0.41549,7.2661],[0.3916,7.22658],[0.37121,7.15423],[0.35747,7.13165],[0.35022,7.12654],[0.33857,7.13058],[0.33977,7.11585],[0.32809,7.09735],[0.3285,7.0892],[0.3158,7.09593],[0.22449,7.09935],[0.24264,7.12704],[0.24251,7.14858],[0.23524,7.16706],[0.18235,7.17969],[0.18257,7.19321],[0.21499,7.31],[0.20837,7.35088],[0.19857,7.36797],[0.17892,7.38095],[0.1727,7.38045],[0.12407,7.40644],[0.09097,7.42927],[0.08324,7.44843],[0.07711,7.48206],[0.04304,7.53903],[0.00944,7.57842],[-0.01429,7.62606],[-0.01519,7.68399],[0.00251,7.71756],[0.00413,7.74238],[-0.01451,7.75691],[-0.07727,7.74722],[-0.10008,7.75037],[-0.11095,7.76022],[-0.12645,7.78819],[-0.13623,7.82493],[-0.1454,7.90305],[-0.14171,7.93511],[-0.13651,7.93975],[-0.13493,7.94854],[-0.14114,7.95838],[-0.17383,7.95741],[-0.17017,7.96982],[-0.14415,8.00545],[-0.14153,8.01786],[-0.15508,8.03062],[-0.17317,8.02465],[-0.21467,8.03094],[-0.24058,8.0496],[-0.24883,8.07703],[-0.29488,8.11733],[-0.31933,8.13043],[-0.38469,8.15277],[-0.35415,8.16615],[-0.35157,8.17255],[-0.35861,8.18568],[-0.34863,8.20166],[-0.36854,8.20105],[-0.38493,8.19499],[-0.38968,8.19869],[-0.39077,8.21085],[-0.38751,8.22406],[-0.37824,8.22842],[-0.36023,8.2309],[-0.31929,8.22677],[-0.28069,8.24554],[-0.27476,8.22951],[-0.25944,8.21627],[-0.23785,8.21787],[-0.23264,8.21296],[-0.22429,8.21285],[-0.21894,8.21792],[-0.1986,8.2193],[-0.18851,8.23174],[-0.17309,8.22891],[-0.16552,8.23816],[-0.16939,8.25349],[-0.15069,8.26477],[-0.14572,8.2723],[-0.1242,8.27299],[-0.11412,8.29729],[-0.11027,8.33591],[-0.0874,8.33243],[-0.08433,8.33732],[-0.06772,8.33984],[-0.06431,8.35118],[-0.04821,8.35221],[-0.04033,8.34963],[-0.04084,8.33981],[-0.03674,8.33319],[-0.00259,8.32053],[0.01058,8.29764],[0.03341,8.296],[0.05275,8.29063],[0.06009,8.28202],[0.08065,8.28002],[0.10437,8.23903],[0.09429,8.23277],[0.08575,8.23302],[0.0795,8.22249],[0.09586,8.23033],[0.10791,8.2239],[0.11521,8.22914],[0.11668,8.21772],[0.1299,8.21458],[0.13041,8.21398],[0.12322,8.23244],[0.14489,8.24086],[0.16294,8.24153],[0.19386,8.25328],[0.19802,8.29147],[0.19659,8.30171],[0.18519,8.32273],[0.19028,8.33339],[0.20346,8.3413],[0.21429,8.34247],[0.22753,8.34219],[0.23533,8.34383],[0.24275,8.3541],[0.24433,8.38646],[0.22298,8.40711],[0.20748,8.4101],[0.16532,8.39111],[0.12482,8.38282],[0.10472,8.39008],[0.08649,8.40324],[0.09288,8.42746],[0.09074,8.44543],[0.08158,8.46078],[0.1208,8.48539],[0.09389,8.50166],[0.08284,8.52584],[0.11198,8.59682],[0.12813,8.60503],[0.148,8.58854],[0.17094,8.59603],[0.16986,8.61584],[0.14691,8.62963],[0.13775,8.64135],[0.13588,8.65353],[0.13895,8.66917],[0.18071,8.71068],[0.18203,8.72165],[0.16537,8.75614],[0.16931,8.77481],[0.17469,8.77059],[0.17094,8.76469],[0.18091,8.76183],[0.18054,8.74594],[0.18559,8.74076],[0.187,8.74714],[0.19962,8.7443],[0.21429,8.75504],[0.22094,8.74966],[0.23162,8.75343],[0.23921,8.75111],[0.24403,8.74076],[0.25872,8.74694],[0.26281,8.74104],[0.26978,8.74005],[0.26967,8.73115],[0.28185,8.72403],[0.28692,8.73333],[0.29219,8.7329],[0.29273,8.74117],[0.29791,8.74246],[0.30072,8.72618],[0.31461,8.73447],[0.3241,8.72826],[0.34144,8.72933],[0.34355,8.71858],[0.35816,8.71855],[0.35954,8.72575],[0.34634,8.74093],[0.37426,8.73565],[0.38351,8.74062],[0.4717,8.59969],[0.47031,8.59961],[0.48014,8.59381],[0.48205,8.59861],[0.49178,8.5975],[0.50067,8.58135],[0.49963,8.57419],[0.50728,8.57352],[0.51479,8.56491],[0.5311,8.56941],[0.54235,8.55596],[0.56114,8.54888],[0.57173,8.52596],[0.58431,8.52857],[0.59101,8.5167],[0.60183,8.51808],[0.62124,8.51215],[0.62961,8.50779],[0.62611,8.50274],[0.62985,8.49651],[0.63966,8.49785],[0.64532,8.49382],[0.64501,8.47535],[0.65581,8.45543],[0.65153,8.44826],[0.65182,8.42196],[0.67136,8.41677],[0.67905,8.4098],[0.68597,8.41122],[0.68825,8.40539],[0.69613,8.40433],[0.69326,8.39493],[0.70552,8.3945],[0.69889,8.38881],[0.70951,8.38498],[0.71121,8.37943],[0.70838,8.37749],[0.71214,8.37675],[0.70817,8.37219],[0.7116,8.36648],[0.71005,8.35194],[0.72013,8.34942],[0.71762,8.34328],[0.72943,8.34106],[0.72691,8.33676],[0.7313,8.29431],[0.72639,8.28151],[0.68286,8.27964],[0.6819,8.2662],[0.6735,8.25901],[0.63893,8.26058],[0.63827,8.24506],[0.62459,8.23584],[0.62544,8.22491],[0.61893,8.21959],[0.61907,8.21513],[0.61065,8.21621],[0.59003,8.20775],[0.58984,8.19505],[0.60315,8.18138],[0.61327,8.18419],[0.61385,8.1801],[0.60696,8.17225],[0.61131,8.15407],[0.60691,8.13875],[0.59207,8.13904],[0.59186,8.10316],[0.58724,8.10318],[0.58504,8.09331],[0.59266,8.0606],[0.59729,8.06273],[0.59876,8.05827],[0.59414,8.03987],[0.59864,8.027],[0.60955,8.02708],[0.61333,8.01937],[0.62212,8.01449],[0.62248,8.00783],[0.61258,8.00571],[0.61713,7.96531],[0.62368,7.96245],[0.62116,7.93667],[0.62721,7.93194],[0.62661,7.92532],[0.63127,7.91925],[0.62704,7.9172],[0.6323,7.9146],[0.62781,7.90901],[0.62806,7.9018],[0.62234,7.90146],[0.62404,7.9012],[0.62011,7.90034],[0.62209,7.90144],[0.59371,7.89975],[0.61976,7.90047],[0.622,7.87798],[0.62742,7.8682],[0.62701,7.85957],[0.62402,7.84229],[0.61978,7.83745],[0.6174,7.80669],[0.62142,7.79952],[0.61709,7.79621],[0.62946,7.79446],[0.62688,7.78862],[0.63091,7.76762],[0.61911,7.76434],[0.61988,7.75745],[0.61309,7.75663],[0.61144,7.75283],[0.61688,7.74487],[0.62349,7.71407],[0.63008,7.70623],[0.61959,7.7032],[0.60879,7.71091],[0.5907,7.703],[0.58283,7.6569],[0.58595,7.62393],[0.55352,7.60715],[0.5436,7.60807],[0.51837,7.59226],[0.52725,7.58936],[0.52905,7.58422],[0.52136,7.52014],[0.51895,7.51246],[0.52408,7.50275]]]}},{"type":"Feature","properties":{"display_name":"Savannah","region":"Savannah","api_district":null,"level":"region"},"geometry":{"type":"Polygon","coordinates":[[[-1.28032,8.30885],[-1.27491,8.31137],[-1.27774,8.3234],[-1.27331,8.33477],[-1.25858,8.35254],[-1.25685,8.35925],[-1.26205,8.36828],[-1.25273,8.37924],[-1.25761,8.39204],[-1.25584,8.40292],[-1.26,8.40742],[-1.25626,8.41],[-1.25369,8.42404],[-1.26301,8.43448],[-1.25854,8.45485],[-1.24536,8.46404],[-1.24475,8.47015],[-1.23181,8.47046],[-1.22941,8.477],[-1.22144,8.47739],[-1.21828,8.49122],[-1.19456,8.49405],[-1.19187,8.50215],[-1.19593,8.51151],[-1.18251,8.51059],[-1.17932,8.51784],[-1.17438,8.51687],[-1.17357,8.50758],[-1.16463,8.51198],[-1.16499,8.52316],[-1.17228,8.52856],[-1.17207,8.53532],[-1.16127,8.53563],[-1.1548,8.54246],[-1.14148,8.5765],[-1.14596,8.59129],[-1.14663,8.62544],[-1.15052,8.63327],[-1.14489,8.64611],[-1.14731,8.65573],[-1.14447,8.67735],[-1.13765,8.67847],[-1.18586,8.6782],[-1.19779,8.67002],[-1.21078,8.66808],[-1.26219,8.68998],[-1.28804,8.72026],[-1.30931,8.72175],[-1.35596,8.75906],[-1.40566,8.77395],[-1.4493,8.76565],[-1.47476,8.76527],[-1.48421,8.75997],[-1.49934,8.73838],[-1.51079,8.69174],[-1.5315,8.68099],[-1.55288,8.67555],[-1.61189,8.67701],[-1.62973,8.68101],[-1.64626,8.69291],[-1.65836,8.6954],[-1.67935,8.6839],[-1.68365,8.67355],[-1.68366,8.65645],[-1.69324,8.64381],[-1.73339,8.62636],[-1.75518,8.63007],[-1.78887,8.65237],[-1.81323,8.6615],[-1.84086,8.66119],[-1.85698,8.65156],[-1.8718,8.6347],[-1.88957,8.58562],[-1.89292,8.55608],[-1.89683,8.55278],[-1.89875,8.54028],[-1.88311,8.48016],[-1.88645,8.46449],[-1.90984,8.43847],[-1.90808,8.39765],[-1.88342,8.34756],[-1.87092,8.33399],[-1.84563,8.3293],[-1.81632,8.33933],[-1.80293,8.33941],[-1.79088,8.3367],[-1.7699,8.32271],[-1.74664,8.27047],[-1.74765,8.26146],[-1.77282,8.23155],[-1.78559,8.22623],[-1.79968,8.22619],[-1.83707,8.25051],[-1.86839,8.25938],[-1.89512,8.26165],[-1.90803,8.24693],[-1.91365,8.22962],[-1.92981,8.21279],[-1.94496,8.18324],[-1.96169,8.1689],[-2.00544,8.15573],[-2.03003,8.15519],[-2.04418,8.14754],[-2.06673,8.14635],[-2.10681,8.15735],[-2.1179,8.15705],[-2.12163,8.14971],[-2.12766,8.1476],[-2.15357,8.17135],[-2.16209,8.1736],[-2.16792,8.21142],[-2.20508,8.23179],[-2.21296,8.2415],[-2.20905,8.24956],[-2.21489,8.25861],[-2.22973,8.2634],[-2.24026,8.2815],[-2.25251,8.27683],[-2.2755,8.29311],[-2.2881,8.29652],[-2.28561,8.3193],[-2.29533,8.32692],[-2.29728,8.34332],[-2.30499,8.35481],[-2.3008,8.36273],[-2.29941,8.38484],[-2.30774,8.38973],[-2.30957,8.40073],[-2.32527,8.41738],[-2.33709,8.45425],[-2.3523,8.46145],[-2.35549,8.46932],[-2.36538,8.47471],[-2.36929,8.48555],[-2.37077,8.50035],[-2.35791,8.52071],[-2.36729,8.54029],[-2.3712,8.53928],[-2.3835,8.55406],[-2.39863,8.55707],[-2.40226,8.56428],[-2.41016,8.56705],[-2.41919,8.59268],[-2.41767,8.61243],[-2.44223,8.62999],[-2.45506,8.64824],[-2.46432,8.6518],[-2.48829,8.6858],[-2.49938,8.71838],[-2.51299,8.73004],[-2.52564,8.73249],[-2.53561,8.73928],[-2.54304,8.76152],[-2.56973,8.77241],[-2.58545,8.78647],[-2.61742,8.78702],[-2.62895,8.79431],[-2.62115,8.80768],[-2.59796,8.82237],[-2.59633,8.83074],[-2.6229,8.87788],[-2.6159,8.91154],[-2.61815,8.92208],[-2.62705,8.92968],[-2.64482,8.93602],[-2.65127,8.94401],[-2.65785,8.98375],[-2.6541,9.00744],[-2.65969,9.00688],[-2.66339,9.01528],[-2.67218,9.02023],[-2.70178,9.01535],[-2.70566,9.02088],[-2.72,9.01205],[-2.71351,9.02284],[-2.71656,9.02534],[-2.76052,9.02561],[-2.77214,9.03274],[-2.77358,9.04479],[-2.78253,9.05402],[-2.78189,9.06486],[-2.76555,9.08789],[-2.76772,9.11311],[-2.77105,9.1148],[-2.76756,9.11487],[-2.76862,9.12042],[-2.77459,9.13726],[-2.77906,9.13731],[-2.77461,9.13773],[-2.77193,9.14553],[-2.76361,9.151],[-2.74862,9.15523],[-2.75032,9.15787],[-2.74286,9.15611],[-2.73687,9.15951],[-2.72263,9.18652],[-2.72111,9.19322],[-2.72495,9.19893],[-2.72038,9.19501],[-2.71853,9.2034],[-2.71155,9.21018],[-2.69562,9.21982],[-2.69209,9.22624],[-2.66192,9.24011],[-2.65658,9.25557],[-2.68493,9.287],[-2.70106,9.2857],[-2.7106,9.29118],[-2.72125,9.31289],[-2.71954,9.33473],[-2.70313,9.33928],[-2.6811,9.36134],[-2.67517,9.37625],[-2.67524,9.39814],[-2.68755,9.4275],[-2.69005,9.44694],[-2.68409,9.48626],[-2.69374,9.5038],[-2.7138,9.52388],[-2.73101,9.52953],[-2.76066,9.55527],[-2.77106,9.57512],[-2.77113,9.60132],[-2.7642,9.60652],[-2.76213,9.61769],[-2.74726,9.63174],[-2.74436,9.64224],[-2.73184,9.64347],[-2.72651,9.63486],[-2.71925,9.63228],[-2.68047,9.63159],[-2.66495,9.63923],[-2.62785,9.6469],[-2.5215,9.68673],[-2.51491,9.69385],[-2.50822,9.71659],[-2.50889,9.74583],[-2.42108,9.77243],[-2.09688,9.81372],[-2.09122,9.78975],[-2.08643,9.78547],[-2.04223,9.77973],[-2.02478,9.78596],[-2.00338,9.82221],[-1.98685,9.82512],[-1.74219,9.82005],[-1.70883,9.82298],[-1.69674,9.87106],[-1.69917,9.88014],[-1.69633,9.88724],[-1.70707,9.89986],[-1.70462,9.92356],[-1.71396,9.92958],[-1.71612,9.94001],[-1.7067,9.94583],[-1.70797,9.95711],[-1.71187,9.96032],[-1.70746,9.96465],[-1.71264,9.97018],[-1.71,9.98129],[-1.71861,9.99826],[-1.71475,10.01224],[-1.70171,10.01384],[-1.70163,10.02192],[-1.69497,10.02342],[-1.69469,10.03099],[-1.68601,10.03866],[-1.67362,10.02529],[-1.66734,10.03557],[-1.66724,10.04509],[-1.64602,10.03802],[-1.63488,10.04261],[-1.62906,10.05288],[-1.64177,10.05772],[-1.655,10.07456],[-1.62639,10.07907],[-1.62324,10.07109],[-1.6131,10.06906],[-1.58362,10.08003],[-1.57936,10.08942],[-1.55862,10.09139],[-1.55737,10.09779],[-1.55132,10.0928],[-1.54633,10.07053],[-1.53273,10.07373],[-1.5174,10.0866],[-1.50531,10.08329],[-1.4674,10.10364],[-1.43675,10.1034],[-1.4119,10.08908],[-1.40595,10.09408],[-1.38317,10.0901],[-1.36963,10.09459],[-1.36832,10.08904],[-1.35503,10.07972],[-1.32253,10.06593],[-1.31015,10.06604],[-1.30628,10.05444],[-1.28767,10.03548],[-1.27951,10.03798],[-1.2763,10.03163],[-1.26493,10.0315],[-1.2562,10.03551],[-1.24395,10.03046],[-1.22704,10.00796],[-1.20856,10.00543],[-1.1969,9.99398],[-1.18033,9.99194],[-1.1564,9.97729],[-1.14206,9.98],[-1.13989,9.96794],[-1.12441,9.95945],[-1.10765,9.92729],[-1.12669,9.92952],[-1.16257,9.95221],[-1.17846,9.94965],[-1.17632,9.92329],[-1.18219,9.89798],[-1.17208,9.87967],[-1.16389,9.87391],[-1.16006,9.85652],[-1.16392,9.83732],[-1.1726,9.82448],[-1.16903,9.81456],[-1.174,9.80786],[-1.17431,9.78978],[-1.18669,9.80031],[-1.19812,9.79583],[-1.21479,9.79946],[-1.21812,9.81241],[-1.23831,9.82846],[-1.25346,9.82323],[-1.26318,9.82429],[-1.26386,9.81608],[-1.27356,9.80198],[-1.28528,9.80171],[-1.30505,9.81121],[-1.30926,9.81782],[-1.3076,9.82303],[-1.31421,9.81626],[-1.31382,9.8065],[-1.30871,9.80108],[-1.32279,9.79975],[-1.32768,9.8079],[-1.34137,9.80809],[-1.34777,9.8055],[-1.35154,9.79437],[-1.3477,9.77731],[-1.35083,9.76614],[-1.34536,9.7489],[-1.34955,9.74604],[-1.34668,9.73379],[-1.35001,9.72952],[-1.33874,9.70605],[-1.32529,9.698],[-1.32482,9.68882],[-1.31956,9.68428],[-1.31905,9.66711],[-1.32511,9.65606],[-1.31461,9.65334],[-1.31741,9.64799],[-1.33021,9.64392],[-1.32939,9.63384],[-1.36729,9.61781],[-1.37351,9.60864],[-1.31377,9.5488],[-1.31166,9.53802],[-1.29537,9.51932],[-1.28129,9.50989],[-1.25013,9.42748],[-1.24307,9.41936],[-1.24588,9.38594],[-1.25815,9.36067],[-1.2546,9.35286],[-1.26484,9.34202],[-1.26077,9.33144],[-1.26907,9.33073],[-1.25898,9.31978],[-1.2548,9.31026],[-1.25695,9.30788],[-1.24208,9.29027],[-1.24251,9.28476],[-1.23054,9.29058],[-1.22804,9.29606],[-1.21268,9.29834],[-1.21255,9.30284],[-1.2031,9.30863],[-1.19652,9.30385],[-1.19622,9.30859],[-1.18379,9.31015],[-1.1721,9.32116],[-1.16524,9.32124],[-1.16605,9.31768],[-1.15626,9.32124],[-1.14308,9.31748],[-1.12044,9.31835],[-1.10918,9.31438],[-1.10629,9.30818],[-1.09949,9.30916],[-1.09551,9.31541],[-1.07975,9.32154],[-1.07705,9.32629],[-1.05776,9.32792],[-1.051,9.33973],[-1.04073,9.34476],[-1.01357,9.32973],[-1.01962,9.31335],[-0.97647,9.33656],[-0.96256,9.33472],[-0.95977,9.30357],[-0.93616,9.29628],[-0.93111,9.2988],[-0.92636,9.29631],[-0.88511,9.31039],[-0.87972,9.29993],[-0.86986,9.30635],[-0.85968,9.30642],[-0.84915,9.30426],[-0.8484,9.2967],[-0.84242,9.29964],[-0.83281,9.2973],[-0.82284,9.31157],[-0.8059,9.3189],[-0.79548,9.30893],[-0.76443,9.29599],[-0.70844,9.28712],[-0.69402,9.2782],[-0.69735,9.285],[-0.71048,9.2901],[-0.71433,9.29589],[-0.71157,9.30595],[-0.71777,9.31364],[-0.71451,9.32624],[-0.68905,9.31014],[-0.68409,9.32547],[-0.65415,9.31521],[-0.63511,9.31879],[-0.63266,9.31566],[-0.63642,9.31039],[-0.62703,9.30701],[-0.61724,9.31253],[-0.61014,9.31135],[-0.60456,9.32298],[-0.59442,9.32872],[-0.58011,9.31645],[-0.56629,9.28823],[-0.55309,9.28446],[-0.54366,9.27509],[-0.5351,9.27463],[-0.51951,9.2822],[-0.51101,9.27402],[-0.50956,9.26065],[-0.48963,9.24949],[-0.46309,9.24291],[-0.4359,9.23095],[-0.42632,9.22271],[-0.39082,9.2354],[-0.35864,9.22344],[-0.34036,9.21119],[-0.32399,9.20929],[-0.31731,9.19724],[-0.30934,9.19341],[-0.30808,9.18106],[-0.2943,9.17657],[-0.29026,9.15488],[-0.28655,9.15488],[-0.28713,9.14825],[-0.28189,9.14531],[-0.28204,9.13778],[-0.25845,9.12637],[-0.2501,9.12926],[-0.24731,9.12303],[-0.23718,9.11786],[-0.23102,9.12336],[-0.22359,9.12122],[-0.21825,9.10851],[-0.20263,9.10887],[-0.20778,9.10292],[-0.20807,9.08244],[-0.21302,9.07894],[-0.20396,9.06284],[-0.21305,9.05148],[-0.21187,9.04564],[-0.21841,9.0328],[-0.20882,9.02719],[-0.20937,9.01243],[-0.21238,9.01196],[-0.204,9.00469],[-0.20603,8.99856],[-0.20283,8.99842],[-0.19547,8.97517],[-0.20049,8.94749],[-0.21317,8.946],[-0.22201,8.93575],[-0.23362,8.9363],[-0.23648,8.94007],[-0.24208,8.93083],[-0.2375,8.92027],[-0.24862,8.91744],[-0.24387,8.90857],[-0.25589,8.90087],[-0.28098,8.90125],[-0.27953,8.89603],[-0.28793,8.89244],[-0.29104,8.88545],[-0.29521,8.88874],[-0.30202,8.88568],[-0.30267,8.87885],[-0.29508,8.8657],[-0.3001,8.86489],[-0.29966,8.86081],[-0.31036,8.85826],[-0.32686,8.86306],[-0.33048,8.85893],[-0.33314,8.86637],[-0.33878,8.86734],[-0.34403,8.86254],[-0.33887,8.86101],[-0.34465,8.85549],[-0.34287,8.84637],[-0.33836,8.84528],[-0.33433,8.83696],[-0.32267,8.83413],[-0.32109,8.81927],[-0.31661,8.81623],[-0.30799,8.82047],[-0.29937,8.81928],[-0.29534,8.81072],[-0.29947,8.80907],[-0.29715,8.80589],[-0.30322,8.79481],[-0.30654,8.79559],[-0.30464,8.78707],[-0.30944,8.78559],[-0.30773,8.76993],[-0.31441,8.76504],[-0.31454,8.75073],[-0.32944,8.74211],[-0.33966,8.75587],[-0.34583,8.75843],[-0.35374,8.7544],[-0.35862,8.7481],[-0.37285,8.74325],[-0.36591,8.73482],[-0.36883,8.72255],[-0.38378,8.72403],[-0.38101,8.71137],[-0.3874,8.70878],[-0.38683,8.71141],[-0.39658,8.713],[-0.40572,8.70706],[-0.40756,8.71549],[-0.41239,8.70813],[-0.41423,8.71857],[-0.40848,8.72882],[-0.41055,8.73341],[-0.43165,8.72835],[-0.43095,8.71647],[-0.4481,8.72947],[-0.4577,8.7214],[-0.4739,8.73421],[-0.48608,8.72649],[-0.49022,8.70434],[-0.48487,8.70155],[-0.48435,8.68186],[-0.47589,8.68308],[-0.46994,8.67177],[-0.45981,8.67495],[-0.45961,8.67852],[-0.45369,8.67557],[-0.44709,8.66241],[-0.44054,8.66409],[-0.43945,8.65943],[-0.43273,8.65883],[-0.43484,8.64425],[-0.43045,8.64325],[-0.42333,8.65001],[-0.41778,8.64596],[-0.41923,8.63903],[-0.4125,8.62591],[-0.4172,8.61379],[-0.41511,8.60778],[-0.41239,8.6101],[-0.40919,8.6072],[-0.41106,8.59899],[-0.40748,8.59778],[-0.40239,8.60444],[-0.39626,8.59303],[-0.39101,8.59535],[-0.38295,8.59227],[-0.37338,8.59804],[-0.37148,8.58696],[-0.36234,8.5988],[-0.35763,8.59895],[-0.35779,8.59022],[-0.36366,8.58147],[-0.35604,8.57122],[-0.34365,8.56854],[-0.34979,8.55995],[-0.33545,8.53061],[-0.33295,8.53365],[-0.32251,8.53145],[-0.31843,8.5357],[-0.31216,8.52748],[-0.31044,8.53899],[-0.30436,8.5349],[-0.29838,8.54685],[-0.29366,8.54786],[-0.29733,8.54151],[-0.28945,8.54383],[-0.27768,8.55753],[-0.26914,8.55067],[-0.26964,8.54206],[-0.26567,8.54694],[-0.26007,8.54659],[-0.25793,8.55527],[-0.23904,8.55919],[-0.23468,8.57213],[-0.22917,8.56738],[-0.2227,8.57052],[-0.21469,8.55269],[-0.19705,8.55275],[-0.19748,8.54685],[-0.20636,8.53807],[-0.20648,8.52675],[-0.19941,8.522],[-0.20452,8.49716],[-0.20823,8.49464],[-0.19508,8.4833],[-0.20058,8.48161],[-0.21009,8.48678],[-0.21286,8.46802],[-0.21935,8.47498],[-0.24285,8.47267],[-0.23348,8.45743],[-0.21879,8.45552],[-0.22082,8.44001],[-0.24929,8.38034],[-0.25301,8.35173],[-0.25907,8.34936],[-0.29903,8.35294],[-0.30661,8.35812],[-0.3265,8.33901],[-0.30801,8.3206],[-0.27833,8.31974],[-0.26746,8.32611],[-0.26319,8.33582],[-0.24795,8.33373],[-0.23796,8.34293],[-0.21789,8.33848],[-0.21025,8.35064],[-0.19606,8.34773],[-0.18714,8.35802],[-0.18412,8.3378],[-0.16363,8.31279],[-0.15818,8.29767],[-0.14686,8.28984],[-0.14273,8.27208],[-0.16961,8.2532],[-0.16552,8.23838],[-0.16864,8.23138],[-0.17719,8.22782],[-0.18204,8.23229],[-0.18851,8.23174],[-0.1986,8.2193],[-0.21894,8.21792],[-0.22429,8.21285],[-0.23264,8.21296],[-0.23785,8.21787],[-0.25944,8.21627],[-0.27476,8.22951],[-0.28069,8.24554],[-0.31929,8.22677],[-0.36948,8.23085],[-0.38751,8.22406],[-0.39077,8.21085],[-0.38968,8.19869],[-0.38493,8.19499],[-0.36854,8.20105],[-0.34863,8.20166],[-0.35861,8.18568],[-0.35157,8.17255],[-0.35415,8.16615],[-0.38469,8.15277],[-0.41895,8.15282],[-0.44438,8.15752],[-0.50301,8.18087],[-0.54246,8.18764],[-0.63946,8.26946],[-0.74076,8.33555],[-0.77985,8.33555],[-0.80144,8.33963],[-0.85784,8.32855],[-0.85958,8.32238],[-0.85269,8.31419],[-0.86197,8.27238],[-0.89134,8.25835],[-0.93943,8.25132],[-0.94866,8.24647],[-0.95908,8.25106],[-0.96575,8.24668],[-0.96772,8.23305],[-0.97897,8.22724],[-0.98747,8.23537],[-0.98994,8.24561],[-1.01021,8.2479],[-1.01918,8.26114],[-1.0397,8.24306],[-1.04316,8.20436],[-1.04049,8.16598],[-1.06873,8.1292],[-1.04329,8.09389],[-1.041,8.07942],[-1.04813,8.06249],[-1.03368,8.05473],[-1.03463,8.04628],[-1.01943,8.03206],[-1.01646,8.01757],[-1.02984,8.01698],[-1.03482,8.02535],[-1.05246,8.02913],[-1.08144,8.01724],[-1.0904,8.00275],[-1.107,7.99237],[-1.11246,7.9953],[-1.12042,7.99315],[-1.12576,7.99769],[-1.13142,7.99524],[-1.15795,7.99927],[-1.16271,8.01496],[-1.15925,8.03436],[-1.16604,8.06033],[-1.15654,8.08861],[-1.22948,8.20483],[-1.23712,8.2237],[-1.26646,8.25729],[-1.26865,8.27685],[-1.27586,8.30427],[-1.28032,8.30885]]]}},{"type":"Feature","properties":{"display_name":"Upper East","region":"Upper East","api_district":null,"level":"region"},"geometry":{"type":"Polygon","coordinates":[[[-0.91665,10.98031],[-0.91159,10.98044],[-0.91129,10.98104],[-0.89032,10.98192],[-0.88896,10.96505],[-0.89859,10.96008],[-0.89853,10.95957],[-0.89259,10.96283],[-0.87001,10.96673],[-0.85504,10.99832],[-0.82842,10.99833],[-0.82726,11.00653],[-0.80757,11.00583],[-0.80753,10.99804],[-0.68406,10.99864],[-0.68574,10.98561],[-0.67852,10.98245],[-0.67244,10.99044],[-0.65367,10.98756],[-0.65541,10.97609],[-0.66377,10.97464],[-0.67117,10.95887],[-0.66146,10.95637],[-0.65361,10.96376],[-0.64549,10.95302],[-0.67593,10.92783],[-0.64826,10.95007],[-0.62556,10.93799],[-0.61772,10.91084],[-0.5932,10.92369],[-0.59154,10.93531],[-0.58639,10.93882],[-0.58609,10.96088],[-0.5816,10.96315],[-0.56881,10.99136],[-0.55294,10.99067],[-0.55119,10.97909],[-0.54468,10.975],[-0.5441,10.98443],[-0.52962,11.00056],[-0.52296,10.99136],[-0.51125,10.98892],[-0.50141,11.00216],[-0.50175,11.01668],[-0.48031,11.0229],[-0.48189,11.02583],[-0.47568,11.03526],[-0.46111,11.02801],[-0.43791,11.03041],[-0.43363,11.03713],[-0.43857,11.04429],[-0.43485,11.04784],[-0.43979,11.06495],[-0.43151,11.08601],[-0.42811,11.11425],[-0.41065,11.11966],[-0.40119,11.12688],[-0.37237,11.12292],[-0.37589,11.10678],[-0.37099,11.0987],[-0.37214,11.09134],[-0.36023,11.07711],[-0.36178,11.06862],[-0.37415,11.05455],[-0.35534,11.0723],[-0.35339,11.08464],[-0.34165,11.0857],[-0.33667,11.09081],[-0.33873,11.09083],[-0.33672,11.10672],[-0.32255,11.11437],[-0.27341,11.12354],[-0.27174,11.13747],[-0.2897,11.1477],[-0.28478,11.15328],[-0.28326,11.16754],[-0.27602,11.17484],[-0.21797,11.16017],[-0.21845,11.15884],[-0.21263,11.16003],[-0.13649,11.13985],[-0.1342,11.12947],[-0.14397,11.11875],[-0.14365,11.10659],[-0.12476,11.10487],[-0.09487,11.08585],[-0.05465,11.08607],[-0.04535,11.10118],[-0.03223,11.10964],[-0.01945,11.11444],[-0.00596,11.10845],[-0.00533,11.10067],[0.00222,11.09477],[0.00398,11.08269],[0.0243,11.06294],[0.02611,11.03555],[0.03281,10.98773],[0.02482,10.97252],[-0.00611,10.96259],[-0.00742,10.94568],[-0.01183,10.94386],[-0.01235,10.93802],[-0.01224,10.92403],[-0.00777,10.9206],[-0.00762,10.91457],[-0.01492,10.90622],[-0.01789,10.8897],[-0.02528,10.88135],[-0.02514,10.86594],[-0.02985,10.85588],[-0.02225,10.81966],[-0.02954,10.81506],[-0.03138,10.80737],[-0.04401,10.79897],[-0.0455,10.79236],[-0.05679,10.7863],[-0.06464,10.77274],[-0.073,10.76998],[-0.0718,10.7676],[-0.09286,10.76616],[-0.07118,10.76708],[-0.07463,10.75688],[-0.07145,10.74201],[-0.07301,10.71992],[-0.10399,10.70508],[-0.12285,10.6856],[-0.13995,10.68229],[-0.15354,10.67153],[-0.16148,10.67448],[-0.16334,10.67068],[-0.17405,10.67213],[-0.17693,10.66792],[-0.18282,10.6701],[-0.21417,10.6548],[-0.22011,10.65767],[-0.23002,10.65555],[-0.23584,10.64823],[-0.25953,10.6371],[-0.25998,10.63208],[-0.27756,10.63925],[-0.28232,10.6392],[-0.28507,10.63433],[-0.28738,10.63851],[-0.2998,10.63357],[-0.31404,10.62109],[-0.33144,10.62554],[-0.33859,10.61949],[-0.34289,10.62034],[-0.34164,10.6231],[-0.34752,10.61904],[-0.3563,10.62568],[-0.36749,10.62473],[-0.39617,10.60823],[-0.44358,10.5997],[-0.46098,10.60765],[-0.46817,10.61802],[-0.49976,10.62327],[-0.50722,10.60697],[-0.50829,10.56717],[-0.52023,10.55875],[-0.52514,10.5577],[-0.54852,10.57049],[-0.55731,10.5715],[-0.5703,10.56206],[-0.57873,10.54928],[-0.59359,10.54612],[-0.61545,10.55518],[-0.63064,10.55266],[-0.64073,10.55559],[-0.65405,10.54848],[-0.66979,10.5258],[-0.68351,10.52813],[-0.68689,10.54108],[-0.69061,10.54256],[-0.7009,10.53501],[-0.70306,10.5248],[-0.70887,10.52344],[-0.71569,10.52941],[-0.71544,10.53686],[-0.70639,10.54261],[-0.68574,10.56763],[-0.69381,10.58888],[-0.71819,10.60562],[-0.71796,10.61534],[-0.70619,10.62055],[-0.71221,10.64159],[-0.72441,10.6516],[-0.73728,10.64968],[-0.75557,10.64027],[-0.77633,10.65205],[-0.78962,10.65257],[-0.797,10.64576],[-0.79592,10.62173],[-0.82364,10.60093],[-0.83785,10.60124],[-0.84328,10.57463],[-0.85436,10.58077],[-0.86114,10.59172],[-0.87459,10.59526],[-0.90922,10.57587],[-0.90854,10.56109],[-0.89062,10.51852],[-0.91396,10.49671],[-0.92168,10.48334],[-0.93137,10.48012],[-0.93484,10.48642],[-0.9187,10.50287],[-0.90879,10.52162],[-0.91524,10.5284],[-0.92976,10.52444],[-0.936,10.52648],[-0.94818,10.53377],[-0.95917,10.5288],[-0.96536,10.53685],[-0.98071,10.53221],[-1.01034,10.5375],[-1.04163,10.52041],[-1.05379,10.49945],[-1.06602,10.49726],[-1.06605,10.49738],[-1.07035,10.49094],[-1.09755,10.48322],[-1.13332,10.45816],[-1.16559,10.41256],[-1.22701,10.39165],[-1.23203,10.38699],[-1.23211,10.36702],[-1.21402,10.34428],[-1.21043,10.32968],[-1.21442,10.31387],[-1.22411,10.30255],[-1.22291,10.29518],[-1.23194,10.29263],[-1.22824,10.2869],[-1.23252,10.2844],[-1.24105,10.28525],[-1.24151,10.27821],[-1.2471,10.28126],[-1.24443,10.27536],[-1.25375,10.27807],[-1.25618,10.30328],[-1.27176,10.31452],[-1.26896,10.32549],[-1.27279,10.32686],[-1.27314,10.32122],[-1.28522,10.32205],[-1.28909,10.32624],[-1.29774,10.32447],[-1.32636,10.33206],[-1.32491,10.34011],[-1.33631,10.34778],[-1.34164,10.34337],[-1.34818,10.34725],[-1.34328,10.35248],[-1.3504,10.3731],[-1.37325,10.38178],[-1.38174,10.39092],[-1.38486,10.40533],[-1.37363,10.40575],[-1.36667,10.41389],[-1.36386,10.42224],[-1.37141,10.42409],[-1.37276,10.42743],[-1.36488,10.42918],[-1.36238,10.43503],[-1.38006,10.45597],[-1.37323,10.45959],[-1.37744,10.46668],[-1.40234,10.48465],[-1.41811,10.46601],[-1.42939,10.46366],[-1.43642,10.46865],[-1.44658,10.46911],[-1.44978,10.47899],[-1.45799,10.47893],[-1.46709,10.48787],[-1.45933,10.4987],[-1.46276,10.50916],[-1.44845,10.51693],[-1.4571,10.53329],[-1.46454,10.53728],[-1.48586,10.53832],[-1.48991,10.55005],[-1.50491,10.56036],[-1.51826,10.56208],[-1.51598,10.57674],[-1.52659,10.58832],[-1.55393,10.5863],[-1.55942,10.59551],[-1.56598,10.59864],[-1.56767,10.64456],[-1.57346,10.6679],[-1.56823,10.72341],[-1.56182,10.72752],[-1.55684,10.74689],[-1.55134,10.75052],[-1.53362,10.74804],[-1.52623,10.76027],[-1.52873,10.76484],[-1.52281,10.77753],[-1.50521,10.77868],[-1.49608,10.78656],[-1.49148,10.80629],[-1.50045,10.81439],[-1.49176,10.83395],[-1.47863,10.83082],[-1.47307,10.84398],[-1.45843,10.84904],[-1.45338,10.86547],[-1.45851,10.87894],[-1.452,10.88857],[-1.45168,10.90803],[-1.45616,10.91164],[-1.44408,10.95038],[-1.44789,10.96406],[-1.43836,10.99063],[-1.42822,10.99805],[-1.42907,11.01347],[-1.42339,11.01515],[-1.42282,11.02026],[-1.39612,10.99061],[-1.3772,10.9861],[-1.37088,10.98891],[-1.277,10.99097],[-1.18165,10.98922],[-1.15421,10.98659],[-1.14964,10.97456],[-1.15385,10.98815],[-1.1146,10.98584],[-1.11478,11.00391],[-1.00028,11.00789],[-1.00013,10.99852],[-0.91655,11.00225],[-0.91665,10.98031]]]}},{"type":"Feature","properties":{"display_name":"Upper West","region":"Upper West","api_district":null,"level":"region"},"geometry":{"type":"Polygon","coordinates":[[[-2.50889,9.74583],[-2.50822,9.71659],[-2.51491,9.69385],[-2.5215,9.68673],[-2.62785,9.6469],[-2.66495,9.63923],[-2.68047,9.63159],[-2.71925,9.63228],[-2.72651,9.63486],[-2.73184,9.64347],[-2.74635,9.64164],[-2.7541,9.65258],[-2.75851,9.68071],[-2.78098,9.68786],[-2.78641,9.69327],[-2.78329,9.72501],[-2.7906,9.74615],[-2.77856,9.75701],[-2.75855,9.80054],[-2.7325,9.81497],[-2.7268,9.82894],[-2.73053,9.83808],[-2.74723,9.8544],[-2.76255,9.88488],[-2.76426,9.9129],[-2.75979,9.92795],[-2.74553,9.94691],[-2.74318,9.95911],[-2.75009,9.98163],[-2.77078,10.00334],[-2.78227,10.02697],[-2.78258,10.04451],[-2.79076,10.06965],[-2.78837,10.09375],[-2.794,10.12645],[-2.78772,10.14002],[-2.79488,10.1753],[-2.79412,10.17575],[-2.79793,10.18924],[-2.79592,10.19769],[-2.7612,10.2261],[-2.7562,10.24731],[-2.76333,10.26402],[-2.79781,10.27671],[-2.83415,10.2967],[-2.84948,10.31622],[-2.84978,10.32598],[-2.84217,10.34547],[-2.84157,10.36652],[-2.83141,10.38805],[-2.81752,10.39824],[-2.79984,10.39785],[-2.77979,10.40857],[-2.77274,10.42509],[-2.79091,10.42649],[-2.83367,10.4372],[-2.85556,10.4486],[-2.85387,10.45076],[-2.86346,10.45647],[-2.87206,10.47375],[-2.87463,10.49108],[-2.89908,10.5228],[-2.89809,10.5402],[-2.90179,10.55111],[-2.91075,10.56306],[-2.92441,10.59563],[-2.94042,10.61286],[-2.9406,10.63664],[-2.93095,10.65215],[-2.91566,10.66355],[-2.90546,10.68822],[-2.91085,10.69985],[-2.93999,10.70927],[-2.93676,10.72379],[-2.91889,10.73579],[-2.89393,10.76298],[-2.89625,10.76263],[-2.88098,10.80373],[-2.87909,10.83193],[-2.86354,10.85773],[-2.86557,10.88414],[-2.85826,10.89118],[-2.83707,10.89347],[-2.81752,10.92377],[-2.81974,10.94258],[-2.84064,10.96755],[-2.834,11.00409],[-2.76831,11.0048],[-2.76792,11.00387],[-2.76786,11.01263],[-2.75499,11.01919],[-2.6193,11.02004],[-2.6199,11.01085],[-2.61797,11.02131],[-2.49773,11.01824],[-2.45231,11.02332],[-2.36016,11.00815],[-2.22016,11.02066],[-2.11837,11.01428],[-2.05796,11.01748],[-2.0063,11.00401],[-1.74339,11.00811],[-1.74452,11.03796],[-1.54581,11.04023],[-1.5441,11.01015],[-1.42853,11.01107],[-1.42822,10.99805],[-1.43836,10.99063],[-1.44789,10.96406],[-1.44408,10.95038],[-1.45616,10.91164],[-1.45168,10.90803],[-1.452,10.88857],[-1.45851,10.87894],[-1.45338,10.86547],[-1.45843,10.84904],[-1.47307,10.84398],[-1.47863,10.83082],[-1.49176,10.83395],[-1.49464,10.82933],[-1.50045,10.81371],[-1.49146,10.80584],[-1.49975,10.78187],[-1.52354,10.77692],[-1.52863,10.76567],[-1.52589,10.7611],[-1.53317,10.74827],[-1.55134,10.75052],[-1.55729,10.74633],[-1.56182,10.72752],[-1.56823,10.72341],[-1.57346,10.6679],[-1.56767,10.64456],[-1.56598,10.59864],[-1.55942,10.59551],[-1.55393,10.5863],[-1.52659,10.58832],[-1.51598,10.57674],[-1.51826,10.56208],[-1.50491,10.56036],[-1.48991,10.55005],[-1.48586,10.53832],[-1.46454,10.53728],[-1.4571,10.53329],[-1.44845,10.51693],[-1.46276,10.50916],[-1.45933,10.4987],[-1.46685,10.48678],[-1.45799,10.47893],[-1.44978,10.47899],[-1.44658,10.46911],[-1.43401,10.46772],[-1.46863,10.44282],[-1.47487,10.43325],[-1.51783,10.40582],[-1.57025,10.35542],[-1.64785,10.21531],[-1.6522,10.19783],[-1.66297,10.1874],[-1.66015,10.17719],[-1.66212,10.17516],[-1.65518,10.16214],[-1.63553,10.15434],[-1.62155,10.13321],[-1.60071,10.133],[-1.59241,10.1152],[-1.59525,10.1067],[-1.58645,10.1005],[-1.58996,10.08867],[-1.58578,10.08205],[-1.58796,10.07766],[-1.6131,10.06906],[-1.62324,10.07109],[-1.62639,10.07907],[-1.655,10.07456],[-1.64177,10.05772],[-1.62906,10.05288],[-1.63488,10.04261],[-1.64602,10.03802],[-1.66724,10.04509],[-1.66734,10.03557],[-1.67362,10.02529],[-1.68601,10.03866],[-1.69469,10.03099],[-1.69497,10.02342],[-1.70163,10.02192],[-1.70171,10.01384],[-1.71475,10.01224],[-1.71861,9.99826],[-1.71,9.98129],[-1.71264,9.97018],[-1.70746,9.96465],[-1.71187,9.96032],[-1.70797,9.95711],[-1.7067,9.94583],[-1.71612,9.94001],[-1.71396,9.92958],[-1.70462,9.92356],[-1.70707,9.89986],[-1.69633,9.88724],[-1.70303,9.84156],[-1.70663,9.82521],[-1.71072,9.82186],[-1.98685,9.82512],[-2.00338,9.82221],[-2.02478,9.78596],[-2.04223,9.77973],[-2.08643,9.78547],[-2.09122,9.78975],[-2.09688,9.81372],[-2.42108,9.77243],[-2.48695,9.75295],[-2.48663,9.75526],[-2.50889,9.74583]]]}},{"type":"Feature","properties":{"display_name":"Volta","region":"Volta","api_district":null,"level":"region"},"geometry":{"type":"Polygon","coordinates":[[[0.49048,5.99529],[0.49198,5.97965],[0.48485,5.97552],[0.48371,5.99248],[0.48071,5.99063],[0.46743,5.99831],[0.45007,6.00158],[0.44105,5.99499],[0.44111,5.9827],[0.43431,5.97398],[0.39459,5.96076],[0.36642,5.9604],[0.34388,5.95391],[0.35334,5.9866],[0.34086,5.98915],[0.32972,5.99664],[0.33983,6.01915],[0.34866,6.02216],[0.33177,6.03391],[0.33785,6.04719],[0.29547,6.05729],[0.28952,6.06426],[0.28478,6.08075],[0.24775,6.10568],[0.23295,6.11026],[0.22894,6.11006],[0.23303,6.10799],[0.18936,6.09683],[0.14259,6.10954],[0.12233,6.12754],[0.1189,6.13726],[0.10469,6.14042],[0.09323,6.15457],[0.09109,6.1604],[0.09602,6.17709],[0.10451,6.18375],[0.11886,6.21895],[0.12775,6.25522],[0.1361,6.25984],[0.15948,6.30022],[0.17572,6.30275],[0.1763,6.3074],[0.16821,6.31347],[0.1697,6.32795],[0.18169,6.33107],[0.1727,6.33088],[0.17809,6.33393],[0.17891,6.34066],[0.18703,6.33886],[0.18556,6.34215],[0.18828,6.3457],[0.20467,6.35719],[0.19999,6.37074],[0.20496,6.37141],[0.2165,6.38443],[0.20877,6.39667],[0.21205,6.41256],[0.20954,6.40121],[0.17799,6.42421],[0.18624,6.44029],[0.18375,6.46602],[0.18919,6.47537],[0.18721,6.48256],[0.17891,6.48665],[0.18209,6.49525],[0.17779,6.51145],[0.19974,6.54852],[0.19455,6.56395],[0.18804,6.56818],[0.16323,6.57002],[0.15181,6.57783],[0.12865,6.57554],[0.10444,6.56692],[0.11037,6.61659],[0.12318,6.66598],[0.16149,6.6832],[0.1692,6.68972],[0.19903,6.69696],[0.20366,6.70329],[0.2082,6.75756],[0.19251,6.78932],[0.15852,6.81613],[0.14487,6.81847],[0.13316,6.82908],[0.12416,6.84332],[0.1198,6.8704],[0.12293,6.88943],[0.13548,6.90998],[0.14782,6.92149],[0.20618,6.94249],[0.22743,6.97397],[0.22135,7.00788],[0.19971,7.05159],[0.19669,7.0675],[0.20288,7.08056],[0.22449,7.09935],[0.3158,7.09593],[0.3285,7.0892],[0.32809,7.09735],[0.33977,7.11585],[0.33857,7.13058],[0.35022,7.12654],[0.35747,7.13165],[0.37121,7.15423],[0.3916,7.22658],[0.41549,7.2661],[0.42711,7.28088],[0.43534,7.28455],[0.44096,7.2774],[0.44836,7.2771],[0.4454,7.28157],[0.45202,7.28485],[0.44856,7.29773],[0.46518,7.28968],[0.49143,7.29014],[0.50507,7.3009],[0.52253,7.29764],[0.53418,7.30511],[0.5405,7.29552],[0.54169,7.27144],[0.53356,7.24733],[0.51709,7.23968],[0.52121,7.23467],[0.51933,7.22047],[0.53568,7.22003],[0.54271,7.2251],[0.54091,7.23317],[0.54862,7.2389],[0.54905,7.24645],[0.56093,7.25965],[0.56285,7.26819],[0.57169,7.26757],[0.57327,7.28104],[0.57709,7.28408],[0.5741,7.28777],[0.58079,7.28857],[0.58358,7.27806],[0.60632,7.26647],[0.64419,7.26298],[0.63127,7.19643],[0.62487,7.1828],[0.61717,7.18247],[0.61689,7.16164],[0.61327,7.15686],[0.60558,7.15752],[0.60511,7.14099],[0.59692,7.13358],[0.59207,7.11369],[0.59792,7.11435],[0.60226,7.10871],[0.61183,7.10594],[0.61468,7.09516],[0.59708,7.06001],[0.60268,7.02324],[0.59413,7.00904],[0.59521,7.00243],[0.54855,6.99349],[0.53863,6.9863],[0.53513,6.97802],[0.52287,6.97337],[0.52594,6.9416],[0.52479,6.94002],[0.54773,6.93763],[0.55002,6.92963],[0.55948,6.92865],[0.56591,6.92241],[0.55786,6.88812],[0.53445,6.87744],[0.54317,6.86472],[0.53178,6.85674],[0.53276,6.82881],[0.52013,6.82565],[0.53939,6.82464],[0.54636,6.82817],[0.5473,6.83439],[0.56096,6.82392],[0.565,6.82469],[0.57037,6.80888],[0.5798,6.80734],[0.5759,6.79822],[0.56737,6.80262],[0.57072,6.79704],[0.56709,6.79693],[0.56999,6.79294],[0.56639,6.78287],[0.57743,6.77443],[0.57173,6.77438],[0.58168,6.76152],[0.60089,6.75648],[0.60838,6.7472],[0.61876,6.75449],[0.62519,6.74739],[0.63261,6.74885],[0.65041,6.73763],[0.64323,6.71913],[0.64916,6.71276],[0.64371,6.69726],[0.64466,6.66661],[0.63551,6.64336],[0.63997,6.63842],[0.6296,6.62685],[0.61299,6.59925],[0.63153,6.62889],[0.64307,6.63225],[0.65641,6.6086],[0.66695,6.60523],[0.67277,6.61366],[0.69786,6.58844],[0.71173,6.58502],[0.72366,6.58994],[0.74244,6.58904],[0.74886,6.5631],[0.71903,6.53491],[0.71738,6.52747],[0.72173,6.50201],[0.73216,6.48481],[0.74652,6.48395],[0.74488,6.45838],[0.74922,6.44819],[0.78195,6.43448],[0.78752,6.41339],[0.82609,6.40411],[0.86189,6.37916],[0.8838,6.35552],[0.89264,6.33551],[0.964,6.33495],[1.00435,6.33474],[1.00804,6.32163],[1.00534,6.31101],[1.00794,6.2938],[1.01574,6.28724],[1.01781,6.26968],[1.03652,6.23828],[1.05483,6.23333],[1.06631,6.21902],[1.0757,6.19442],[1.07158,6.19494],[1.08095,6.1829],[1.07916,6.17772],[1.07649,6.18226],[1.07543,6.17714],[1.07895,6.17148],[1.08572,6.16864],[1.20021,6.16763],[1.19948,6.1127],[1.12612,6.07734],[1.08184,6.04652],[1.03137,5.98271],[0.99562,5.92648],[0.99025,5.90672],[0.99375,5.87955],[0.98843,5.85751],[0.98087,5.84048],[0.95992,5.81484],[0.94121,5.7961],[0.92401,5.78651],[0.82652,5.77449],[0.81652,5.76964],[0.73409,5.77303],[0.7278,5.77014],[0.72236,5.77048],[0.71275,5.76783],[0.70812,5.76794],[0.71525,5.7731],[0.69349,5.77048],[0.6941,5.76559],[0.68016,5.77078],[0.67556,5.7768],[0.6829,5.77458],[0.68797,5.77777],[0.6777,5.79517],[0.65187,5.80522],[0.65458,5.82725],[0.64289,5.84097],[0.62029,5.83426],[0.61974,5.85396],[0.63152,5.86679],[0.61499,5.86458],[0.61243,5.87284],[0.61907,5.87576],[0.60679,5.87687],[0.59972,5.89057],[0.57457,5.89985],[0.58876,5.91867],[0.57606,5.93284],[0.57065,5.92985],[0.56609,5.93816],[0.55903,5.9393],[0.551,5.92029],[0.54794,5.92494],[0.55177,5.92901],[0.54854,5.93169],[0.55041,5.93508],[0.54737,5.93503],[0.54172,5.9497],[0.52404,5.95489],[0.52537,5.97883],[0.499,5.99104],[0.49048,5.99529]]]}},{"type":"Feature","properties":{"display_name":"Western","region":"Western","api_district":null,"level":"region"},"geometry":{"type":"Polygon","coordinates":[[[-2.18125,4.81556],[-2.20355,4.82195],[-2.20409,4.83156],[-2.21088,4.83857],[-2.24746,4.85529],[-2.24176,4.86245],[-2.24773,4.88032],[-2.26942,4.8923],[-2.26745,4.91335],[-2.26998,4.89962],[-2.38357,4.94346],[-2.51216,4.97079],[-2.55989,4.98697],[-2.56434,4.97579],[-2.635,4.98226],[-2.67125,4.99934],[-2.73821,5.00835],[-2.77146,5.01897],[-3.1086,5.0902],[-3.10905,5.11595],[-3.10167,5.11237],[-3.0943,5.11537],[-3.08506,5.11188],[-3.07241,5.11308],[-3.07176,5.11943],[-3.06343,5.12196],[-3.05191,5.11595],[-3.04827,5.12042],[-3.04199,5.11659],[-3.02148,5.11943],[-3.00236,5.11098],[-2.97624,5.08708],[-2.9491,5.08405],[-2.94162,5.09398],[-2.92957,5.0967],[-2.93433,5.1026],[-2.93455,5.11076],[-2.94314,5.11432],[-2.93987,5.12521],[-2.9282,5.12084],[-2.90615,5.12346],[-2.89174,5.11947],[-2.89064,5.12675],[-2.88403,5.12376],[-2.87685,5.12806],[-2.86336,5.12313],[-2.84443,5.10733],[-2.83813,5.10961],[-2.84088,5.11463],[-2.8322,5.12144],[-2.82729,5.11989],[-2.81756,5.1056],[-2.81352,5.11341],[-2.81022,5.10627],[-2.80612,5.11161],[-2.79062,5.10701],[-2.78571,5.11759],[-2.78544,5.10902],[-2.77252,5.11146],[-2.75726,5.10074],[-2.7541,5.11659],[-2.74219,5.1135],[-2.73735,5.1188],[-2.7401,5.12323],[-2.73745,5.12884],[-2.73206,5.12867],[-2.73266,5.13445],[-2.72774,5.13139],[-2.72377,5.14093],[-2.72721,5.14012],[-2.73101,5.15179],[-2.73647,5.14871],[-2.74158,5.1557],[-2.73576,5.16226],[-2.74061,5.16114],[-2.74558,5.16694],[-2.74122,5.17566],[-2.74951,5.19449],[-2.74763,5.20207],[-2.75712,5.20053],[-2.76482,5.21691],[-2.75696,5.21835],[-2.76095,5.2297],[-2.75535,5.23299],[-2.76582,5.23634],[-2.76238,5.24568],[-2.75473,5.24216],[-2.76077,5.24983],[-2.75492,5.24617],[-2.75457,5.25322],[-2.7639,5.25516],[-2.76555,5.25993],[-2.77281,5.25844],[-2.77592,5.26531],[-2.77889,5.26359],[-2.77928,5.26604],[-2.76927,5.26824],[-2.78073,5.27649],[-2.78526,5.28559],[-2.78119,5.29466],[-2.76955,5.29458],[-2.76644,5.30522],[-2.76606,5.31717],[-2.77176,5.32901],[-2.77745,5.33094],[-2.77055,5.33622],[-2.77673,5.34642],[-2.76838,5.35699],[-2.75568,5.34377],[-2.73837,5.34723],[-2.72662,5.34094],[-2.71466,5.34922],[-2.70403,5.34762],[-2.69951,5.34251],[-2.6928,5.34872],[-2.68679,5.34832],[-2.67831,5.35452],[-2.67115,5.36793],[-2.65221,5.37726],[-2.63091,5.40221],[-2.62711,5.402],[-2.61948,5.41164],[-2.61339,5.41152],[-2.61782,5.41248],[-2.61785,5.42553],[-2.61006,5.43242],[-2.61038,5.44862],[-2.60105,5.45413],[-2.60406,5.46551],[-2.59065,5.4648],[-2.59113,5.4694],[-2.60006,5.47035],[-2.59753,5.48612],[-2.57945,5.48631],[-2.58477,5.49888],[-2.57878,5.51371],[-2.58205,5.51766],[-2.59173,5.51851],[-2.59861,5.51232],[-2.60435,5.52648],[-2.59596,5.52537],[-2.59821,5.53495],[-2.59124,5.54638],[-2.58048,5.54858],[-2.57916,5.54308],[-2.57221,5.54192],[-2.5692,5.5549],[-2.57689,5.56241],[-2.56904,5.55912],[-2.56674,5.58114],[-2.55888,5.58167],[-2.56156,5.58772],[-2.56924,5.58714],[-2.57157,5.59093],[-2.56558,5.59686],[-2.56898,5.6086],[-2.58207,5.62325],[-2.57981,5.62744],[-2.57325,5.62766],[-2.57336,5.64796],[-2.55776,5.64142],[-2.55313,5.64666],[-2.55849,5.66048],[-2.57635,5.65774],[-2.58028,5.6649],[-2.57435,5.66371],[-2.57471,5.67375],[-2.56351,5.67665],[-2.56566,5.68164],[-2.57454,5.67827],[-2.57201,5.69043],[-2.55888,5.68487],[-2.55104,5.68968],[-2.55989,5.70213],[-2.55666,5.70725],[-2.56892,5.71125],[-2.56604,5.724],[-2.58128,5.74084],[-2.59269,5.74292],[-2.59376,5.73387],[-2.59799,5.733],[-2.60736,5.73692],[-2.59609,5.75219],[-2.57783,5.76036],[-2.5712,5.76939],[-2.57848,5.78513],[-2.57176,5.79188],[-2.58122,5.79521],[-2.58204,5.80781],[-2.57162,5.80705],[-2.5684,5.81086],[-2.55654,5.79419],[-2.53613,5.79747],[-2.5251,5.79524],[-2.52957,5.78573],[-2.50881,5.77728],[-2.50628,5.78259],[-2.49776,5.78505],[-2.49867,5.79051],[-2.5031,5.79224],[-2.49548,5.79641],[-2.50197,5.80102],[-2.50148,5.81001],[-2.4978,5.80954],[-2.49449,5.80066],[-2.48273,5.80202],[-2.48756,5.81217],[-2.48601,5.82569],[-2.49612,5.82278],[-2.50602,5.82709],[-2.50974,5.82348],[-2.51772,5.82483],[-2.51215,5.83467],[-2.52059,5.83538],[-2.51303,5.86521],[-2.50406,5.86307],[-2.50489,5.87057],[-2.49979,5.87304],[-2.49612,5.86707],[-2.48714,5.86991],[-2.49879,5.88751],[-2.49808,5.89602],[-2.51028,5.89913],[-2.50983,5.91453],[-2.49785,5.91444],[-2.49717,5.91716],[-2.50568,5.92316],[-2.50202,5.9264],[-2.51057,5.94634],[-2.50757,5.95004],[-2.51645,5.95438],[-2.51507,5.96695],[-2.53076,5.96907],[-2.5347,5.96533],[-2.53847,5.97848],[-2.5584,5.97867],[-2.55724,5.98391],[-2.54965,5.98744],[-2.55,5.99259],[-2.53702,6.00348],[-2.51156,6.04354],[-2.5041,6.04927],[-2.50427,6.05431],[-2.49928,6.05346],[-2.49936,6.05892],[-2.48932,6.0646],[-2.50599,6.0725],[-2.50679,6.08303],[-2.49631,6.09269],[-2.48233,6.09619],[-2.47599,6.10802],[-2.47094,6.10957],[-2.46065,6.10972],[-2.45167,6.09967],[-2.44405,6.11684],[-2.43863,6.11988],[-2.4324,6.11451],[-2.43383,6.10699],[-2.41272,6.08829],[-2.39916,6.08984],[-2.39127,6.08432],[-2.37737,6.0829],[-2.37284,6.07174],[-2.3769,6.0826],[-2.37087,6.08439],[-2.37331,6.08642],[-2.37042,6.09763],[-2.35401,6.10551],[-2.32416,6.10112],[-2.31653,6.09599],[-2.30343,6.09651],[-2.29057,6.10374],[-2.28347,6.10224],[-2.27213,6.12169],[-2.25686,6.1199],[-2.25571,6.13596],[-2.229,6.15031],[-2.21456,6.14177],[-2.189,6.14718],[-2.18174,6.121],[-2.17112,6.12365],[-2.16237,6.11981],[-2.15437,6.10632],[-2.14115,6.09974],[-2.14027,6.09119],[-2.12992,6.09288],[-2.05868,6.07153],[-2.04761,6.05922],[-2.05151,6.05001],[-2.02771,6.04257],[-2.01824,6.02768],[-1.99221,6.02156],[-1.9853,6.01647],[-1.98401,6.00999],[-1.96849,6.00108],[-1.95381,5.98431],[-1.94435,5.98348],[-1.93923,5.96966],[-1.93921,5.95584],[-1.92814,5.94257],[-1.90902,5.93718],[-1.91017,5.92824],[-1.90315,5.91741],[-1.89204,5.91583],[-1.88784,5.90854],[-1.88808,5.8976],[-1.87968,5.88936],[-1.86962,5.88386],[-1.85908,5.88613],[-1.85395,5.89544],[-1.8418,5.90168],[-1.83669,5.89543],[-1.82585,5.89942],[-1.81616,5.89095],[-1.81372,5.86782],[-1.8228,5.8538],[-1.83191,5.82081],[-1.8407,5.80455],[-1.84466,5.80496],[-1.83648,5.79072],[-1.83409,5.79402],[-1.82977,5.79197],[-1.8288,5.78648],[-1.84005,5.78181],[-1.85073,5.76758],[-1.81114,5.75945],[-1.80099,5.75095],[-1.80061,5.74463],[-1.81363,5.73667],[-1.81664,5.72483],[-1.78653,5.73262],[-1.78379,5.72548],[-1.79103,5.70979],[-1.79182,5.69555],[-1.81268,5.676],[-1.82322,5.67458],[-1.81804,5.67466],[-1.83218,5.59244],[-1.82446,5.5932],[-1.75058,5.62689],[-1.73772,5.6236],[-1.71952,5.63019],[-1.71347,5.63639],[-1.6857,5.64227],[-1.67846,5.63472],[-1.67636,5.60808],[-1.658,5.61823],[-1.64596,5.61791],[-1.62312,5.6018],[-1.61767,5.58518],[-1.60962,5.5757],[-1.60756,5.56353],[-1.59464,5.56491],[-1.59035,5.55443],[-1.594,5.52988],[-1.60812,5.5319],[-1.61622,5.5188],[-1.6127,5.46578],[-1.60223,5.45653],[-1.60167,5.45061],[-1.62249,5.4401],[-1.62885,5.42199],[-1.62313,5.42029],[-1.62084,5.42597],[-1.61288,5.42131],[-1.60909,5.42336],[-1.59651,5.41074],[-1.57874,5.41047],[-1.56299,5.41535],[-1.54741,5.40613],[-1.52574,5.40294],[-1.51386,5.39268],[-1.50238,5.40135],[-1.48934,5.39924],[-1.47863,5.38937],[-1.47481,5.37773],[-1.46209,5.38188],[-1.45662,5.34802],[-1.44657,5.33987],[-1.43736,5.33832],[-1.41413,5.31791],[-1.39979,5.298],[-1.4277,5.28905],[-1.43551,5.26755],[-1.44409,5.26781],[-1.44863,5.22964],[-1.44632,5.21013],[-1.46178,5.20722],[-1.4812,5.20995],[-1.49052,5.20629],[-1.5099,5.20827],[-1.52276,5.19964],[-1.52506,5.17067],[-1.53302,5.17372],[-1.53834,5.16339],[-1.56739,5.1584],[-1.56842,5.16251],[-1.57034,5.15838],[-1.60105,5.15496],[-1.58145,5.15493],[-1.58022,5.03314],[-1.60422,5.02932],[-1.62236,5.021],[-1.63352,4.99919],[-1.63119,4.99157],[-1.63561,4.98672],[-1.63467,4.98098],[-1.64072,4.97837],[-1.64319,4.97129],[-1.67411,4.96543],[-1.66937,4.96821],[-1.70279,4.95514],[-1.70582,4.95081],[-1.70249,4.94635],[-1.70679,4.94627],[-1.70885,4.94054],[-1.70618,4.93366],[-1.73498,4.92355],[-1.74196,4.91629],[-1.74836,4.89499],[-1.74215,4.88752],[-1.73315,4.88816],[-1.73503,4.88153],[-1.76739,4.87492],[-1.8073,4.87352],[-1.81317,4.87079],[-1.81343,4.86677],[-1.83023,4.86197],[-1.83808,4.84864],[-1.87118,4.84336],[-1.88487,4.83524],[-1.89049,4.82644],[-1.91255,4.82578],[-1.9171,4.81355],[-1.93669,4.80681],[-1.93995,4.79527],[-1.94859,4.79302],[-1.94762,4.78768],[-1.97222,4.76929],[-1.97406,4.75892],[-1.98016,4.75577],[-1.99194,4.75936],[-2.02671,4.75737],[-2.0357,4.75153],[-2.03582,4.75598],[-2.03885,4.75526],[-2.05148,4.74705],[-2.05447,4.73981],[-2.06467,4.74665],[-2.06837,4.74297],[-2.07192,4.74834],[-2.0796,4.74864],[-2.09213,4.73877],[-2.09395,4.74902],[-2.11172,4.75457],[-2.10939,4.76352],[-2.1135,4.7642],[-2.10514,4.77556],[-2.12228,4.78966],[-2.13483,4.78953],[-2.15338,4.79783],[-2.16632,4.79668],[-2.17008,4.792],[-2.1684,4.79929],[-2.17229,4.80372],[-2.16958,4.80748],[-2.17981,4.81634],[-2.18125,4.81556]]]}},{"type":"Feature","properties":{"display_name":"Western North","region":"Western North","api_district":null,"level":"region"},"geometry":{"type":"Polygon","coordinates":[[[-2.53847,5.97848],[-2.5347,5.96533],[-2.53076,5.96907],[-2.51507,5.96695],[-2.51645,5.95438],[-2.50757,5.95004],[-2.51057,5.94634],[-2.50332,5.93463],[-2.50202,5.9264],[-2.50568,5.92316],[-2.49717,5.91716],[-2.49785,5.91444],[-2.50983,5.91453],[-2.51028,5.89913],[-2.49808,5.89602],[-2.49879,5.88751],[-2.48714,5.86991],[-2.49612,5.86707],[-2.49979,5.87304],[-2.50489,5.87057],[-2.50406,5.86307],[-2.51303,5.86521],[-2.52059,5.83538],[-2.51215,5.83467],[-2.51772,5.82483],[-2.50974,5.82348],[-2.50602,5.82709],[-2.49612,5.82278],[-2.48601,5.82569],[-2.48756,5.81217],[-2.48273,5.80202],[-2.49449,5.80066],[-2.4978,5.80954],[-2.50148,5.81001],[-2.50197,5.80102],[-2.49548,5.79641],[-2.5031,5.79224],[-2.49867,5.79051],[-2.49776,5.78505],[-2.50628,5.78259],[-2.50881,5.77728],[-2.52957,5.78573],[-2.5251,5.79524],[-2.53613,5.79747],[-2.55654,5.79419],[-2.5684,5.81086],[-2.57162,5.80705],[-2.58204,5.80781],[-2.58122,5.79521],[-2.57176,5.79188],[-2.57848,5.78513],[-2.5712,5.76939],[-2.57783,5.76036],[-2.59609,5.75219],[-2.60736,5.73692],[-2.59799,5.733],[-2.59376,5.73387],[-2.59269,5.74292],[-2.58128,5.74084],[-2.56604,5.724],[-2.56892,5.71125],[-2.55666,5.70725],[-2.55989,5.70213],[-2.55104,5.68968],[-2.55888,5.68487],[-2.57201,5.69043],[-2.57454,5.67827],[-2.56566,5.68164],[-2.56351,5.67665],[-2.57188,5.67613],[-2.57549,5.67228],[-2.57391,5.66423],[-2.58066,5.66249],[-2.57635,5.65774],[-2.55899,5.6608],[-2.55313,5.64666],[-2.55776,5.64142],[-2.57336,5.64796],[-2.57325,5.62766],[-2.57981,5.62744],[-2.58207,5.62325],[-2.56898,5.6086],[-2.56558,5.59686],[-2.57157,5.59093],[-2.56924,5.58714],[-2.56156,5.58772],[-2.55888,5.58167],[-2.56674,5.58114],[-2.56904,5.55912],[-2.57689,5.56241],[-2.5692,5.5549],[-2.57221,5.54192],[-2.57916,5.54308],[-2.58048,5.54858],[-2.59124,5.54638],[-2.59821,5.53495],[-2.59596,5.52537],[-2.60435,5.52648],[-2.59861,5.51232],[-2.59173,5.51851],[-2.58205,5.51766],[-2.57878,5.51371],[-2.58477,5.49888],[-2.57962,5.48577],[-2.59753,5.48612],[-2.60006,5.47035],[-2.59113,5.4694],[-2.59065,5.4648],[-2.60406,5.46551],[-2.60105,5.45413],[-2.61038,5.44862],[-2.61006,5.43242],[-2.61785,5.42553],[-2.62054,5.40864],[-2.63091,5.40221],[-2.65221,5.37726],[-2.67115,5.36793],[-2.67882,5.35405],[-2.68679,5.34832],[-2.6928,5.34872],[-2.69755,5.34268],[-2.71466,5.34922],[-2.72059,5.34591],[-2.72416,5.35746],[-2.72419,5.38776],[-2.74781,5.43789],[-2.76827,5.55437],[-2.76135,5.59932],[-2.7789,5.60579],[-2.77534,5.6151],[-2.78503,5.61424],[-2.78629,5.62481],[-2.7903,5.62338],[-2.7927,5.6279],[-2.79334,5.62321],[-2.80713,5.61829],[-2.8051,5.62127],[-2.81055,5.62489],[-2.80871,5.6273],[-2.82219,5.62639],[-2.82855,5.63449],[-2.84588,5.64274],[-2.84867,5.64862],[-2.85619,5.64932],[-2.85835,5.65708],[-2.86857,5.64508],[-2.88209,5.64009],[-2.88604,5.63473],[-2.89993,5.62922],[-2.92074,5.62799],[-2.92443,5.62124],[-2.93447,5.61976],[-2.94756,5.63662],[-2.96665,5.64061],[-2.96102,5.66965],[-2.95333,5.67383],[-2.95273,5.71598],[-3.02608,5.70973],[-3.02051,5.85709],[-3.07282,5.98254],[-3.10228,6.15194],[-3.13094,6.20807],[-3.15481,6.25223],[-3.1743,6.25157],[-3.17073,6.29421],[-3.17696,6.31289],[-3.18576,6.32596],[-3.1865,6.34291],[-3.23664,6.53873],[-3.23415,6.59647],[-3.26206,6.61761],[-3.25666,6.64386],[-3.24368,6.66548],[-3.23526,6.66767],[-3.23667,6.67641],[-3.23108,6.68067],[-3.23272,6.68631],[-3.22782,6.69126],[-3.23216,6.70059],[-3.2223,6.70522],[-3.209,6.73163],[-3.21784,6.74885],[-3.21191,6.7553],[-3.22717,6.76779],[-3.2313,6.77665],[-3.23184,6.82114],[-3.22619,6.82456],[-3.1829,6.82206],[-3.22575,6.82487],[-3.11656,7.00587],[-3.09971,6.99426],[-3.09223,6.97965],[-3.07558,6.97187],[-3.07198,6.96302],[-3.07278,6.94368],[-3.06517,6.93953],[-3.04563,6.93824],[-3.03387,6.92745],[-3.0167,6.93095],[-3.01282,6.93661],[-2.99603,6.94047],[-2.98869,6.94644],[-2.96903,6.93705],[-2.9386,6.9414],[-2.92854,6.92917],[-2.9198,6.92492],[-2.91849,6.91797],[-2.90533,6.90622],[-2.89627,6.89291],[-2.89676,6.8875],[-2.88594,6.87955],[-2.87165,6.8537],[-2.86481,6.85163],[-2.85412,6.83159],[-2.85929,6.82413],[-2.85803,6.81971],[-2.84871,6.81604],[-2.84843,6.81071],[-2.8428,6.80642],[-2.84888,6.79971],[-2.83754,6.78867],[-2.84984,6.77281],[-2.84081,6.75868],[-2.84131,6.75032],[-2.84618,6.74695],[-2.84574,6.74121],[-2.85885,6.73215],[-2.85793,6.72689],[-2.86591,6.71869],[-2.86462,6.71298],[-2.85932,6.71151],[-2.86228,6.70462],[-2.85819,6.69833],[-2.86232,6.69709],[-2.86167,6.6933],[-2.85571,6.68249],[-2.84949,6.67923],[-2.84807,6.66903],[-2.85726,6.65978],[-2.87338,6.65754],[-2.87674,6.65261],[-2.87412,6.65416],[-2.86637,6.64976],[-2.87158,6.64172],[-2.86942,6.63823],[-2.85137,6.64293],[-2.84418,6.6365],[-2.83274,6.63473],[-2.83093,6.62676],[-2.82453,6.62603],[-2.81602,6.61669],[-2.80367,6.61605],[-2.80084,6.60703],[-2.78895,6.60156],[-2.78463,6.59489],[-2.77979,6.57577],[-2.76305,6.58444],[-2.74811,6.58066],[-2.72732,6.58882],[-2.70185,6.58527],[-2.68113,6.57201],[-2.67413,6.5054],[-2.66871,6.51136],[-2.66338,6.52508],[-2.65641,6.52941],[-2.64941,6.52567],[-2.64593,6.52998],[-2.6352,6.52893],[-2.60614,6.51963],[-2.59239,6.50462],[-2.58523,6.48974],[-2.56217,6.48083],[-2.54337,6.46383],[-2.53299,6.45984],[-2.52738,6.46205],[-2.52683,6.45491],[-2.53965,6.44835],[-2.55236,6.4322],[-2.55894,6.42971],[-2.55716,6.42116],[-2.54773,6.40975],[-2.54688,6.40052],[-2.50387,6.41517],[-2.47697,6.40268],[-2.46884,6.39156],[-2.46856,6.38053],[-2.44757,6.37105],[-2.42738,6.34828],[-2.39747,6.3516],[-2.39873,6.34105],[-2.38982,6.33426],[-2.38991,6.34647],[-2.38486,6.35038],[-2.38101,6.34682],[-2.37825,6.34931],[-2.36186,6.38481],[-2.35113,6.39514],[-2.34402,6.43369],[-2.34984,6.43465],[-2.35084,6.44722],[-2.35516,6.4475],[-2.34897,6.45538],[-2.36,6.47721],[-2.35219,6.48413],[-2.34364,6.48237],[-2.33738,6.49327],[-2.31011,6.48985],[-2.30413,6.48353],[-2.29355,6.49162],[-2.27904,6.48703],[-2.26263,6.49113],[-2.23994,6.47215],[-2.23009,6.45005],[-2.23168,6.42067],[-2.22586,6.41778],[-2.22767,6.40842],[-2.21541,6.36376],[-2.21661,6.34473],[-2.22243,6.33977],[-2.22712,6.31997],[-2.20006,6.3545],[-2.17269,6.36488],[-2.15256,6.35442],[-2.14911,6.34845],[-2.13647,6.34796],[-2.12465,6.33677],[-2.12118,6.3291],[-2.12755,6.31882],[-2.12408,6.30121],[-2.11951,6.30772],[-2.09936,6.30927],[-2.07425,6.29447],[-2.07958,6.29049],[-2.0772,6.28658],[-2.08028,6.27511],[-2.09864,6.23991],[-2.10661,6.24604],[-2.12659,6.25029],[-2.13139,6.25894],[-2.17555,6.21433],[-2.20593,6.19797],[-2.189,6.14718],[-2.21456,6.14177],[-2.22998,6.15017],[-2.25571,6.13596],[-2.25686,6.1199],[-2.27116,6.12232],[-2.28347,6.10224],[-2.29176,6.10344],[-2.30343,6.09651],[-2.31875,6.0963],[-2.32416,6.10112],[-2.35401,6.10551],[-2.36056,6.10025],[-2.36212,6.10054],[-2.36202,6.10067],[-2.37058,6.09743],[-2.37087,6.08439],[-2.39127,6.08432],[-2.39916,6.08984],[-2.41197,6.08791],[-2.43383,6.10699],[-2.43342,6.11581],[-2.43863,6.11988],[-2.44519,6.11546],[-2.44517,6.11504],[-2.44897,6.10208],[-2.45245,6.10016],[-2.46065,6.10972],[-2.47599,6.10802],[-2.48233,6.09619],[-2.49631,6.09269],[-2.50679,6.08303],[-2.50599,6.0725],[-2.48932,6.0646],[-2.49936,6.05892],[-2.49928,6.05346],[-2.50427,6.05431],[-2.50589,6.0466],[-2.51156,6.04354],[-2.53702,6.00348],[-2.55,5.99259],[-2.54965,5.98744],[-2.55682,5.98465],[-2.56777,5.96993],[-2.56012,5.97833],[-2.54261,5.97996],[-2.53847,5.97848]]]}}]}