{"type":"FeatureCollection","features":[{"type":"Feature","properties":{"display_name":"Asunafo North","region":"Ahafo","api_district":"Asunafo North Municipal","match_resolution":"base"},"geometry":{"type":"Polygon","coordinates":[[[-2.8775,6.65303],[-2.87,6.65882],[-2.85726,6.65978],[-2.84807,6.66903],[-2.84949,6.67923],[-2.85571,6.68249],[-2.86167,6.6933],[-2.86232,6.69709],[-2.85819,6.69833],[-2.86228,6.70462],[-2.85932,6.71151],[-2.86462,6.71298],[-2.86591,6.71869],[-2.85793,6.72689],[-2.85718,6.73402],[-2.84512,6.74196],[-2.84618,6.74695],[-2.84023,6.75602],[-2.84984,6.77281],[-2.83757,6.78881],[-2.84888,6.79971],[-2.84285,6.8066],[-2.85031,6.81773],[-2.85786,6.81936],[-2.85512,6.83586],[-2.86585,6.85056],[-2.85952,6.85411],[-2.86066,6.86389],[-2.85169,6.8747],[-2.84931,6.8868],[-2.85627,6.91165],[-2.84999,6.92292],[-2.85208,6.94223],[-2.84401,6.95729],[-2.8209,6.96386],[-2.81191,6.97344],[-2.79067,7.0122],[-2.76024,7.02593],[-2.72623,7.01052],[-2.71235,7.01013],[-2.70235,7.01423],[-2.70058,7.00846],[-2.6913,7.0071],[-2.66952,7.0197],[-2.65124,7.01308],[-2.63127,7.02804],[-2.62414,7.01291],[-2.62306,7.00048],[-2.55537,6.97581],[-2.53197,6.96061],[-2.51276,6.93444],[-2.52441,6.90876],[-2.5361,6.89617],[-2.53599,6.88579],[-2.51941,6.86169],[-2.52326,6.85358],[-2.51917,6.84421],[-2.53101,6.83229],[-2.51442,6.81661],[-2.50756,6.80252],[-2.5117,6.79517],[-2.50477,6.7965],[-2.50051,6.79297],[-2.50065,6.77985],[-2.49209,6.7688],[-2.50682,6.76373],[-2.5034,6.75209],[-2.51248,6.74756],[-2.51585,6.73736],[-2.51578,6.73215],[-2.50929,6.72595],[-2.51377,6.7054],[-2.50652,6.70421],[-2.51111,6.68007],[-2.50353,6.67028],[-2.50612,6.6569],[-2.49998,6.64884],[-2.50379,6.64677],[-2.51361,6.62095],[-2.51779,6.61676],[-2.52522,6.62094],[-2.53599,6.60562],[-2.53308,6.60257],[-2.53785,6.60208],[-2.61575,6.65591],[-2.60951,6.65678],[-2.59965,6.66573],[-2.58338,6.65985],[-2.57151,6.6713],[-2.6241,6.6906],[-2.63215,6.70978],[-2.6517,6.72098],[-2.65607,6.71375],[-2.66813,6.7096],[-2.67085,6.69845],[-2.68201,6.69495],[-2.70278,6.67817],[-2.70004,6.67198],[-2.70289,6.66549],[-2.73635,6.64434],[-2.73858,6.65032],[-2.74849,6.64445],[-2.76896,6.64169],[-2.78774,6.64966],[-2.78926,6.64107],[-2.80125,6.63937],[-2.80909,6.64423],[-2.81375,6.63672],[-2.82976,6.63028],[-2.85171,6.64301],[-2.86942,6.63823],[-2.87158,6.64172],[-2.86637,6.64976],[-2.8775,6.65303]]]}},{"type":"Feature","properties":{"display_name":"Asunafo South","region":"Ahafo","api_district":"Asunafo South District","match_resolution":"base"},"geometry":{"type":"Polygon","coordinates":[[[-2.83203,6.63043],[-2.81446,6.63624],[-2.80909,6.64423],[-2.80125,6.63937],[-2.78926,6.64107],[-2.78774,6.64966],[-2.76896,6.64169],[-2.74849,6.64445],[-2.73858,6.65032],[-2.73635,6.64434],[-2.70289,6.66549],[-2.70004,6.67198],[-2.70278,6.67817],[-2.68201,6.69495],[-2.67085,6.69845],[-2.66813,6.7096],[-2.65607,6.71375],[-2.6526,6.72109],[-2.63215,6.70978],[-2.6241,6.6906],[-2.57151,6.6713],[-2.58338,6.65985],[-2.59965,6.66573],[-2.60951,6.65678],[-2.61575,6.65591],[-2.53785,6.60208],[-2.53308,6.60257],[-2.53599,6.60562],[-2.52522,6.62094],[-2.51779,6.61676],[-2.51361,6.62095],[-2.50379,6.64677],[-2.49998,6.64884],[-2.50612,6.6569],[-2.50353,6.67028],[-2.51111,6.68007],[-2.50652,6.70421],[-2.51377,6.7054],[-2.50946,6.72691],[-2.51593,6.73244],[-2.514,6.74555],[-2.5034,6.75209],[-2.50682,6.76373],[-2.49115,6.76896],[-2.46094,6.76036],[-2.44918,6.76311],[-2.44179,6.75991],[-2.4363,6.75472],[-2.43874,6.75239],[-2.43475,6.7394],[-2.42187,6.73286],[-2.42625,6.72206],[-2.42048,6.72026],[-2.42118,6.71518],[-2.4153,6.70966],[-2.4083,6.70912],[-2.40928,6.69949],[-2.41521,6.69203],[-2.40927,6.68705],[-2.41773,6.68154],[-2.40629,6.67602],[-2.41464,6.6705],[-2.41762,6.65687],[-2.4067,6.64832],[-2.39996,6.65076],[-2.39529,6.64818],[-2.39607,6.6389],[-2.39975,6.63996],[-2.40293,6.63488],[-2.39883,6.62559],[-2.39234,6.62434],[-2.39472,6.61199],[-2.38349,6.61071],[-2.3839,6.59802],[-2.38012,6.59684],[-2.37843,6.60044],[-2.37108,6.59452],[-2.38103,6.58299],[-2.37962,6.57198],[-2.38559,6.56799],[-2.38534,6.55741],[-2.38222,6.55036],[-2.37662,6.54806],[-2.37801,6.54169],[-2.37486,6.5388],[-2.38109,6.53739],[-2.3841,6.53222],[-2.38179,6.52671],[-2.38615,6.52316],[-2.39727,6.52131],[-2.39724,6.50295],[-2.40379,6.5081],[-2.40301,6.50477],[-2.41123,6.5009],[-2.41004,6.49551],[-2.41598,6.49588],[-2.414,6.49005],[-2.41932,6.48844],[-2.42365,6.49238],[-2.42692,6.48406],[-2.42328,6.47664],[-2.41915,6.47841],[-2.42346,6.47567],[-2.42145,6.47321],[-2.43076,6.47325],[-2.43392,6.46626],[-2.43139,6.46405],[-2.43474,6.4654],[-2.43664,6.45962],[-2.44261,6.45756],[-2.44612,6.44306],[-2.43859,6.4429],[-2.43866,6.43924],[-2.44725,6.43441],[-2.4466,6.43061],[-2.45141,6.43155],[-2.43914,6.42816],[-2.44063,6.417],[-2.43797,6.42092],[-2.43475,6.41683],[-2.4288,6.41709],[-2.42389,6.41074],[-2.42583,6.40739],[-2.42072,6.40463],[-2.42629,6.40154],[-2.42397,6.38009],[-2.42939,6.37089],[-2.42654,6.36364],[-2.42897,6.35691],[-2.43478,6.35482],[-2.44757,6.37105],[-2.46856,6.38053],[-2.46884,6.39156],[-2.48586,6.4086],[-2.50647,6.41498],[-2.54688,6.40052],[-2.54773,6.40975],[-2.55716,6.42116],[-2.55894,6.42971],[-2.55236,6.4322],[-2.53965,6.44835],[-2.52683,6.45491],[-2.52738,6.46205],[-2.53299,6.45984],[-2.54337,6.46383],[-2.56217,6.48083],[-2.58523,6.48974],[-2.59886,6.5124],[-2.61959,6.52523],[-2.64593,6.52998],[-2.64941,6.52567],[-2.65641,6.52941],[-2.66338,6.52508],[-2.66871,6.51136],[-2.67271,6.50976],[-2.68113,6.57201],[-2.70185,6.58527],[-2.72732,6.58882],[-2.74811,6.58066],[-2.76305,6.58444],[-2.77979,6.57577],[-2.78877,6.60139],[-2.80084,6.60703],[-2.80367,6.61605],[-2.81602,6.61669],[-2.83203,6.63043]]]}},{"type":"Feature","properties":{"display_name":"Asutifi North","region":"Ahafo","api_district":"Asutifi North District","match_resolution":"base"},"geometry":{"type":"Polygon","coordinates":[[[-2.49059,7.21745],[-2.49347,7.21689],[-2.49371,7.13342],[-2.4604,7.13411],[-2.4476,7.1406],[-2.40052,7.11185],[-2.43849,7.08884],[-2.37247,7.10211],[-2.36434,7.10642],[-2.36627,7.11509],[-2.35012,7.12908],[-2.33614,7.12218],[-2.32647,7.12496],[-2.32283,7.12068],[-2.3308,7.11566],[-2.32973,7.10589],[-2.31533,7.10404],[-2.30887,7.09922],[-2.30334,7.10273],[-2.28737,7.0892],[-2.29972,7.07634],[-2.3006,7.05236],[-2.31695,7.04907],[-2.31325,7.04112],[-2.31858,7.03674],[-2.31584,7.03117],[-2.32275,7.02202],[-2.31772,7.01835],[-2.32777,7.00852],[-2.32833,6.969],[-2.33802,6.96999],[-2.3526,6.96487],[-2.36708,6.95767],[-2.37753,6.94436],[-2.39415,6.9345],[-2.41986,6.92392],[-2.43395,6.92277],[-2.44438,6.93211],[-2.45834,6.93187],[-2.47652,6.94443],[-2.49502,6.94183],[-2.5053,6.94351],[-2.51153,6.94929],[-2.51547,6.94865],[-2.519,6.94071],[-2.53545,6.96425],[-2.55537,6.97581],[-2.62306,7.00048],[-2.62414,7.01291],[-2.63127,7.02804],[-2.65124,7.01308],[-2.66952,7.0197],[-2.6913,7.0071],[-2.70058,7.00846],[-2.70235,7.01423],[-2.71235,7.01013],[-2.72623,7.01052],[-2.76024,7.02593],[-2.77065,7.02174],[-2.76148,7.03517],[-2.76389,7.03949],[-2.76073,7.06102],[-2.75317,7.0785],[-2.7445,7.08234],[-2.72899,7.09863],[-2.72432,7.09658],[-2.72172,7.10194],[-2.71552,7.10361],[-2.71151,7.09994],[-2.69924,7.1065],[-2.69136,7.1141],[-2.69115,7.13127],[-2.68398,7.14004],[-2.67473,7.13754],[-2.65138,7.1415],[-2.62854,7.1557],[-2.60717,7.18036],[-2.58122,7.18055],[-2.58055,7.20881],[-2.5575,7.22947],[-2.51678,7.23078],[-2.49506,7.22639],[-2.49059,7.21745]]]}},{"type":"Feature","properties":{"display_name":"Asutifi South","region":"Ahafo","api_district":"Asutifi South District","match_resolution":"base"},"geometry":{"type":"Polygon","coordinates":[[[-2.49209,6.7688],[-2.50065,6.77985],[-2.50051,6.79297],[-2.50477,6.7965],[-2.5117,6.79517],[-2.50775,6.80101],[-2.5089,6.80753],[-2.53118,6.8334],[-2.51917,6.84421],[-2.52326,6.85358],[-2.51941,6.86169],[-2.53599,6.88579],[-2.53621,6.8954],[-2.52441,6.90876],[-2.5193,6.9257],[-2.51279,6.93371],[-2.519,6.94071],[-2.51547,6.94865],[-2.49502,6.94183],[-2.47652,6.94443],[-2.45834,6.93187],[-2.44438,6.93211],[-2.43395,6.92277],[-2.41986,6.92392],[-2.37753,6.94436],[-2.35958,6.96144],[-2.33802,6.96999],[-2.32833,6.969],[-2.32777,7.00852],[-2.31772,7.01835],[-2.32163,7.0245],[-2.28069,6.99417],[-2.27063,7.00679],[-2.25685,7.03857],[-2.23312,7.03638],[-2.22752,7.02742],[-2.23004,7.02359],[-2.22693,7.00748],[-2.24715,6.99096],[-2.25069,6.97879],[-2.29489,6.94162],[-2.31104,6.94184],[-2.33153,6.92878],[-2.3391,6.90873],[-2.3485,6.90879],[-2.35035,6.89847],[-2.37647,6.88582],[-2.3747,6.87893],[-2.38166,6.87845],[-2.38873,6.86789],[-2.3868,6.85562],[-2.39487,6.85851],[-2.39837,6.85426],[-2.39829,6.83916],[-2.40859,6.84159],[-2.4073,6.83618],[-2.41338,6.83642],[-2.41657,6.83158],[-2.4142,6.82985],[-2.41703,6.82593],[-2.41332,6.82602],[-2.41781,6.82342],[-2.40092,6.81923],[-2.3759,6.83911],[-2.37161,6.83751],[-2.35651,6.84422],[-2.35131,6.8399],[-2.34527,6.8441],[-2.34464,6.83931],[-2.3337,6.8307],[-2.33627,6.82193],[-2.34507,6.81594],[-2.33462,6.80387],[-2.31969,6.80119],[-2.30529,6.81162],[-2.29722,6.79717],[-2.27833,6.80026],[-2.25971,6.79408],[-2.25802,6.79066],[-2.26912,6.77213],[-2.2677,6.76335],[-2.27382,6.75585],[-2.27822,6.7295],[-2.28926,6.71579],[-2.28598,6.70689],[-2.29942,6.69936],[-2.30201,6.68939],[-2.30654,6.68711],[-2.34562,6.69965],[-2.35661,6.69393],[-2.36004,6.68726],[-2.36384,6.68857],[-2.36458,6.68017],[-2.37227,6.67158],[-2.38,6.67411],[-2.38907,6.66586],[-2.40322,6.66553],[-2.40473,6.66152],[-2.41429,6.65837],[-2.41464,6.6705],[-2.40627,6.67616],[-2.41773,6.68154],[-2.40927,6.68705],[-2.41521,6.69203],[-2.40928,6.69949],[-2.4083,6.70912],[-2.4153,6.70966],[-2.42118,6.71518],[-2.42048,6.72026],[-2.42625,6.72206],[-2.42187,6.73286],[-2.43168,6.73551],[-2.43043,6.73924],[-2.43588,6.74096],[-2.43874,6.75239],[-2.4363,6.75472],[-2.44764,6.76285],[-2.46094,6.76036],[-2.49209,6.7688]]]}},{"type":"Feature","properties":{"display_name":"Tano North","region":"Ahafo","api_district":"Tano North Municipal","match_resolution":"base"},"geometry":{"type":"Polygon","coordinates":[[[-2.06494,7.31951],[-2.06505,7.304],[-2.07025,7.29073],[-2.06557,7.28093],[-2.07731,7.26704],[-2.07127,7.25991],[-2.074,7.2506],[-2.06904,7.23643],[-2.07352,7.21668],[-2.08101,7.21141],[-2.06922,7.19745],[-2.06671,7.16448],[-2.05435,7.15867],[-2.05562,7.14417],[-2.04898,7.12852],[-2.05219,7.12004],[-2.06247,7.11157],[-2.06061,7.1088],[-2.07235,7.08745],[-2.08699,7.07922],[-2.09306,7.06309],[-2.11099,7.05597],[-2.11608,7.05745],[-2.1138,7.05453],[-2.11831,7.05399],[-2.11882,7.04909],[-2.12555,7.05048],[-2.12564,7.03972],[-2.13527,7.02825],[-2.13993,7.04157],[-2.15025,7.03958],[-2.16513,7.0329],[-2.1746,7.02062],[-2.18241,7.01676],[-2.18568,7.02538],[-2.17883,7.03264],[-2.18532,7.03623],[-2.19342,7.02823],[-2.20793,7.02445],[-2.21429,7.01968],[-2.2161,7.01182],[-2.22693,7.00748],[-2.22903,7.03168],[-2.23312,7.03638],[-2.25471,7.04],[-2.27063,7.00679],[-2.28225,6.99426],[-2.32163,7.0245],[-2.31584,7.03117],[-2.31858,7.03674],[-2.31325,7.04112],[-2.31663,7.04968],[-2.3006,7.05236],[-2.29972,7.07634],[-2.28743,7.08836],[-2.29839,7.0983],[-2.29526,7.113],[-2.30339,7.12053],[-2.28836,7.1409],[-2.29819,7.1487],[-2.30537,7.14812],[-2.31056,7.15986],[-2.35006,7.18699],[-2.33515,7.22796],[-2.32495,7.23713],[-2.3194,7.23328],[-2.2968,7.23349],[-2.29086,7.22422],[-2.2851,7.2267],[-2.2841,7.23245],[-2.27849,7.23374],[-2.28148,7.24702],[-2.27341,7.23722],[-2.27002,7.23883],[-2.27248,7.24573],[-2.26518,7.24551],[-2.271,7.2551],[-2.26336,7.26139],[-2.26894,7.26466],[-2.26519,7.27753],[-2.24565,7.27964],[-2.24047,7.29222],[-2.23049,7.29496],[-2.22199,7.30276],[-2.21839,7.30095],[-2.21965,7.31061],[-2.21508,7.31437],[-2.20234,7.31459],[-2.19017,7.32214],[-2.18253,7.31983],[-2.16093,7.32861],[-2.15244,7.34109],[-2.14755,7.36574],[-2.13886,7.36825],[-2.13553,7.37379],[-2.14028,7.3871],[-2.13556,7.39548],[-2.07629,7.32315],[-2.06494,7.31951]]]}},{"type":"Feature","properties":{"display_name":"Tano South","region":"Ahafo","api_district":"Tano South Municipal","match_resolution":"base"},"geometry":{"type":"Polygon","coordinates":[[[-1.95361,7.08523],[-1.96704,7.08989],[-2.00393,7.07474],[-2.01943,7.06075],[-2.02328,7.05124],[-2.03834,7.04015],[-2.06232,7.03894],[-2.09206,7.02098],[-2.09797,7.00683],[-2.12199,7.00219],[-2.13365,7.02198],[-2.13767,7.02044],[-2.13291,7.03355],[-2.12564,7.03972],[-2.12555,7.05048],[-2.11882,7.04909],[-2.11831,7.05399],[-2.1138,7.05453],[-2.11608,7.05745],[-2.11099,7.05597],[-2.09306,7.06309],[-2.08699,7.07922],[-2.07235,7.08745],[-2.06061,7.1088],[-2.06247,7.11157],[-2.05219,7.12004],[-2.04898,7.12852],[-2.05562,7.14417],[-2.05435,7.15867],[-2.06671,7.16448],[-2.06922,7.19745],[-2.08101,7.21141],[-2.07352,7.21668],[-2.06904,7.23643],[-2.074,7.2506],[-2.07127,7.25991],[-2.07731,7.26704],[-2.06557,7.28093],[-2.07025,7.29073],[-2.06505,7.304],[-2.06494,7.31951],[-2.05631,7.30889],[-2.04698,7.30555],[-2.00913,7.31854],[-2.00144,7.31694],[-1.99577,7.31322],[-1.98841,7.29807],[-1.96211,7.29344],[-1.95454,7.26549],[-1.94987,7.26148],[-1.92724,7.26479],[-1.9122,7.25346],[-1.85967,7.27811],[-1.84345,7.27503],[-1.83565,7.25955],[-1.8272,7.25847],[-1.8267,7.25336],[-1.83855,7.23868],[-1.85533,7.22726],[-1.86894,7.2032],[-1.93294,7.17658],[-1.9325,7.13008],[-1.95361,7.08523]]]}},{"type":"Feature","properties":{"display_name":"Adansi Akrofuom","region":"Ashanti","api_district":"Amansie South District","match_resolution":"nearest"},"geometry":{"type":"Polygon","coordinates":[[[-1.65425,6.12802],[-1.64248,6.12118],[-1.63561,6.12295],[-1.63156,6.11951],[-1.6199,6.12406],[-1.6168,6.11924],[-1.60399,6.11873],[-1.59422,6.13549],[-1.57759,6.14646],[-1.57307,6.12801],[-1.56748,6.12169],[-1.55799,6.12018],[-1.55715,6.10817],[-1.5488,6.11053],[-1.54359,6.10643],[-1.54441,6.0973],[-1.55149,6.09447],[-1.55556,6.08346],[-1.55256,6.05829],[-1.5375,6.04609],[-1.53851,6.03139],[-1.55125,6.02117],[-1.54314,6.00763],[-1.54234,5.98394],[-1.55231,5.95146],[-1.54286,5.94436],[-1.54688,5.93537],[-1.53964,5.93109],[-1.54634,5.92688],[-1.55534,5.92902],[-1.56022,5.92393],[-1.56778,5.92579],[-1.56726,5.93097],[-1.57188,5.93308],[-1.57194,5.92554],[-1.58105,5.91763],[-1.58422,5.92251],[-1.58196,5.92744],[-1.58996,5.93495],[-1.58993,5.9277],[-1.5957,5.92395],[-1.60068,5.92933],[-1.60893,5.92499],[-1.61303,5.92866],[-1.61955,5.9264],[-1.61966,5.93204],[-1.62421,5.92686],[-1.63518,5.92789],[-1.63895,5.93367],[-1.64562,5.93081],[-1.64744,5.92443],[-1.66189,5.92414],[-1.66413,5.91828],[-1.66817,5.92095],[-1.67246,5.91532],[-1.67603,5.92009],[-1.67323,5.92245],[-1.69341,5.93364],[-1.69013,5.94103],[-1.6927,5.94336],[-1.7038,5.92769],[-1.70724,5.92926],[-1.71396,5.93858],[-1.70965,5.9549],[-1.71324,5.95719],[-1.72483,5.95288],[-1.73341,5.968],[-1.73916,5.9705],[-1.74201,5.96603],[-1.74961,5.96893],[-1.74868,5.95991],[-1.76406,5.96972],[-1.77043,5.96091],[-1.77766,5.97171],[-1.7761,5.98172],[-1.79206,5.98835],[-1.79786,5.99973],[-1.80419,5.99428],[-1.81309,6.01134],[-1.8019,6.02634],[-1.80921,6.03995],[-1.80724,6.04766],[-1.80274,6.04854],[-1.8071,6.05457],[-1.80215,6.05741],[-1.79941,6.06553],[-1.80276,6.06901],[-1.79716,6.07637],[-1.80214,6.08838],[-1.78814,6.09954],[-1.78912,6.10554],[-1.78483,6.11046],[-1.77681,6.10821],[-1.76939,6.11298],[-1.76143,6.11065],[-1.74797,6.11404],[-1.74651,6.10827],[-1.73977,6.11423],[-1.74023,6.12091],[-1.73368,6.12051],[-1.71096,6.13801],[-1.70661,6.14558],[-1.69555,6.1377],[-1.68283,6.13971],[-1.67345,6.13562],[-1.66199,6.11945],[-1.65425,6.12802]]]}},{"type":"Feature","properties":{"display_name":"Adansi Asokwa","region":"Ashanti","api_district":"Adansi Asokwa District","match_resolution":"base"},"geometry":{"type":"MultiPolygon","coordinates":[[[[-1.2428,6.26464],[-1.22974,6.28442],[-1.22769,6.28069],[-1.23038,6.26422],[-1.22463,6.26217],[-1.22561,6.25747],[-1.21243,6.23809],[-1.21449,6.22921],[-1.21174,6.22601],[-1.20761,6.22825],[-1.20142,6.22184],[-1.20411,6.2188],[-1.20216,6.20419],[-1.19781,6.19961],[-1.22172,6.21248],[-1.24386,6.20761],[-1.25785,6.22043],[-1.27012,6.20284],[-1.27575,6.20636],[-1.28176,6.20346],[-1.29168,6.20599],[-1.29574,6.20078],[-1.29845,6.18576],[-1.29059,6.16643],[-1.29308,6.14463],[-1.36552,6.15442],[-1.3597,6.14962],[-1.3524,6.1318],[-1.37054,6.12889],[-1.38428,6.12077],[-1.39676,6.12172],[-1.41969,6.09215],[-1.41443,6.07425],[-1.41928,6.06768],[-1.41717,6.05903],[-1.40582,6.05571],[-1.40636,6.04712],[-1.43231,6.04521],[-1.43379,6.05816],[-1.48515,6.06903],[-1.54021,6.03016],[-1.5375,6.04609],[-1.55256,6.05829],[-1.55556,6.08346],[-1.55149,6.09447],[-1.54441,6.0973],[-1.54382,6.10678],[-1.5488,6.11053],[-1.55715,6.10817],[-1.55799,6.12018],[-1.56748,6.12169],[-1.57307,6.12801],[-1.57759,6.14646],[-1.59422,6.13549],[-1.60399,6.11873],[-1.61262,6.12071],[-1.60791,6.13407],[-1.60152,6.1398],[-1.59967,6.15233],[-1.59258,6.15469],[-1.5887,6.16344],[-1.58279,6.16414],[-1.57623,6.18356],[-1.56297,6.19657],[-1.5658,6.20146],[-1.56366,6.22102],[-1.56724,6.22625],[-1.5623,6.22955],[-1.54758,6.22893],[-1.54071,6.23425],[-1.53264,6.2306],[-1.5276,6.23362],[-1.52228,6.22812],[-1.48991,6.24045],[-1.46567,6.27],[-1.46249,6.27875],[-1.47452,6.29503],[-1.47525,6.30222],[-1.4669,6.29034],[-1.45972,6.291],[-1.43996,6.30422],[-1.42582,6.30355],[-1.41925,6.28964],[-1.39955,6.28383],[-1.38551,6.30253],[-1.38675,6.28987],[-1.37666,6.27204],[-1.38786,6.25109],[-1.38538,6.23534],[-1.37244,6.22716],[-1.35648,6.24028],[-1.33953,6.24272],[-1.32902,6.23794],[-1.32088,6.22417],[-1.30276,6.22778],[-1.29662,6.23626],[-1.28938,6.23282],[-1.27347,6.2536],[-1.25917,6.2566],[-1.25344,6.26446],[-1.2428,6.26464]]],[[[-1.60716,6.23924],[-1.6732,6.23602],[-1.67822,6.24868],[-1.67466,6.25482],[-1.68348,6.26425],[-1.6787,6.27701],[-1.68153,6.29255],[-1.69786,6.29454],[-1.70721,6.3105],[-1.68876,6.30541],[-1.66929,6.30673],[-1.66141,6.31625],[-1.64708,6.30636],[-1.64038,6.32427],[-1.63364,6.30957],[-1.61474,6.30969],[-1.60926,6.31124],[-1.6076,6.31849],[-1.59933,6.31838],[-1.58669,6.32987],[-1.58417,6.34996],[-1.57535,6.36592],[-1.5683,6.35792],[-1.56994,6.34811],[-1.55354,6.34829],[-1.54043,6.34292],[-1.51889,6.34848],[-1.51161,6.3657],[-1.51254,6.37602],[-1.48625,6.37075],[-1.48391,6.36618],[-1.49226,6.35418],[-1.48157,6.34956],[-1.47605,6.33749],[-1.46777,6.33561],[-1.46139,6.32697],[-1.4811,6.3077],[-1.47525,6.30222],[-1.47638,6.29962],[-1.47452,6.29503],[-1.46366,6.28358],[-1.46249,6.27875],[-1.46567,6.27],[-1.47585,6.25759],[-1.48991,6.24045],[-1.49656,6.23582],[-1.52228,6.22812],[-1.5276,6.23362],[-1.53264,6.2306],[-1.54071,6.23425],[-1.54758,6.22893],[-1.55786,6.22936],[-1.5623,6.22955],[-1.56724,6.22625],[-1.57293,6.23658],[-1.60716,6.23924]]]]}},{"type":"Feature","properties":{"display_name":"Adansi South","region":"Ashanti","api_district":"Adansi South District","match_resolution":"base"},"geometry":{"type":"Polygon","coordinates":[[[-1.29339,6.14461],[-1.28109,6.12278],[-1.2623,6.1112],[-1.26143,6.10142],[-1.25169,6.10468],[-1.25083,6.11384],[-1.24597,6.11813],[-1.23347,6.11761],[-1.22657,6.12239],[-1.21997,6.11907],[-1.20808,6.12022],[-1.20666,6.11245],[-1.20144,6.10973],[-1.19506,6.11369],[-1.19013,6.10973],[-1.1919,6.10219],[-1.18717,6.0975],[-1.18961,6.09278],[-1.20257,6.09375],[-1.2048,6.09096],[-1.19833,6.08253],[-1.2067,6.07743],[-1.20642,6.07159],[-1.21453,6.0682],[-1.20825,6.05269],[-1.23124,6.03873],[-1.22906,6.03369],[-1.23332,6.02824],[-1.2274,6.01868],[-1.23038,6.01341],[-1.24206,6.01],[-1.24113,5.99671],[-1.24684,5.99093],[-1.23725,5.97931],[-1.22948,5.98286],[-1.22304,5.97719],[-1.21869,5.96357],[-1.22439,5.95767],[-1.22082,5.95563],[-1.2247,5.94586],[-1.21892,5.94196],[-1.22782,5.93258],[-1.24261,5.93205],[-1.24599,5.92221],[-1.24405,5.91368],[-1.24996,5.91472],[-1.25553,5.91051],[-1.25589,5.9165],[-1.26088,5.91536],[-1.26265,5.90546],[-1.25829,5.90362],[-1.26285,5.89073],[-1.26997,5.89417],[-1.27517,5.90292],[-1.2833,5.89952],[-1.29341,5.88716],[-1.30577,5.8876],[-1.30842,5.89036],[-1.30427,5.90146],[-1.31219,5.90708],[-1.30784,5.92608],[-1.31766,5.92396],[-1.31781,5.91804],[-1.32302,5.91416],[-1.33534,5.91679],[-1.34251,5.91084],[-1.3442,5.91418],[-1.33589,5.92685],[-1.34676,5.91915],[-1.34866,5.93195],[-1.37596,5.93469],[-1.3785,5.93036],[-1.37437,5.92247],[-1.37989,5.91644],[-1.41873,5.92143],[-1.41609,5.91525],[-1.42085,5.90372],[-1.42871,5.90982],[-1.43707,5.90134],[-1.45068,5.90633],[-1.45552,5.89363],[-1.46238,5.89712],[-1.46194,5.90435],[-1.46651,5.9046],[-1.46531,5.89396],[-1.45915,5.88659],[-1.46172,5.86224],[-1.46916,5.86191],[-1.47587,5.85506],[-1.48284,5.86702],[-1.48854,5.86879],[-1.48653,5.86473],[-1.48996,5.86253],[-1.49533,5.86826],[-1.50102,5.86816],[-1.50067,5.87698],[-1.51657,5.87256],[-1.52175,5.87513],[-1.51657,5.89001],[-1.50847,5.89096],[-1.50641,5.88709],[-1.49795,5.89082],[-1.50545,5.89507],[-1.4999,5.90375],[-1.51635,5.91397],[-1.52113,5.92872],[-1.52469,5.92794],[-1.52562,5.92149],[-1.53084,5.92314],[-1.52843,5.93737],[-1.54601,5.93912],[-1.54286,5.94436],[-1.55231,5.95146],[-1.54234,5.98394],[-1.54314,6.00763],[-1.55125,6.02117],[-1.48515,6.06903],[-1.43379,6.05816],[-1.43231,6.04521],[-1.40636,6.04712],[-1.40582,6.05571],[-1.41717,6.05903],[-1.41928,6.06768],[-1.41443,6.07425],[-1.41969,6.09215],[-1.39676,6.12172],[-1.38428,6.12077],[-1.37054,6.12889],[-1.3524,6.1318],[-1.3597,6.14962],[-1.36552,6.15442],[-1.29339,6.14461]]]}},{"type":"Feature","properties":{"display_name":"Afigya-Kwabre North","region":"Ashanti","api_district":"Afigya-Kwabre North District","match_resolution":"base"},"geometry":{"type":"Polygon","coordinates":[[[-1.57792,6.92752],[-1.6011,6.92184],[-1.60894,6.92594],[-1.63949,6.91224],[-1.64368,6.91407],[-1.63896,6.92733],[-1.64308,6.94485],[-1.63944,6.95272],[-1.64184,6.96993],[-1.63825,6.97362],[-1.65815,7.04256],[-1.66695,7.04574],[-1.65425,7.05419],[-1.65715,7.06726],[-1.65347,7.08077],[-1.66797,7.0882],[-1.67695,7.10001],[-1.68037,7.11204],[-1.65034,7.14815],[-1.66117,7.15764],[-1.65863,7.16166],[-1.63097,7.16152],[-1.63188,7.16638],[-1.60738,7.16539],[-1.61299,7.13824],[-1.62243,7.13098],[-1.61493,7.12733],[-1.60604,7.11171],[-1.61001,7.10206],[-1.59255,7.07701],[-1.5955,7.07066],[-1.59162,7.06039],[-1.59514,7.05478],[-1.59303,7.04693],[-1.60016,7.02626],[-1.58589,7.02124],[-1.58026,7.0046],[-1.57129,7.00751],[-1.55716,6.99508],[-1.55923,6.96713],[-1.56471,6.96192],[-1.58266,6.96098],[-1.60469,6.9361],[-1.58213,6.93885],[-1.57792,6.92752]]]}},{"type":"Feature","properties":{"display_name":"Afigya-Kwabre South","region":"Ashanti","api_district":"Afigya-Kwabre South District","match_resolution":"base"},"geometry":{"type":"Polygon","coordinates":[[[-1.64784,6.91208],[-1.62524,6.91713],[-1.60894,6.92594],[-1.6011,6.92184],[-1.57475,6.92797],[-1.56069,6.91796],[-1.55114,6.91731],[-1.54667,6.90955],[-1.5538,6.90302],[-1.55104,6.90112],[-1.55237,6.88729],[-1.54682,6.87643],[-1.54583,6.86139],[-1.52401,6.84606],[-1.54711,6.81381],[-1.57385,6.80326],[-1.61458,6.77526],[-1.60122,6.7538],[-1.60804,6.75048],[-1.61049,6.75515],[-1.62061,6.75204],[-1.61798,6.7577],[-1.62904,6.76628],[-1.63824,6.76412],[-1.65163,6.75396],[-1.66208,6.75567],[-1.66643,6.76247],[-1.67654,6.7669],[-1.67306,6.77482],[-1.67534,6.7845],[-1.66374,6.7768],[-1.66227,6.78017],[-1.66849,6.78571],[-1.6698,6.81],[-1.68841,6.81214],[-1.67863,6.81915],[-1.68057,6.82632],[-1.67466,6.83133],[-1.68877,6.83932],[-1.6935,6.84776],[-1.69423,6.85499],[-1.68498,6.85553],[-1.69518,6.85651],[-1.70075,6.86095],[-1.69517,6.85827],[-1.6936,6.86319],[-1.69156,6.86004],[-1.68832,6.86213],[-1.68792,6.86821],[-1.68185,6.86654],[-1.68029,6.87389],[-1.67525,6.87275],[-1.67358,6.87837],[-1.66709,6.8817],[-1.66904,6.88527],[-1.66141,6.88293],[-1.66195,6.88885],[-1.64754,6.89771],[-1.64784,6.91208]]]}},{"type":"Feature","properties":{"display_name":"Ahafo-Ano North","region":"Ashanti","api_district":"Ahafo Ano North Municipal","match_resolution":"base"},"geometry":{"type":"Polygon","coordinates":[[[-2.13527,7.02825],[-2.13767,7.02044],[-2.13365,7.02198],[-2.12102,7.00213],[-2.09729,7.00718],[-2.09218,7.02087],[-2.08131,7.0276],[-2.04895,6.9565],[-2.05383,6.94556],[-2.06665,6.94224],[-2.06446,6.93369],[-2.07511,6.92419],[-2.08753,6.92143],[-2.10306,6.93302],[-2.12641,6.89856],[-2.12955,6.90194],[-2.13255,6.89968],[-2.1327,6.89428],[-2.13974,6.88695],[-2.1345,6.88579],[-2.12832,6.876],[-2.12699,6.85369],[-2.12092,6.84341],[-2.12393,6.83854],[-2.13859,6.83259],[-2.14438,6.83537],[-2.14916,6.83119],[-2.17845,6.82749],[-2.18266,6.8144],[-2.18882,6.81261],[-2.18483,6.79794],[-2.17914,6.79502],[-2.18089,6.79021],[-2.18769,6.78748],[-2.19693,6.79213],[-2.21085,6.79095],[-2.21609,6.78309],[-2.23416,6.7867],[-2.26445,6.77811],[-2.25802,6.79066],[-2.26607,6.79866],[-2.29722,6.79717],[-2.30529,6.81162],[-2.31969,6.80119],[-2.33462,6.80387],[-2.34507,6.81594],[-2.33627,6.82193],[-2.3337,6.8307],[-2.34665,6.8443],[-2.35131,6.8399],[-2.35651,6.84422],[-2.37161,6.83751],[-2.3759,6.83911],[-2.40092,6.81923],[-2.41781,6.82342],[-2.41337,6.82586],[-2.41705,6.82624],[-2.41338,6.83642],[-2.4071,6.83648],[-2.40859,6.84159],[-2.39829,6.83916],[-2.39647,6.85723],[-2.3868,6.85562],[-2.38873,6.86789],[-2.38166,6.87845],[-2.3747,6.87893],[-2.37824,6.88296],[-2.37629,6.88603],[-2.35035,6.89847],[-2.3485,6.90879],[-2.3391,6.90873],[-2.33122,6.92901],[-2.32688,6.92879],[-2.31104,6.94184],[-2.29489,6.94162],[-2.26473,6.96515],[-2.2474,6.98263],[-2.24511,6.99341],[-2.2294,7.00726],[-2.2161,7.01182],[-2.21177,7.02176],[-2.19342,7.02823],[-2.18532,7.03623],[-2.17883,7.03264],[-2.18592,7.0235],[-2.18063,7.01699],[-2.16513,7.0329],[-2.13993,7.04157],[-2.13527,7.02825]]]}},{"type":"Feature","properties":{"display_name":"Ahafo-Ano South East","region":"Ashanti","api_district":"Ahafo Ano South East District","match_resolution":"base"},"geometry":{"type":"Polygon","coordinates":[[[-1.95361,7.08523],[-1.9298,7.0816],[-1.92319,7.08778],[-1.91696,7.08166],[-1.91203,7.08764],[-1.90261,7.08486],[-1.89207,7.10173],[-1.87072,7.10286],[-1.8208,7.07629],[-1.81085,7.07647],[-1.81471,7.07062],[-1.80679,7.06474],[-1.80848,7.05862],[-1.81446,7.05892],[-1.81758,7.0551],[-1.81353,7.05172],[-1.81588,7.0489],[-1.84029,7.03591],[-1.84757,7.02426],[-1.82055,6.99809],[-1.82661,6.98676],[-1.8231,6.97956],[-1.82798,6.96835],[-1.82119,6.96651],[-1.82031,6.95588],[-1.81098,6.95037],[-1.80962,6.94485],[-1.80144,6.94692],[-1.79795,6.9361],[-1.78813,6.92788],[-1.78675,6.91647],[-1.7971,6.90822],[-1.79625,6.88488],[-1.80377,6.8821],[-1.80284,6.86419],[-1.79364,6.85196],[-1.79552,6.83995],[-1.79082,6.82862],[-1.78717,6.82532],[-1.77944,6.82632],[-1.77996,6.81372],[-1.78979,6.80399],[-1.78874,6.79783],[-1.8084,6.79806],[-1.81849,6.78967],[-1.82427,6.79575],[-1.83074,6.7958],[-1.83026,6.80113],[-1.83877,6.80879],[-1.84187,6.8049],[-1.85129,6.81033],[-1.86103,6.81031],[-1.86863,6.79939],[-1.86785,6.78881],[-1.87972,6.78083],[-1.89088,6.78296],[-1.89106,6.77123],[-1.89781,6.76412],[-1.90149,6.76585],[-1.89935,6.76068],[-1.90698,6.75372],[-1.90394,6.74893],[-1.90829,6.74296],[-1.90477,6.74048],[-1.90655,6.73492],[-1.92229,6.73509],[-1.92701,6.74209],[-1.93505,6.7402],[-1.93107,6.731],[-1.93814,6.73288],[-1.93746,6.72162],[-1.95236,6.70573],[-1.95551,6.71451],[-1.95125,6.71779],[-1.95244,6.72789],[-1.96468,6.73885],[-1.97134,6.73968],[-1.96861,6.76169],[-1.97185,6.76653],[-1.98207,6.77458],[-1.99195,6.77388],[-1.99034,6.76783],[-1.99445,6.75566],[-1.99885,6.75318],[-2.0097,6.77533],[-2.02282,6.78141],[-2.01809,6.79307],[-2.01846,6.80801],[-2.02611,6.83553],[-1.98705,6.86673],[-1.98751,6.88926],[-1.97298,6.91181],[-1.97615,6.9307],[-1.96769,6.96428],[-1.96452,6.99367],[-1.96663,7.0127],[-1.95818,7.03564],[-1.95361,7.08523]]]}},{"type":"Feature","properties":{"display_name":"Ahafo-Ano South West","region":"Ashanti","api_district":"Ahafo Ano South West District","match_resolution":"base"},"geometry":{"type":"Polygon","coordinates":[[[-2.08131,7.0276],[-2.06192,7.03907],[-2.03834,7.04015],[-2.02328,7.05124],[-2.01174,7.06914],[-1.995,7.07919],[-1.96704,7.08989],[-1.95361,7.08523],[-1.95818,7.03564],[-1.96663,7.0127],[-1.96452,6.99367],[-1.96769,6.96428],[-1.97615,6.9307],[-1.97298,6.91181],[-1.98751,6.88926],[-1.98705,6.86673],[-2.02611,6.83553],[-2.01846,6.80801],[-2.01809,6.79307],[-2.02282,6.78141],[-2.04023,6.77107],[-2.05304,6.78011],[-2.10722,6.78583],[-2.11839,6.79167],[-2.12148,6.78631],[-2.14064,6.78717],[-2.17823,6.76174],[-2.17831,6.74924],[-2.1987,6.72159],[-2.20383,6.72521],[-2.21432,6.71221],[-2.21744,6.71606],[-2.22864,6.71244],[-2.23762,6.71994],[-2.2505,6.69953],[-2.26318,6.70531],[-2.26439,6.71034],[-2.27398,6.70414],[-2.27411,6.70704],[-2.28097,6.70562],[-2.28644,6.69847],[-2.2931,6.70422],[-2.28576,6.7075],[-2.28926,6.71579],[-2.27817,6.72966],[-2.27382,6.75585],[-2.2677,6.76335],[-2.26698,6.77794],[-2.25339,6.77876],[-2.23416,6.7867],[-2.21609,6.78309],[-2.21085,6.79095],[-2.19693,6.79213],[-2.18769,6.78748],[-2.18089,6.79021],[-2.17914,6.79502],[-2.18483,6.79794],[-2.18882,6.81261],[-2.18266,6.8144],[-2.17845,6.82749],[-2.14916,6.83119],[-2.14438,6.83537],[-2.13859,6.83259],[-2.12393,6.83854],[-2.12092,6.84341],[-2.12699,6.85369],[-2.12832,6.876],[-2.1345,6.88579],[-2.13974,6.88695],[-2.1327,6.89428],[-2.13255,6.89968],[-2.12955,6.90194],[-2.12641,6.89856],[-2.10306,6.93302],[-2.08753,6.92143],[-2.07511,6.92419],[-2.06446,6.93369],[-2.06665,6.94224],[-2.05383,6.94556],[-2.04851,6.95964],[-2.08131,7.0276]]]}},{"type":"Feature","properties":{"display_name":"Amansie Central","region":"Ashanti","api_district":"Amansie Central District","match_resolution":"base"},"geometry":{"type":"Polygon","coordinates":[[[-1.68208,6.26221],[-1.68902,6.26199],[-1.69232,6.25718],[-1.71058,6.25578],[-1.72455,6.24132],[-1.74103,6.23474],[-1.75195,6.21988],[-1.77055,6.21119],[-1.7708,6.20336],[-1.75913,6.20877],[-1.75127,6.20493],[-1.73828,6.20854],[-1.75056,6.18577],[-1.72696,6.16852],[-1.73136,6.15753],[-1.72573,6.15089],[-1.71474,6.14869],[-1.7102,6.13967],[-1.73368,6.12051],[-1.74023,6.12091],[-1.73977,6.11423],[-1.74651,6.10827],[-1.74797,6.11404],[-1.75593,6.11401],[-1.76143,6.11065],[-1.76939,6.11298],[-1.77681,6.10821],[-1.78483,6.11046],[-1.78883,6.10592],[-1.78814,6.09954],[-1.80214,6.08838],[-1.79716,6.07637],[-1.80276,6.06901],[-1.79941,6.06553],[-1.80215,6.05741],[-1.8071,6.05457],[-1.80274,6.04854],[-1.80724,6.04766],[-1.80921,6.03995],[-1.80406,6.02924],[-1.8077,6.03217],[-1.82359,6.02988],[-1.82171,6.03924],[-1.82888,6.03432],[-1.83822,6.03576],[-1.84814,6.02918],[-1.85137,6.01409],[-1.86123,6.0166],[-1.86157,6.0109],[-1.86393,6.01288],[-1.8674,6.0094],[-1.87242,6.02259],[-1.88305,6.03371],[-1.88982,6.02859],[-1.89203,6.015],[-1.913,6.01115],[-1.9257,6.02713],[-1.9248,6.03527],[-1.93434,6.03683],[-1.94715,6.04861],[-1.94986,6.05704],[-1.95359,6.05582],[-1.9525,6.04907],[-1.96073,6.05849],[-1.9656,6.0573],[-1.96558,6.05074],[-1.96812,6.0524],[-1.97592,6.06753],[-1.96996,6.06922],[-1.97812,6.08904],[-1.96814,6.09278],[-1.95981,6.1052],[-1.96379,6.10497],[-1.96344,6.10939],[-1.95726,6.11036],[-1.94907,6.12095],[-1.9512,6.13094],[-1.94647,6.13889],[-1.94956,6.14245],[-1.94439,6.14743],[-1.94703,6.1544],[-1.95088,6.15464],[-1.95042,6.16005],[-1.94088,6.15785],[-1.9205,6.17448],[-1.92139,6.18046],[-1.9163,6.17894],[-1.9097,6.18454],[-1.90961,6.1791],[-1.90239,6.18341],[-1.88341,6.20905],[-1.89165,6.21397],[-1.89549,6.22534],[-1.90154,6.22833],[-1.89782,6.23362],[-1.90557,6.25293],[-1.9106,6.25231],[-1.90266,6.26655],[-1.90836,6.27269],[-1.89521,6.28689],[-1.89938,6.28819],[-1.89543,6.29307],[-1.90011,6.30019],[-1.89869,6.30484],[-1.89195,6.30319],[-1.88983,6.3083],[-1.89505,6.31421],[-1.88875,6.32082],[-1.88133,6.3216],[-1.8757,6.32754],[-1.8633,6.32428],[-1.85164,6.33435],[-1.83517,6.33862],[-1.81851,6.33609],[-1.81477,6.3306],[-1.81084,6.33623],[-1.79484,6.33384],[-1.79459,6.32744],[-1.79131,6.32672],[-1.78996,6.33672],[-1.78592,6.33272],[-1.77992,6.33706],[-1.78348,6.35271],[-1.78892,6.35843],[-1.78456,6.36067],[-1.78123,6.38583],[-1.77443,6.3849],[-1.77071,6.39008],[-1.74311,6.38507],[-1.7335,6.37443],[-1.73239,6.36127],[-1.72668,6.35821],[-1.71928,6.36811],[-1.70272,6.37025],[-1.70057,6.3793],[-1.69586,6.38484],[-1.6902,6.38326],[-1.68738,6.39314],[-1.67576,6.40361],[-1.66675,6.39842],[-1.65474,6.40116],[-1.64745,6.3851],[-1.63321,6.3831],[-1.62105,6.38767],[-1.6177,6.40442],[-1.60572,6.40064],[-1.60038,6.39144],[-1.58563,6.39758],[-1.58613,6.38937],[-1.57418,6.38027],[-1.57948,6.37375],[-1.57594,6.36007],[-1.58417,6.34996],[-1.58669,6.32987],[-1.59933,6.31838],[-1.6076,6.31849],[-1.60926,6.31124],[-1.63364,6.30957],[-1.64038,6.32427],[-1.64708,6.30636],[-1.66141,6.31625],[-1.66929,6.30673],[-1.68876,6.30541],[-1.70721,6.3105],[-1.69786,6.29454],[-1.68153,6.29255],[-1.67829,6.28403],[-1.68344,6.26904],[-1.68208,6.26221]]]}},{"type":"Feature","properties":{"display_name":"Amansie South","region":"Ashanti","api_district":"Amansie South District","match_resolution":"base"},"geometry":{"type":"Polygon","coordinates":[[[-2.17269,6.36488],[-2.16028,6.37221],[-2.15954,6.39101],[-2.14436,6.39093],[-2.14036,6.41429],[-2.09704,6.41105],[-2.07969,6.4036],[-2.07065,6.39459],[-2.05764,6.39717],[-2.0449,6.38867],[-2.04204,6.39534],[-2.05012,6.3989],[-2.04122,6.41393],[-2.04576,6.42756],[-2.02864,6.43013],[-2.02893,6.43355],[-2.01942,6.43705],[-2.02221,6.44176],[-2.03344,6.44275],[-2.00627,6.46465],[-2.00837,6.47298],[-2.00366,6.4784],[-2.00478,6.48896],[-1.99948,6.5],[-2.00969,6.52471],[-2.00649,6.52586],[-2.00497,6.5195],[-1.99381,6.51432],[-1.99021,6.5154],[-1.99184,6.51889],[-1.98632,6.51977],[-1.95947,6.51433],[-1.95438,6.50543],[-1.952,6.47886],[-1.95676,6.40624],[-1.94956,6.37607],[-1.95172,6.31922],[-1.9122,6.30097],[-1.90566,6.29022],[-1.89678,6.28528],[-1.90836,6.27269],[-1.90266,6.26655],[-1.9106,6.25231],[-1.90557,6.25293],[-1.89782,6.23362],[-1.90154,6.22833],[-1.89549,6.22534],[-1.89165,6.21397],[-1.88341,6.20905],[-1.90239,6.18341],[-1.90961,6.1791],[-1.9097,6.18454],[-1.9163,6.17894],[-1.92139,6.18046],[-1.9205,6.17448],[-1.94088,6.15785],[-1.95042,6.16005],[-1.95088,6.15464],[-1.94703,6.1544],[-1.94439,6.14743],[-1.94956,6.14245],[-1.94647,6.13889],[-1.9512,6.13094],[-1.94907,6.12095],[-1.95726,6.11036],[-1.96344,6.10939],[-1.96397,6.1052],[-1.95999,6.10457],[-1.96838,6.09258],[-1.97545,6.09179],[-1.98638,6.09974],[-1.98639,6.11431],[-1.97811,6.11356],[-1.99043,6.1248],[-1.99743,6.11614],[-2.00716,6.11748],[-2.00688,6.11094],[-2.01433,6.11325],[-2.01467,6.12554],[-2.02327,6.13231],[-2.02338,6.14224],[-2.0259,6.14092],[-2.01941,6.15237],[-2.02402,6.15493],[-2.0226,6.17324],[-2.02785,6.17549],[-2.03056,6.18549],[-2.0404,6.19788],[-2.03845,6.20691],[-2.0317,6.21008],[-2.0215,6.22378],[-2.02336,6.25532],[-2.01923,6.26535],[-2.01359,6.26769],[-2.00952,6.29162],[-2.0452,6.28444],[-2.08362,6.29818],[-2.09936,6.30927],[-2.11951,6.30772],[-2.12408,6.30121],[-2.12755,6.31882],[-2.12118,6.3291],[-2.12465,6.33677],[-2.13647,6.34796],[-2.14911,6.34845],[-2.15256,6.35442],[-2.17269,6.36488]]]}},{"type":"Feature","properties":{"display_name":"Amansie West","region":"Ashanti","api_district":"Amansie West District","match_resolution":"base"},"geometry":{"type":"Polygon","coordinates":[[[-1.80916,6.56729],[-1.79694,6.57407],[-1.79267,6.56825],[-1.79562,6.55942],[-1.79011,6.55235],[-1.80345,6.53454],[-1.79219,6.52123],[-1.79355,6.51365],[-1.78662,6.51178],[-1.78011,6.51403],[-1.77619,6.52881],[-1.76986,6.5322],[-1.76397,6.53365],[-1.75022,6.52603],[-1.7439,6.52722],[-1.74501,6.53441],[-1.73991,6.54248],[-1.72206,6.54207],[-1.70931,6.56213],[-1.70672,6.55829],[-1.68898,6.55699],[-1.68299,6.55208],[-1.67765,6.55683],[-1.67298,6.57125],[-1.6513,6.54586],[-1.66656,6.54833],[-1.67198,6.54082],[-1.69602,6.52991],[-1.69159,6.51416],[-1.68103,6.50843],[-1.68882,6.50184],[-1.704,6.50126],[-1.71218,6.48954],[-1.72759,6.4918],[-1.74503,6.47329],[-1.73935,6.44727],[-1.75796,6.43737],[-1.75651,6.40957],[-1.769,6.39757],[-1.77346,6.38551],[-1.78123,6.38583],[-1.78456,6.36067],[-1.78892,6.35843],[-1.78348,6.35271],[-1.78062,6.33545],[-1.78634,6.33276],[-1.78996,6.33672],[-1.7923,6.3263],[-1.79484,6.33384],[-1.81084,6.33623],[-1.81477,6.3306],[-1.81851,6.33609],[-1.83517,6.33862],[-1.85164,6.33435],[-1.8633,6.32428],[-1.8757,6.32754],[-1.89487,6.31465],[-1.88983,6.3083],[-1.89195,6.30319],[-1.89856,6.3052],[-1.90011,6.30019],[-1.89568,6.29529],[-1.89939,6.28848],[-1.89508,6.28865],[-1.89678,6.28528],[-1.90566,6.29022],[-1.9122,6.30097],[-1.95172,6.31922],[-1.94956,6.37607],[-1.95676,6.40624],[-1.95141,6.45524],[-1.95438,6.50543],[-1.95947,6.51433],[-1.98456,6.51895],[-1.97666,6.51851],[-1.97473,6.52428],[-1.98241,6.5242],[-1.98536,6.52859],[-1.97464,6.53265],[-1.96815,6.54437],[-1.97509,6.54723],[-1.96068,6.56974],[-1.93584,6.57443],[-1.92975,6.58202],[-1.91188,6.5849],[-1.9063,6.59166],[-1.90308,6.586],[-1.88152,6.58908],[-1.88685,6.57729],[-1.87532,6.57198],[-1.85825,6.5724],[-1.85849,6.5867],[-1.82734,6.57857],[-1.80916,6.56729]]]}},{"type":"Feature","properties":{"display_name":"Asante-Akim Central","region":"Ashanti","api_district":"Asante Akim Central Municipal","match_resolution":"base"},"geometry":{"type":"Polygon","coordinates":[[[-1.13321,6.66869],[-1.13309,6.65316],[-1.14336,6.64962],[-1.14399,6.6456],[-1.16239,6.6421],[-1.17532,6.63123],[-1.16901,6.6244],[-1.16493,6.62491],[-1.16948,6.61556],[-1.1611,6.61228],[-1.18237,6.60186],[-1.16681,6.59398],[-1.16492,6.58895],[-1.2042,6.58551],[-1.21938,6.57057],[-1.22274,6.54735],[-1.21704,6.53631],[-1.22698,6.52387],[-1.2217,6.50891],[-1.20182,6.48997],[-1.20483,6.48337],[-1.23553,6.44609],[-1.23509,6.4414],[-1.27531,6.43271],[-1.28194,6.41794],[-1.29792,6.40706],[-1.30074,6.41158],[-1.29856,6.41995],[-1.30328,6.42447],[-1.29502,6.43629],[-1.29348,6.45073],[-1.28532,6.45086],[-1.29045,6.46385],[-1.29017,6.47795],[-1.28449,6.48082],[-1.28696,6.48374],[-1.2841,6.49635],[-1.27894,6.50123],[-1.28633,6.50324],[-1.28532,6.51937],[-1.28342,6.51828],[-1.28169,6.5212],[-1.28507,6.52936],[-1.28938,6.53057],[-1.29853,6.55377],[-1.29341,6.55422],[-1.27306,6.57887],[-1.26593,6.57915],[-1.27843,6.60047],[-1.27444,6.60919],[-1.27948,6.61927],[-1.28598,6.62258],[-1.28659,6.63303],[-1.26578,6.65172],[-1.26812,6.66067],[-1.25977,6.66767],[-1.25946,6.67955],[-1.24498,6.68873],[-1.24762,6.70757],[-1.24179,6.71216],[-1.24046,6.72185],[-1.21708,6.71778],[-1.19743,6.70505],[-1.17371,6.70017],[-1.17018,6.69615],[-1.15235,6.70173],[-1.14138,6.69979],[-1.13492,6.68429],[-1.14485,6.67966],[-1.14447,6.67523],[-1.13321,6.66869]]]}},{"type":"Feature","properties":{"display_name":"Asante-Akim North","region":"Ashanti","api_district":"Asante Akim North District","match_resolution":"base"},"geometry":{"type":"Polygon","coordinates":[[[-0.96075,7.03798],[-0.94662,7.03538],[-0.94672,7.03224],[-0.94116,7.03511],[-0.92633,7.03135],[-0.90243,7.01124],[-0.88041,7.00307],[-0.88015,6.99631],[-0.8664,6.99082],[-0.86071,6.98351],[-0.8497,6.98531],[-0.84611,6.97779],[-0.84164,6.97691],[-0.84472,6.97427],[-0.84151,6.96836],[-0.83656,6.96732],[-0.83842,6.96181],[-0.83231,6.9523],[-0.83379,6.94556],[-0.82381,6.92326],[-0.82241,6.90185],[-0.81911,6.89832],[-0.80755,6.90542],[-0.8097,6.88672],[-0.80372,6.8902],[-0.79942,6.88192],[-0.79342,6.88362],[-0.79032,6.89814],[-0.77567,6.88344],[-0.76181,6.88366],[-0.7608,6.91008],[-0.75571,6.91559],[-0.75722,6.84484],[-0.76701,6.83585],[-0.78734,6.79894],[-0.78692,6.79384],[-0.79985,6.78851],[-0.83367,6.7934],[-0.84302,6.78011],[-0.8516,6.77794],[-0.86538,6.78242],[-0.88272,6.77843],[-0.90122,6.78832],[-0.90825,6.7771],[-0.91489,6.7768],[-0.9152,6.76811],[-0.9325,6.75625],[-0.95648,6.75392],[-0.96091,6.74617],[-0.97295,6.75049],[-0.98205,6.74901],[-0.9844,6.74205],[-0.9742,6.73739],[-0.96456,6.7414],[-0.95655,6.73962],[-0.95021,6.7352],[-0.9469,6.72483],[-0.95039,6.70743],[-0.96061,6.69139],[-0.97389,6.68108],[-0.97715,6.65506],[-0.97252,6.6456],[-1.02036,6.64383],[-1.014,6.66847],[-0.99646,6.69579],[-1.02715,6.72423],[-1.03744,6.72512],[-1.05362,6.70875],[-1.0564,6.7204],[-1.06301,6.71807],[-1.07953,6.72346],[-1.08252,6.71812],[-1.09069,6.71538],[-1.10178,6.71889],[-1.12333,6.67289],[-1.13321,6.66869],[-1.14447,6.67523],[-1.14485,6.67966],[-1.13492,6.68429],[-1.14138,6.69979],[-1.15235,6.70173],[-1.17018,6.69615],[-1.17371,6.70017],[-1.19743,6.70505],[-1.21708,6.71778],[-1.24,6.72214],[-1.23735,6.74616],[-1.24595,6.75755],[-1.25274,6.75941],[-1.2537,6.77895],[-1.25801,6.7887],[-1.25512,6.80124],[-1.25747,6.81081],[-1.26179,6.81322],[-1.25867,6.82033],[-1.26849,6.83232],[-1.26108,6.83032],[-1.24711,6.83751],[-1.23851,6.83594],[-1.23395,6.83059],[-1.22347,6.82935],[-1.22077,6.8227],[-1.21185,6.82151],[-1.19378,6.80346],[-1.17669,6.8051],[-1.17803,6.79875],[-1.17181,6.79623],[-1.16283,6.79629],[-1.15503,6.804],[-1.15601,6.80825],[-1.14891,6.8084],[-1.14681,6.79815],[-1.16895,6.79082],[-1.1672,6.78441],[-1.15126,6.7774],[-1.13982,6.78351],[-1.13117,6.77884],[-1.11655,6.78018],[-1.11424,6.79012],[-1.1048,6.79977],[-1.10454,6.81114],[-1.10121,6.81386],[-1.10559,6.82247],[-1.10576,6.84333],[-1.0975,6.85064],[-1.09642,6.86554],[-1.08874,6.87537],[-1.09712,6.88222],[-1.09566,6.88657],[-1.0863,6.89892],[-1.07519,6.89706],[-1.06619,6.90236],[-1.05916,6.91684],[-1.06204,6.92207],[-1.04955,6.93787],[-1.05212,6.94384],[-1.06731,6.94739],[-1.07026,6.97607],[-1.04825,6.9842],[-1.02386,7.00937],[-1.01122,7.01332],[-1.01025,7.02252],[-1.00189,7.03333],[-0.99534,7.03504],[-0.98037,7.02998],[-0.96075,7.03798]]]}},{"type":"Feature","properties":{"display_name":"Asante-Akim South","region":"Ashanti","api_district":"Asante Akim South Municipal","match_resolution":"base"},"geometry":{"type":"Polygon","coordinates":[[[-1.03559,6.72379],[-1.02522,6.72331],[-0.99646,6.69579],[-1.014,6.66847],[-1.02036,6.64383],[-0.97252,6.6456],[-0.97751,6.63854],[-0.97754,6.62148],[-0.97678,6.61473],[-0.97183,6.61205],[-0.94509,6.62702],[-0.94546,6.63906],[-0.9381,6.64108],[-0.93503,6.63616],[-0.9236,6.64085],[-0.91868,6.62228],[-0.91007,6.61037],[-0.91559,6.60077],[-0.9117,6.59794],[-0.91904,6.58784],[-0.92645,6.58791],[-0.93329,6.5821],[-0.93388,6.57494],[-0.94175,6.57063],[-0.944,6.56444],[-0.95035,6.56554],[-0.95654,6.55938],[-0.96814,6.53602],[-0.97262,6.53497],[-0.97201,6.52649],[-0.97735,6.51864],[-0.98145,6.52092],[-0.98922,6.51616],[-0.99316,6.50396],[-1.00061,6.50008],[-1.00595,6.48698],[-1.00342,6.48388],[-1.00593,6.47169],[-1.01225,6.4683],[-1.00854,6.45432],[-1.00502,6.45302],[-1.00869,6.44872],[-1.00573,6.44278],[-1.018,6.43607],[-1.01292,6.42596],[-1.01639,6.42053],[-1.0103,6.41496],[-1.0198,6.41344],[-1.01982,6.40891],[-1.02361,6.40829],[-1.03115,6.40837],[-1.03562,6.41302],[-1.04104,6.40782],[-1.03812,6.40364],[-1.04185,6.40047],[-1.05545,6.39767],[-1.06697,6.3902],[-1.06832,6.38333],[-1.10276,6.36441],[-1.10507,6.35767],[-1.11425,6.35281],[-1.11052,6.34325],[-1.11993,6.32596],[-1.1122,6.32059],[-1.11713,6.3222],[-1.13117,6.316],[-1.12777,6.30196],[-1.13864,6.29633],[-1.12691,6.28621],[-1.13145,6.28027],[-1.12799,6.27126],[-1.11632,6.26871],[-1.12536,6.24393],[-1.12134,6.23829],[-1.12559,6.23312],[-1.12051,6.22814],[-1.12301,6.21776],[-1.12049,6.20899],[-1.1364,6.19804],[-1.15069,6.20156],[-1.15379,6.19849],[-1.15515,6.20435],[-1.16114,6.20084],[-1.16424,6.20645],[-1.16889,6.20221],[-1.17554,6.20392],[-1.17973,6.20083],[-1.18272,6.20552],[-1.18627,6.2014],[-1.19781,6.19961],[-1.20216,6.20419],[-1.20411,6.2188],[-1.20142,6.22184],[-1.20761,6.22825],[-1.21369,6.22784],[-1.21243,6.23809],[-1.22561,6.25747],[-1.22463,6.26217],[-1.23038,6.26422],[-1.22877,6.2835],[-1.23995,6.2805],[-1.24216,6.29298],[-1.26267,6.31154],[-1.26049,6.3167],[-1.26779,6.32431],[-1.26994,6.33625],[-1.27958,6.3361],[-1.277,6.34619],[-1.28089,6.34687],[-1.28,6.35696],[-1.28305,6.35976],[-1.28517,6.35718],[-1.29684,6.3701],[-1.29208,6.37648],[-1.29698,6.38764],[-1.29243,6.39291],[-1.29659,6.40025],[-1.2873,6.41668],[-1.28194,6.41794],[-1.27531,6.43271],[-1.23509,6.4414],[-1.23553,6.44609],[-1.20322,6.4864],[-1.20331,6.49211],[-1.2217,6.50891],[-1.22698,6.52387],[-1.21704,6.53631],[-1.22274,6.54735],[-1.21938,6.57057],[-1.2042,6.58551],[-1.16492,6.58895],[-1.16681,6.59398],[-1.18237,6.60186],[-1.1611,6.61228],[-1.16948,6.61556],[-1.16493,6.62491],[-1.16901,6.6244],[-1.17532,6.63123],[-1.16239,6.6421],[-1.14399,6.6456],[-1.14336,6.64962],[-1.13309,6.65316],[-1.13321,6.66869],[-1.12333,6.67289],[-1.10178,6.71889],[-1.09069,6.71538],[-1.08252,6.71812],[-1.07953,6.72346],[-1.06301,6.71807],[-1.0564,6.7204],[-1.05362,6.70875],[-1.03559,6.72379]]]}},{"type":"Feature","properties":{"display_name":"Asokore-Mampong","region":"Ashanti","api_district":"Asokore Mampong Municipal","match_resolution":"base"},"geometry":{"type":"Polygon","coordinates":[[[-1.56675,6.73462],[-1.56154,6.72567],[-1.55948,6.73013],[-1.53916,6.72334],[-1.53966,6.71262],[-1.53169,6.70878],[-1.5336,6.703],[-1.54503,6.70092],[-1.55557,6.706],[-1.56582,6.69107],[-1.57461,6.7],[-1.59345,6.69013],[-1.60071,6.69653],[-1.61618,6.69881],[-1.60977,6.70658],[-1.59876,6.70951],[-1.59645,6.72032],[-1.58906,6.72816],[-1.56675,6.73462]]]}},{"type":"Feature","properties":{"display_name":"Asokwa","region":"Ashanti","api_district":"Oforikrom Municipal","match_resolution":"nearest"},"geometry":{"type":"Polygon","coordinates":[[[-1.55448,6.64291],[-1.56102,6.63468],[-1.57249,6.63249],[-1.57665,6.62415],[-1.58575,6.62296],[-1.59206,6.61127],[-1.59804,6.61324],[-1.60502,6.62629],[-1.61116,6.66491],[-1.59785,6.66965],[-1.59547,6.68016],[-1.58489,6.67372],[-1.57807,6.66051],[-1.5559,6.66355],[-1.55448,6.64291]]]}},{"type":"Feature","properties":{"display_name":"Atwima-Kwanwoma","region":"Ashanti","api_district":"Atwima Kwanwoma District","match_resolution":"base"},"geometry":{"type":"Polygon","coordinates":[[[-1.5986,6.61369],[-1.59495,6.60325],[-1.59812,6.59824],[-1.59128,6.59215],[-1.60465,6.59431],[-1.6124,6.58831],[-1.61285,6.58156],[-1.59795,6.55074],[-1.60072,6.54609],[-1.59613,6.54238],[-1.59615,6.52817],[-1.61703,6.53005],[-1.62191,6.53548],[-1.63095,6.53075],[-1.64156,6.53379],[-1.67298,6.57125],[-1.67765,6.55683],[-1.68299,6.55208],[-1.68898,6.55699],[-1.70636,6.55815],[-1.70961,6.56202],[-1.71397,6.5582],[-1.71451,6.54932],[-1.72206,6.54207],[-1.73991,6.54248],[-1.74501,6.53441],[-1.7439,6.52722],[-1.75022,6.52603],[-1.76397,6.53365],[-1.76986,6.5322],[-1.77619,6.52881],[-1.78011,6.51403],[-1.78662,6.51178],[-1.79355,6.51365],[-1.79219,6.52123],[-1.80365,6.53546],[-1.79126,6.54879],[-1.79022,6.55331],[-1.79562,6.55942],[-1.79267,6.56825],[-1.81323,6.58811],[-1.81467,6.60597],[-1.81906,6.61037],[-1.79255,6.62542],[-1.78915,6.63863],[-1.7848,6.63843],[-1.77981,6.62956],[-1.77375,6.63815],[-1.74946,6.63587],[-1.72523,6.66311],[-1.71941,6.6612],[-1.70923,6.66802],[-1.69795,6.66695],[-1.69204,6.65348],[-1.66954,6.66829],[-1.6552,6.65099],[-1.65296,6.63667],[-1.64431,6.63324],[-1.63571,6.61862],[-1.61085,6.61134],[-1.5986,6.61369]]]}},{"type":"Feature","properties":{"display_name":"Atwima-Mponua","region":"Ashanti","api_district":"Ahafo Ano South West District","match_resolution":"nearest"},"geometry":{"type":"Polygon","coordinates":[[[-1.90686,6.7451],[-1.8973,6.73976],[-1.8848,6.7144],[-1.87278,6.71088],[-1.86037,6.69371],[-1.84682,6.68737],[-1.84195,6.6639],[-1.83045,6.65808],[-1.83326,6.6462],[-1.85597,6.61827],[-1.85457,6.60804],[-1.86261,6.59757],[-1.85769,6.59266],[-1.86082,6.5884],[-1.85825,6.5724],[-1.87532,6.57198],[-1.88657,6.57704],[-1.88249,6.58964],[-1.90308,6.586],[-1.90707,6.59147],[-1.91188,6.5849],[-1.92975,6.58202],[-1.93584,6.57443],[-1.96068,6.56974],[-1.97509,6.54723],[-1.96815,6.54437],[-1.97464,6.53265],[-1.98536,6.52859],[-1.98241,6.5242],[-1.97473,6.52428],[-1.97654,6.51858],[-1.9916,6.51896],[-1.99021,6.5154],[-1.99381,6.51432],[-2.00497,6.5195],[-2.0082,6.52649],[-2.01034,6.52371],[-1.99948,6.5],[-2.00478,6.48896],[-2.00366,6.4784],[-2.00837,6.47298],[-2.00627,6.46465],[-2.03344,6.44275],[-2.02221,6.44176],[-2.01942,6.43705],[-2.02893,6.43355],[-2.02864,6.43013],[-2.04576,6.42756],[-2.04122,6.41393],[-2.05012,6.3989],[-2.04204,6.39534],[-2.0449,6.38867],[-2.05764,6.39717],[-2.07065,6.39459],[-2.07969,6.4036],[-2.09704,6.41105],[-2.14036,6.41429],[-2.14436,6.39093],[-2.16044,6.38968],[-2.16028,6.37221],[-2.20006,6.3545],[-2.22712,6.31997],[-2.22243,6.33977],[-2.21661,6.34473],[-2.21541,6.36376],[-2.22767,6.40842],[-2.22586,6.41778],[-2.23168,6.42067],[-2.23009,6.45005],[-2.23994,6.47215],[-2.26263,6.49113],[-2.27904,6.48703],[-2.29355,6.49162],[-2.30413,6.48353],[-2.31011,6.48985],[-2.33738,6.49327],[-2.34364,6.48237],[-2.35219,6.48413],[-2.36,6.47721],[-2.34897,6.45538],[-2.35516,6.4475],[-2.35084,6.44722],[-2.34984,6.43465],[-2.34402,6.43369],[-2.35113,6.39514],[-2.36186,6.38481],[-2.37812,6.3495],[-2.38101,6.34682],[-2.38486,6.35038],[-2.38991,6.34647],[-2.38982,6.33426],[-2.39956,6.34169],[-2.39747,6.3516],[-2.42738,6.34828],[-2.43068,6.35471],[-2.42654,6.36364],[-2.42933,6.37112],[-2.42397,6.38009],[-2.42629,6.40154],[-2.42072,6.40463],[-2.42583,6.40739],[-2.42407,6.40979],[-2.42389,6.41074],[-2.4288,6.41709],[-2.43475,6.41683],[-2.43797,6.42092],[-2.44063,6.417],[-2.43914,6.42816],[-2.45141,6.43155],[-2.4466,6.43061],[-2.44725,6.43441],[-2.43866,6.43924],[-2.43859,6.4429],[-2.44612,6.44306],[-2.44261,6.45756],[-2.43664,6.45962],[-2.43474,6.4654],[-2.43456,6.46397],[-2.43139,6.46405],[-2.43392,6.46626],[-2.43076,6.47325],[-2.42145,6.47321],[-2.42346,6.47567],[-2.41915,6.47841],[-2.42328,6.47664],[-2.42692,6.48406],[-2.42365,6.49238],[-2.41932,6.48844],[-2.414,6.49005],[-2.41598,6.49588],[-2.41004,6.49551],[-2.41123,6.5009],[-2.40301,6.50477],[-2.40379,6.5081],[-2.39724,6.50295],[-2.39727,6.52131],[-2.38615,6.52316],[-2.38179,6.52671],[-2.3841,6.53222],[-2.38109,6.53739],[-2.37486,6.5388],[-2.37801,6.54169],[-2.37662,6.54806],[-2.38222,6.55036],[-2.38534,6.55741],[-2.38559,6.56799],[-2.37955,6.57215],[-2.38014,6.58485],[-2.37114,6.59216],[-2.37843,6.60044],[-2.38012,6.59684],[-2.3839,6.59802],[-2.38349,6.61071],[-2.39472,6.61199],[-2.39234,6.62434],[-2.39883,6.62559],[-2.40293,6.63488],[-2.39975,6.63996],[-2.39607,6.6389],[-2.39529,6.64818],[-2.41284,6.65075],[-2.41686,6.65905],[-2.40473,6.66152],[-2.40114,6.66608],[-2.38907,6.66586],[-2.38,6.67411],[-2.37227,6.67158],[-2.36458,6.68017],[-2.36384,6.68857],[-2.36004,6.68726],[-2.35661,6.69393],[-2.34562,6.69965],[-2.3064,6.68711],[-2.29963,6.69216],[-2.29989,6.69881],[-2.2916,6.70465],[-2.28402,6.69857],[-2.28097,6.70562],[-2.27411,6.70704],[-2.27398,6.70414],[-2.26439,6.71034],[-2.26318,6.70531],[-2.2505,6.69953],[-2.23762,6.71994],[-2.22864,6.71244],[-2.21744,6.71606],[-2.21398,6.7123],[-2.20383,6.72521],[-2.20177,6.72084],[-2.19723,6.72254],[-2.19653,6.72816],[-2.17831,6.74924],[-2.177,6.76279],[-2.14064,6.78717],[-2.12148,6.78631],[-2.11959,6.79153],[-2.10722,6.78583],[-2.05304,6.78011],[-2.04023,6.77107],[-2.02012,6.78194],[-2.0097,6.77533],[-1.99797,6.75293],[-1.99034,6.76783],[-1.99244,6.77338],[-1.98207,6.77458],[-1.96861,6.76169],[-1.97134,6.73968],[-1.96406,6.73843],[-1.95175,6.72632],[-1.95125,6.71779],[-1.95551,6.71451],[-1.95236,6.70573],[-1.93746,6.72162],[-1.93814,6.73288],[-1.93107,6.731],[-1.93505,6.7402],[-1.92636,6.74196],[-1.92229,6.73509],[-1.90977,6.73324],[-1.90514,6.73715],[-1.90686,6.7451]]]}},{"type":"Feature","properties":{"display_name":"Atwima-Nwabiagya North","region":"Ashanti","api_district":"Atwima Nwabiagya North District","match_resolution":"base"},"geometry":{"type":"Polygon","coordinates":[[[-1.68652,6.87891],[-1.68973,6.86056],[-1.70075,6.86095],[-1.68498,6.85553],[-1.69423,6.85499],[-1.6935,6.84776],[-1.68877,6.83932],[-1.67466,6.83133],[-1.68057,6.82632],[-1.67863,6.81915],[-1.68841,6.81214],[-1.6698,6.81],[-1.66849,6.78571],[-1.66227,6.78017],[-1.66374,6.7768],[-1.67534,6.7845],[-1.67306,6.77482],[-1.67654,6.7669],[-1.68344,6.76554],[-1.75102,6.79764],[-1.77383,6.80047],[-1.78874,6.79783],[-1.78979,6.80399],[-1.77996,6.81372],[-1.77944,6.82632],[-1.78717,6.82532],[-1.79141,6.82985],[-1.79552,6.83995],[-1.79364,6.85196],[-1.80284,6.86419],[-1.8009,6.87482],[-1.80407,6.87947],[-1.79625,6.88488],[-1.7971,6.90822],[-1.78675,6.91647],[-1.78801,6.92731],[-1.79795,6.9361],[-1.80144,6.94692],[-1.81034,6.94532],[-1.81098,6.95037],[-1.82031,6.95588],[-1.82146,6.96693],[-1.82798,6.96835],[-1.8231,6.97956],[-1.82685,6.98408],[-1.82477,6.99208],[-1.80343,6.98127],[-1.79491,6.96993],[-1.78112,6.97446],[-1.77492,6.97218],[-1.75151,6.9512],[-1.75129,6.94593],[-1.74264,6.93741],[-1.72068,6.93715],[-1.71594,6.92727],[-1.72069,6.91237],[-1.71081,6.90073],[-1.71401,6.89908],[-1.71349,6.89117],[-1.69799,6.88977],[-1.69001,6.88362],[-1.68652,6.87891]]]}},{"type":"Feature","properties":{"display_name":"Atwima-Nwabiagya South","region":"Ashanti","api_district":"Atwima Nwabiagya Municipal","match_resolution":"nearest"},"geometry":{"type":"Polygon","coordinates":[[[-1.7012,6.67265],[-1.71941,6.6612],[-1.72523,6.66311],[-1.74946,6.63587],[-1.77375,6.63815],[-1.77981,6.62956],[-1.7848,6.63843],[-1.78915,6.63863],[-1.79255,6.62542],[-1.81849,6.6117],[-1.81247,6.59757],[-1.81365,6.5889],[-1.80158,6.57397],[-1.80539,6.56779],[-1.82734,6.57857],[-1.85387,6.58355],[-1.86082,6.5884],[-1.85769,6.59266],[-1.86247,6.59816],[-1.85457,6.60804],[-1.85503,6.62058],[-1.85044,6.622],[-1.84168,6.63889],[-1.83326,6.6462],[-1.83045,6.65808],[-1.84195,6.6639],[-1.84682,6.68737],[-1.86037,6.69371],[-1.87278,6.71088],[-1.8848,6.7144],[-1.89914,6.7423],[-1.90693,6.74385],[-1.90394,6.74893],[-1.90698,6.75372],[-1.89908,6.76171],[-1.90164,6.76413],[-1.90149,6.76585],[-1.89781,6.76412],[-1.89106,6.77123],[-1.89088,6.78296],[-1.87972,6.78083],[-1.86785,6.78881],[-1.86863,6.79939],[-1.85948,6.81086],[-1.84187,6.8049],[-1.83877,6.80879],[-1.83026,6.80113],[-1.83074,6.7958],[-1.82427,6.79575],[-1.82098,6.78997],[-1.8084,6.79806],[-1.79294,6.79649],[-1.77383,6.80047],[-1.75102,6.79764],[-1.72059,6.78159],[-1.69683,6.77404],[-1.68344,6.76554],[-1.7037,6.76052],[-1.71124,6.75406],[-1.69885,6.75098],[-1.69872,6.74802],[-1.68233,6.748],[-1.68233,6.74317],[-1.66377,6.74055],[-1.66303,6.71713],[-1.67691,6.71811],[-1.67687,6.72335],[-1.68987,6.72115],[-1.68374,6.71971],[-1.6973,6.7062],[-1.69665,6.69652],[-1.70526,6.681],[-1.7012,6.67265]]]}},{"type":"Feature","properties":{"display_name":"Bekwai","region":"Ashanti","api_district":"Bekwai Municipal","match_resolution":"base"},"geometry":{"type":"Polygon","coordinates":[[[-1.6513,6.54586],[-1.63599,6.53148],[-1.62297,6.53558],[-1.61703,6.53005],[-1.59589,6.52825],[-1.58715,6.5152],[-1.57924,6.52374],[-1.58182,6.50405],[-1.56633,6.51273],[-1.5493,6.53082],[-1.50594,6.50847],[-1.47542,6.51213],[-1.47379,6.5021],[-1.48391,6.48841],[-1.48426,6.46785],[-1.47834,6.46317],[-1.47213,6.46545],[-1.45876,6.46217],[-1.45115,6.44615],[-1.42908,6.43754],[-1.42263,6.4304],[-1.44713,6.42454],[-1.4353,6.38441],[-1.42666,6.38398],[-1.42625,6.37887],[-1.43373,6.36874],[-1.43774,6.36958],[-1.43546,6.3615],[-1.44419,6.34893],[-1.44244,6.34345],[-1.46175,6.32416],[-1.46777,6.33561],[-1.47605,6.33749],[-1.48157,6.34956],[-1.49226,6.35418],[-1.48361,6.3672],[-1.48757,6.37149],[-1.51254,6.37602],[-1.51161,6.3657],[-1.51971,6.34798],[-1.54043,6.34292],[-1.55354,6.34829],[-1.5679,6.34696],[-1.57112,6.34956],[-1.5683,6.35792],[-1.57948,6.37375],[-1.57434,6.38081],[-1.58613,6.38937],[-1.58563,6.39758],[-1.60038,6.39144],[-1.60572,6.40064],[-1.6177,6.40442],[-1.62105,6.38767],[-1.63321,6.3831],[-1.64745,6.3851],[-1.65474,6.40116],[-1.66675,6.39842],[-1.67576,6.40361],[-1.68738,6.39314],[-1.6902,6.38326],[-1.69586,6.38484],[-1.70057,6.3793],[-1.70272,6.37025],[-1.71928,6.36811],[-1.72668,6.35821],[-1.73239,6.36127],[-1.7335,6.37443],[-1.74311,6.38507],[-1.77071,6.39008],[-1.769,6.39757],[-1.75639,6.40995],[-1.75796,6.43737],[-1.73935,6.44727],[-1.74484,6.47356],[-1.72759,6.4918],[-1.71218,6.48954],[-1.704,6.50126],[-1.68882,6.50184],[-1.68103,6.50843],[-1.69159,6.51416],[-1.69602,6.52991],[-1.67198,6.54082],[-1.66656,6.54833],[-1.6513,6.54586]]]}},{"type":"Feature","properties":{"display_name":"Bosome Freho","region":"Ashanti","api_district":"Bosome Freho District","match_resolution":"base"},"geometry":{"type":"MultiPolygon","coordinates":[[[[-1.25785,6.22043],[-1.24386,6.20761],[-1.22172,6.21248],[-1.20004,6.19904],[-1.19222,6.19922],[-1.19322,6.19601],[-1.18682,6.19369],[-1.19016,6.1926],[-1.18872,6.1841],[-1.17895,6.17994],[-1.17883,6.17252],[-1.18267,6.17263],[-1.18107,6.16673],[-1.18537,6.17034],[-1.18606,6.16765],[-1.17844,6.15747],[-1.18136,6.15682],[-1.17981,6.1476],[-1.18428,6.14886],[-1.18325,6.14359],[-1.19048,6.14393],[-1.19312,6.13528],[-1.20224,6.13213],[-1.19323,6.12159],[-1.20582,6.1158],[-1.20808,6.12022],[-1.21997,6.11907],[-1.22657,6.12239],[-1.23347,6.11761],[-1.24488,6.1186],[-1.25083,6.11384],[-1.25169,6.10468],[-1.26143,6.10142],[-1.2623,6.1112],[-1.28109,6.12278],[-1.29315,6.14425],[-1.29059,6.16643],[-1.29856,6.18782],[-1.29168,6.20599],[-1.28176,6.20346],[-1.27575,6.20636],[-1.27012,6.20284],[-1.25785,6.22043]]],[[[-1.47496,6.51155],[-1.46141,6.50925],[-1.44629,6.49645],[-1.44482,6.48139],[-1.4353,6.47237],[-1.40196,6.47409],[-1.40294,6.46952],[-1.4008,6.46915],[-1.38829,6.47228],[-1.3788,6.48021],[-1.32899,6.46012],[-1.31243,6.44021],[-1.30088,6.43909],[-1.2983,6.43269],[-1.30328,6.42447],[-1.29856,6.41995],[-1.30068,6.41078],[-1.2928,6.40501],[-1.29659,6.40025],[-1.29243,6.39291],[-1.29698,6.38764],[-1.29215,6.3818],[-1.29231,6.37441],[-1.29759,6.37228],[-1.28517,6.35718],[-1.28305,6.35976],[-1.28,6.35696],[-1.28089,6.34687],[-1.277,6.34619],[-1.27958,6.3361],[-1.26994,6.33625],[-1.25913,6.3054],[-1.25468,6.30577],[-1.24216,6.29298],[-1.23995,6.2805],[-1.23407,6.28172],[-1.2428,6.26464],[-1.25344,6.26446],[-1.25917,6.2566],[-1.27347,6.2536],[-1.28881,6.23305],[-1.29662,6.23626],[-1.30276,6.22778],[-1.32088,6.22417],[-1.32902,6.23794],[-1.33953,6.24272],[-1.35648,6.24028],[-1.37244,6.22716],[-1.38538,6.23534],[-1.38786,6.25109],[-1.37666,6.27204],[-1.38675,6.28987],[-1.38551,6.30253],[-1.39955,6.28383],[-1.41334,6.28598],[-1.42109,6.29158],[-1.42369,6.30218],[-1.4351,6.30482],[-1.45179,6.29892],[-1.45972,6.291],[-1.46832,6.29032],[-1.4811,6.3077],[-1.44244,6.34345],[-1.44419,6.34893],[-1.43546,6.3615],[-1.43774,6.36958],[-1.43373,6.36874],[-1.42625,6.37887],[-1.42666,6.38398],[-1.4353,6.38441],[-1.44713,6.42454],[-1.42263,6.4304],[-1.42908,6.43754],[-1.45115,6.44615],[-1.45876,6.46217],[-1.47213,6.46545],[-1.47834,6.46317],[-1.48426,6.46785],[-1.48391,6.48841],[-1.47379,6.5021],[-1.47496,6.51155]]]]}},{"type":"Feature","properties":{"display_name":"Bosomtwe","region":"Ashanti","api_district":"Bosomtwe District","match_resolution":"base"},"geometry":{"type":"Polygon","coordinates":[[[-1.59615,6.52817],[-1.59613,6.54238],[-1.60072,6.54609],[-1.59795,6.55074],[-1.60996,6.57246],[-1.6124,6.58831],[-1.60465,6.59431],[-1.59138,6.59197],[-1.59812,6.59824],[-1.59495,6.60325],[-1.59867,6.61363],[-1.59206,6.61127],[-1.58575,6.62296],[-1.57665,6.62415],[-1.57249,6.63249],[-1.56102,6.63468],[-1.5532,6.6442],[-1.54413,6.64777],[-1.51608,6.64385],[-1.50769,6.63219],[-1.49602,6.63234],[-1.48726,6.6157],[-1.47693,6.61403],[-1.46833,6.60662],[-1.4541,6.60723],[-1.44263,6.61821],[-1.43516,6.61534],[-1.43193,6.60868],[-1.42308,6.60915],[-1.41037,6.62072],[-1.41352,6.6291],[-1.4112,6.63922],[-1.40431,6.64068],[-1.38151,6.63314],[-1.37926,6.63687],[-1.35745,6.62118],[-1.3455,6.6195],[-1.34326,6.6149],[-1.34953,6.60606],[-1.34177,6.5858],[-1.33774,6.57925],[-1.32143,6.57238],[-1.3086,6.55379],[-1.31487,6.52416],[-1.34411,6.51314],[-1.33781,6.50129],[-1.34134,6.48944],[-1.34942,6.48969],[-1.37026,6.47464],[-1.38115,6.48049],[-1.38829,6.47228],[-1.4008,6.46915],[-1.40196,6.47409],[-1.41787,6.47452],[-1.42568,6.47095],[-1.43671,6.47322],[-1.44511,6.48208],[-1.44629,6.49645],[-1.46141,6.50925],[-1.47611,6.51225],[-1.50594,6.50847],[-1.5493,6.53082],[-1.56633,6.51273],[-1.58182,6.50405],[-1.57924,6.52374],[-1.58715,6.5152],[-1.59615,6.52817]]]}},{"type":"Feature","properties":{"display_name":"Ejisu","region":"Ashanti","api_district":"Ejisu Municipal","match_resolution":"base"},"geometry":{"type":"Polygon","coordinates":[[[-1.5556,6.72803],[-1.54215,6.73651],[-1.53858,6.74658],[-1.53006,6.74809],[-1.52536,6.7567],[-1.51209,6.74974],[-1.49301,6.75437],[-1.49059,6.75778],[-1.49449,6.76193],[-1.49365,6.77484],[-1.47164,6.79478],[-1.43815,6.77169],[-1.43347,6.7624],[-1.41943,6.75775],[-1.41756,6.74288],[-1.40913,6.73265],[-1.37918,6.71685],[-1.3745,6.69919],[-1.36234,6.69454],[-1.34923,6.68153],[-1.32958,6.67874],[-1.32396,6.66294],[-1.29214,6.65736],[-1.28652,6.65178],[-1.27962,6.63732],[-1.28659,6.63303],[-1.28598,6.62258],[-1.27564,6.61189],[-1.27843,6.60047],[-1.26593,6.57915],[-1.27306,6.57887],[-1.29341,6.55422],[-1.29853,6.55377],[-1.28938,6.53057],[-1.28507,6.52936],[-1.28169,6.5212],[-1.28532,6.51937],[-1.28633,6.50324],[-1.27894,6.50123],[-1.2841,6.49635],[-1.28696,6.48374],[-1.28449,6.48082],[-1.29017,6.47795],[-1.29045,6.46385],[-1.28532,6.45086],[-1.29348,6.45073],[-1.29662,6.43279],[-1.30329,6.44109],[-1.31243,6.44021],[-1.32899,6.46012],[-1.34278,6.46359],[-1.35003,6.47114],[-1.37026,6.47464],[-1.34942,6.48969],[-1.34134,6.48944],[-1.33781,6.50129],[-1.34411,6.51314],[-1.31487,6.52416],[-1.31041,6.53858],[-1.30968,6.55603],[-1.32143,6.57238],[-1.33774,6.57925],[-1.34243,6.58705],[-1.34953,6.60606],[-1.34326,6.6149],[-1.3455,6.6195],[-1.35745,6.62118],[-1.37926,6.63687],[-1.38254,6.63326],[-1.40581,6.64067],[-1.41377,6.63572],[-1.41066,6.62009],[-1.42343,6.60902],[-1.43193,6.60868],[-1.43516,6.61534],[-1.44263,6.61821],[-1.45452,6.60705],[-1.46833,6.60662],[-1.47693,6.61403],[-1.48726,6.6157],[-1.49602,6.63234],[-1.50769,6.63219],[-1.51608,6.64385],[-1.51027,6.64788],[-1.5047,6.6641],[-1.51222,6.67142],[-1.51519,6.68784],[-1.52769,6.69518],[-1.52202,6.70672],[-1.53152,6.70691],[-1.53966,6.71262],[-1.53916,6.72334],[-1.5556,6.72803]]]}},{"type":"Feature","properties":{"display_name":"Ejura-Sekyedumase","region":"Ashanti","api_district":"Ejura-Sekyedumase Municipal","match_resolution":"base"},"geometry":{"type":"Polygon","coordinates":[[[-1.42483,7.58183],[-1.42132,7.57998],[-1.40902,7.58618],[-1.39902,7.59871],[-1.38606,7.6051],[-1.36857,7.6029],[-1.36383,7.60856],[-1.35335,7.60912],[-1.34389,7.61935],[-1.31618,7.62469],[-1.30785,7.62193],[-1.31718,7.61061],[-1.31276,7.6027],[-1.31355,7.58062],[-1.29952,7.57118],[-1.29378,7.55977],[-1.29513,7.54632],[-1.29042,7.53515],[-1.26643,7.52149],[-1.24991,7.49616],[-1.23945,7.48928],[-1.22535,7.49492],[-1.20674,7.49252],[-1.20289,7.49541],[-1.1813,7.4814],[-1.15708,7.47971],[-1.1555,7.46899],[-1.14499,7.47001],[-1.14408,7.46034],[-1.14982,7.44154],[-1.159,7.43764],[-1.16565,7.42662],[-1.1661,7.41251],[-1.17298,7.40138],[-1.17208,7.39194],[-1.17918,7.36779],[-1.18897,7.36324],[-1.19369,7.36623],[-1.20958,7.36124],[-1.23765,7.36139],[-1.26672,7.34051],[-1.27842,7.32293],[-1.27843,7.30862],[-1.28438,7.30195],[-1.27601,7.29495],[-1.27799,7.2881],[-1.29824,7.28749],[-1.2972,7.26364],[-1.28831,7.23167],[-1.30555,7.24489],[-1.3072,7.25401],[-1.31337,7.26017],[-1.32558,7.2689],[-1.33117,7.26686],[-1.33218,7.27047],[-1.34455,7.27472],[-1.34893,7.28444],[-1.35816,7.28606],[-1.37022,7.3046],[-1.37844,7.30892],[-1.38719,7.30575],[-1.39214,7.29775],[-1.40431,7.30323],[-1.40528,7.29209],[-1.40899,7.29028],[-1.48195,7.25967],[-1.49383,7.25992],[-1.50315,7.25356],[-1.49632,7.23469],[-1.49889,7.23291],[-1.50968,7.22786],[-1.51591,7.23834],[-1.5295,7.2347],[-1.53511,7.22589],[-1.55625,7.21568],[-1.56369,7.20711],[-1.57365,7.18135],[-1.58017,7.17558],[-1.58826,7.14559],[-1.59781,7.15139],[-1.61064,7.14975],[-1.60738,7.16539],[-1.63188,7.16638],[-1.63097,7.16152],[-1.65863,7.16166],[-1.65868,7.18906],[-1.65349,7.19491],[-1.65749,7.20464],[-1.65159,7.21981],[-1.65978,7.23218],[-1.654,7.24511],[-1.65731,7.25401],[-1.64669,7.2644],[-1.64197,7.26267],[-1.64291,7.27441],[-1.63618,7.29061],[-1.63983,7.31263],[-1.6356,7.32081],[-1.64294,7.32885],[-1.64096,7.33607],[-1.62512,7.33911],[-1.5766,7.40283],[-1.5637,7.40531],[-1.5391,7.39571],[-1.52613,7.39898],[-1.52104,7.39157],[-1.51554,7.39089],[-1.51572,7.41001],[-1.50917,7.42214],[-1.5096,7.42913],[-1.51198,7.44117],[-1.52023,7.45003],[-1.49122,7.48421],[-1.47244,7.49656],[-1.46248,7.52464],[-1.43568,7.55859],[-1.43358,7.57346],[-1.42512,7.57631],[-1.42483,7.58183]]]}},{"type":"Feature","properties":{"display_name":"Juaben","region":"Ashanti","api_district":"Juaben Municipal","match_resolution":"base"},"geometry":{"type":"Polygon","coordinates":[[[-1.4661,6.84762],[-1.46261,6.87086],[-1.44011,6.87223],[-1.44905,6.84578],[-1.43118,6.83943],[-1.42871,6.83165],[-1.40094,6.84514],[-1.38652,6.82603],[-1.37301,6.82698],[-1.36733,6.80933],[-1.34953,6.79409],[-1.33775,6.76389],[-1.33741,6.75353],[-1.35237,6.75526],[-1.35332,6.7272],[-1.34312,6.72567],[-1.32026,6.71343],[-1.31453,6.6989],[-1.30004,6.69441],[-1.268,6.664],[-1.26578,6.65172],[-1.27282,6.64374],[-1.27823,6.64358],[-1.27985,6.6391],[-1.29214,6.65736],[-1.32396,6.66294],[-1.32958,6.67874],[-1.34923,6.68153],[-1.36234,6.69454],[-1.3745,6.69919],[-1.37918,6.71685],[-1.40913,6.73265],[-1.41756,6.74288],[-1.41943,6.75775],[-1.43347,6.7624],[-1.43815,6.77169],[-1.46173,6.79046],[-1.45739,6.78834],[-1.45169,6.7966],[-1.45985,6.80884],[-1.45858,6.82551],[-1.4661,6.84762]]]}},{"type":"Feature","properties":{"display_name":"Kumasi","region":"Ashanti","api_district":"Kumasi","match_resolution":"exact"},"geometry":{"type":"Polygon","coordinates":[[[-1.60099,6.70861],[-1.60977,6.70658],[-1.61618,6.69881],[-1.60071,6.69653],[-1.60468,6.69032],[-1.59547,6.68016],[-1.59785,6.66965],[-1.61116,6.66491],[-1.63367,6.66898],[-1.64595,6.68388],[-1.64322,6.70285],[-1.61661,6.71437],[-1.60775,6.71437],[-1.60099,6.70861]]]}},{"type":"Feature","properties":{"display_name":"Kwabre East","region":"Ashanti","api_district":"Kwabre East District","match_resolution":"base"},"geometry":{"type":"Polygon","coordinates":[[[-1.59602,6.75878],[-1.61458,6.77526],[-1.57385,6.80326],[-1.54711,6.81381],[-1.52497,6.84821],[-1.50663,6.83919],[-1.48867,6.84274],[-1.47465,6.85034],[-1.46362,6.8468],[-1.45858,6.82551],[-1.45985,6.80884],[-1.45261,6.79356],[-1.4578,6.78828],[-1.47164,6.79478],[-1.47654,6.79352],[-1.47535,6.79064],[-1.49377,6.7746],[-1.49449,6.76193],[-1.49059,6.75778],[-1.49301,6.75437],[-1.51209,6.74974],[-1.52536,6.7567],[-1.53006,6.74809],[-1.53858,6.74658],[-1.54215,6.73651],[-1.5556,6.72803],[-1.55948,6.73013],[-1.56154,6.72567],[-1.5668,6.73263],[-1.56187,6.74055],[-1.59127,6.75036],[-1.59602,6.75878]]]}},{"type":"Feature","properties":{"display_name":"Kwadaso","region":"Ashanti","api_district":"Kwadaso Municipal","match_resolution":"base"},"geometry":{"type":"Polygon","coordinates":[[[-1.5986,6.61369],[-1.61085,6.61134],[-1.63571,6.61862],[-1.64431,6.63324],[-1.65296,6.63667],[-1.6552,6.65099],[-1.66954,6.66829],[-1.69204,6.65348],[-1.69795,6.66695],[-1.70796,6.66775],[-1.7012,6.67265],[-1.70435,6.68722],[-1.69665,6.69652],[-1.6973,6.7062],[-1.68374,6.71971],[-1.68987,6.72115],[-1.68718,6.72352],[-1.67687,6.72335],[-1.67691,6.71811],[-1.66303,6.71713],[-1.65584,6.70624],[-1.64322,6.70285],[-1.64595,6.68388],[-1.63367,6.66898],[-1.61116,6.66491],[-1.60502,6.62629],[-1.5986,6.61369]]]}},{"type":"Feature","properties":{"display_name":"Mampong","region":"Ashanti","api_district":"Mampong Municipal","match_resolution":"base"},"geometry":{"type":"Polygon","coordinates":[[[-1.40414,6.91902],[-1.41419,6.94114],[-1.42519,6.94423],[-1.43034,6.94782],[-1.42911,6.9514],[-1.44321,6.95873],[-1.46043,6.96439],[-1.45598,6.99015],[-1.44867,6.99008],[-1.44921,6.99491],[-1.44398,6.99813],[-1.44546,7.01669],[-1.44928,7.02403],[-1.47134,7.02154],[-1.47877,7.04828],[-1.4857,7.04644],[-1.48706,7.05091],[-1.50243,7.0542],[-1.49277,7.08099],[-1.48511,7.08884],[-1.49589,7.10834],[-1.51907,7.11631],[-1.52023,7.12427],[-1.52903,7.12361],[-1.52688,7.13232],[-1.53385,7.13653],[-1.53518,7.13129],[-1.58277,7.13001],[-1.59265,7.13509],[-1.58017,7.17558],[-1.57365,7.18135],[-1.56369,7.20711],[-1.55625,7.21568],[-1.53511,7.22589],[-1.5295,7.2347],[-1.51591,7.23834],[-1.50968,7.22786],[-1.49889,7.23291],[-1.49632,7.23469],[-1.50315,7.25356],[-1.49383,7.25992],[-1.48195,7.25967],[-1.40899,7.29028],[-1.40528,7.29209],[-1.40431,7.30323],[-1.39214,7.29775],[-1.38719,7.30575],[-1.37844,7.30892],[-1.37022,7.3046],[-1.35816,7.28606],[-1.34893,7.28444],[-1.34455,7.27472],[-1.33218,7.27047],[-1.33117,7.26686],[-1.32558,7.2689],[-1.31337,7.26017],[-1.3072,7.25401],[-1.30555,7.24489],[-1.28387,7.2304],[-1.28349,7.22534],[-1.27808,7.22321],[-1.26311,7.22862],[-1.24976,7.22137],[-1.25709,7.21015],[-1.25513,7.20423],[-1.26757,7.19516],[-1.27045,7.18097],[-1.28438,7.17431],[-1.29311,7.15277],[-1.31031,7.14544],[-1.32656,7.12867],[-1.34063,7.12385],[-1.34216,7.11482],[-1.35186,7.1077],[-1.3844,7.09595],[-1.38641,7.06957],[-1.37594,7.05729],[-1.4015,7.03254],[-1.39765,7.02307],[-1.40773,7.00665],[-1.40269,6.9957],[-1.41089,6.9886],[-1.42008,6.99993],[-1.42629,6.99328],[-1.42169,6.96973],[-1.41555,6.96967],[-1.41041,6.95593],[-1.38602,6.9447],[-1.39325,6.92583],[-1.40414,6.91902]]]}},{"type":"Feature","properties":{"display_name":"Obuasi","region":"Ashanti","api_district":"Obuasi Municipal","match_resolution":"base"},"geometry":{"type":"Polygon","coordinates":[[[-1.60716,6.23924],[-1.63433,6.2025],[-1.63678,6.19296],[-1.63,6.17382],[-1.63143,6.16602],[-1.64894,6.14084],[-1.65597,6.12273],[-1.66124,6.11922],[-1.67345,6.13562],[-1.68283,6.13971],[-1.69555,6.1377],[-1.70605,6.14562],[-1.71053,6.14105],[-1.71474,6.14869],[-1.72979,6.15513],[-1.72673,6.16823],[-1.75056,6.18577],[-1.73828,6.20854],[-1.75127,6.20493],[-1.75913,6.20877],[-1.7709,6.20374],[-1.76973,6.21268],[-1.74747,6.22325],[-1.73539,6.23944],[-1.72455,6.24132],[-1.71017,6.25602],[-1.69232,6.25718],[-1.68902,6.26199],[-1.68208,6.26221],[-1.67471,6.25491],[-1.67822,6.24868],[-1.6732,6.23602],[-1.60716,6.23924]]]}},{"type":"Feature","properties":{"display_name":"Obuasi East","region":"Ashanti","api_district":"Obuasi East District","match_resolution":"base"},"geometry":{"type":"Polygon","coordinates":[[[-1.65425,6.12802],[-1.63143,6.16602],[-1.63,6.17382],[-1.63678,6.19296],[-1.62679,6.21458],[-1.60716,6.23924],[-1.5715,6.23606],[-1.56372,6.22139],[-1.5658,6.20146],[-1.56297,6.19657],[-1.57623,6.18356],[-1.58279,6.16414],[-1.5887,6.16344],[-1.59258,6.15469],[-1.59967,6.15233],[-1.60152,6.1398],[-1.60791,6.13407],[-1.61262,6.12071],[-1.6168,6.11924],[-1.6199,6.12406],[-1.63156,6.11951],[-1.63561,6.12295],[-1.64248,6.12118],[-1.65425,6.12802]]]}},{"type":"Feature","properties":{"display_name":"Offinso","region":"Ashanti","api_district":"Offinso Municipal","match_resolution":"base"},"geometry":{"type":"Polygon","coordinates":[[[-1.64347,6.91374],[-1.64784,6.91208],[-1.64754,6.89771],[-1.66195,6.88885],[-1.66141,6.88293],[-1.66904,6.88527],[-1.66709,6.8817],[-1.67358,6.87837],[-1.67204,6.87487],[-1.68029,6.87389],[-1.68185,6.86654],[-1.6883,6.86792],[-1.68652,6.87891],[-1.69001,6.88362],[-1.69799,6.88977],[-1.71349,6.89117],[-1.71401,6.89908],[-1.71081,6.90073],[-1.72069,6.91237],[-1.71594,6.92727],[-1.72068,6.93715],[-1.74264,6.93741],[-1.75129,6.94593],[-1.75151,6.9512],[-1.77741,6.97341],[-1.79491,6.96993],[-1.80343,6.98127],[-1.82237,6.99232],[-1.82158,6.99951],[-1.84757,7.02426],[-1.84029,7.03591],[-1.81588,7.0489],[-1.81353,7.05172],[-1.81718,7.0559],[-1.80848,7.05862],[-1.80679,7.06474],[-1.8142,7.0689],[-1.81085,7.07647],[-1.8208,7.07629],[-1.87072,7.10286],[-1.85796,7.10484],[-1.80977,7.13693],[-1.76148,7.14995],[-1.7471,7.16802],[-1.74925,7.18457],[-1.78934,7.21298],[-1.76065,7.2443],[-1.67194,7.24382],[-1.66193,7.2445],[-1.65649,7.25112],[-1.65456,7.24878],[-1.65978,7.23218],[-1.65159,7.21981],[-1.65749,7.20464],[-1.65349,7.19491],[-1.65868,7.18906],[-1.66117,7.15764],[-1.65034,7.14815],[-1.68037,7.11204],[-1.67695,7.10001],[-1.66797,7.0882],[-1.65347,7.08077],[-1.65715,7.06726],[-1.65425,7.05419],[-1.66695,7.04574],[-1.65815,7.04256],[-1.63825,6.97362],[-1.64184,6.96993],[-1.63944,6.95272],[-1.64308,6.94485],[-1.63896,6.92733],[-1.64347,6.91374]]]}},{"type":"Feature","properties":{"display_name":"Offinso North","region":"Ashanti","api_district":"Offinso North District","match_resolution":"base"},"geometry":{"type":"Polygon","coordinates":[[[-1.95361,7.08523],[-1.9325,7.13008],[-1.93294,7.17658],[-1.86894,7.2032],[-1.85533,7.22726],[-1.83855,7.23868],[-1.8267,7.25336],[-1.8272,7.25847],[-1.83565,7.25955],[-1.84345,7.27503],[-1.85967,7.27811],[-1.9122,7.25346],[-1.92724,7.26479],[-1.94987,7.26148],[-1.95454,7.26549],[-1.96211,7.29344],[-1.98841,7.29807],[-1.99577,7.31322],[-2.00144,7.31694],[-2.00913,7.31854],[-2.04698,7.30555],[-2.05631,7.30889],[-2.06154,7.31785],[-2.07629,7.32315],[-2.13556,7.39548],[-2.14071,7.40664],[-2.1268,7.41906],[-2.12781,7.43176],[-2.12195,7.43315],[-2.11934,7.44081],[-2.11412,7.44243],[-2.11396,7.46038],[-2.10806,7.46481],[-2.07457,7.45513],[-2.038,7.45704],[-2.02303,7.43779],[-2.01846,7.42145],[-2.00107,7.42131],[-1.97556,7.41008],[-1.96743,7.4137],[-1.96446,7.40806],[-1.92707,7.44256],[-1.91736,7.44177],[-1.91599,7.43675],[-1.90834,7.43674],[-1.89795,7.43045],[-1.87147,7.45955],[-1.86703,7.47826],[-1.86347,7.47692],[-1.86339,7.46767],[-1.85642,7.4612],[-1.836,7.47097],[-1.83992,7.42505],[-1.82923,7.39362],[-1.80722,7.34848],[-1.77934,7.35094],[-1.77285,7.34645],[-1.76145,7.32198],[-1.73972,7.32065],[-1.72848,7.31177],[-1.72647,7.31709],[-1.71793,7.31661],[-1.71096,7.32426],[-1.69971,7.32133],[-1.67874,7.32477],[-1.67544,7.31975],[-1.65724,7.31993],[-1.65415,7.31354],[-1.64091,7.32511],[-1.6356,7.32081],[-1.63971,7.31377],[-1.63618,7.29061],[-1.64291,7.27441],[-1.64197,7.26267],[-1.64669,7.2644],[-1.66193,7.2445],[-1.76065,7.2443],[-1.78865,7.21688],[-1.78379,7.20779],[-1.74735,7.18209],[-1.7471,7.16802],[-1.76148,7.14995],[-1.80977,7.13693],[-1.85796,7.10484],[-1.89207,7.10173],[-1.90261,7.08486],[-1.91203,7.08764],[-1.91696,7.08166],[-1.92319,7.08778],[-1.9298,7.0816],[-1.95361,7.08523]]]}},{"type":"Feature","properties":{"display_name":"Oforikrom","region":"Ashanti","api_district":"Oforikrom Municipal","match_resolution":"base"},"geometry":{"type":"Polygon","coordinates":[[[-1.51608,6.64385],[-1.54413,6.64777],[-1.55448,6.64291],[-1.5559,6.66355],[-1.57807,6.66051],[-1.58489,6.67372],[-1.60468,6.69032],[-1.60071,6.69653],[-1.59311,6.69014],[-1.57461,6.7],[-1.56582,6.69107],[-1.55557,6.706],[-1.53595,6.70074],[-1.53169,6.70878],[-1.52202,6.70672],[-1.52769,6.69518],[-1.51519,6.68784],[-1.51222,6.67142],[-1.5047,6.6641],[-1.51027,6.64788],[-1.51608,6.64385]]]}},{"type":"Feature","properties":{"display_name":"Old Tafo","region":"Ashanti","api_district":"Old Tafo Municipal","match_resolution":"base"},"geometry":{"type":"Polygon","coordinates":[[[-1.64246,6.75867],[-1.63824,6.76412],[-1.62904,6.76628],[-1.61798,6.7577],[-1.62061,6.75204],[-1.61049,6.75515],[-1.60804,6.75048],[-1.60122,6.7538],[-1.60594,6.75847],[-1.60489,6.76364],[-1.59602,6.75878],[-1.59127,6.75036],[-1.56187,6.74055],[-1.57035,6.73217],[-1.58906,6.72816],[-1.59645,6.72032],[-1.59876,6.70951],[-1.60775,6.71437],[-1.62685,6.71132],[-1.63162,6.73809],[-1.63776,6.74351],[-1.64246,6.75867]]]}},{"type":"Feature","properties":{"display_name":"Sekyere Afram Plains North","region":"Ashanti","api_district":"Sekyere Afram Plains District","match_resolution":"nearest"},"geometry":{"type":"Polygon","coordinates":[[[-0.68913,7.53389],[-0.68243,7.52457],[-0.67692,7.52898],[-0.67567,7.52297],[-0.671,7.52269],[-0.65003,7.50198],[-0.64786,7.47702],[-0.65196,7.46665],[-0.64782,7.46159],[-0.65417,7.43074],[-0.64169,7.42043],[-0.63904,7.4023],[-0.6248,7.3835],[-0.61901,7.38237],[-0.59867,7.34858],[-0.54093,7.3545],[-0.53395,7.34779],[-0.50535,7.34096],[-0.49918,7.34346],[-0.49706,7.3393],[-0.49271,7.34388],[-0.48417,7.3373],[-0.4777,7.33539],[-0.47349,7.33875],[-0.46066,7.33112],[-0.45665,7.3342],[-0.44754,7.3326],[-0.43112,7.32323],[-0.42697,7.32683],[-0.42332,7.32097],[-0.39627,7.31158],[-0.38188,7.31281],[-0.37726,7.30907],[-0.36198,7.3117],[-0.35485,7.30854],[-0.35421,7.2976],[-0.32985,7.29089],[-0.33146,7.28731],[-0.32442,7.28104],[-0.31098,7.28565],[-0.30811,7.27906],[-0.30223,7.27768],[-0.29767,7.28297],[-0.28884,7.28434],[-0.28811,7.28048],[-0.27495,7.27451],[-0.27237,7.26808],[-0.26166,7.26664],[-0.25452,7.23282],[-0.25664,7.22828],[-0.24248,7.22199],[-0.24369,7.21186],[-0.2387,7.2023],[-0.24849,7.19738],[-0.25053,7.19231],[-0.25748,7.19521],[-0.26015,7.18951],[-0.26737,7.19368],[-0.27909,7.19024],[-0.28716,7.19469],[-0.28809,7.18413],[-0.3064,7.17821],[-0.30026,7.17203],[-0.32176,7.14409],[-0.3878,7.11788],[-0.4203,7.11953],[-0.42632,7.12525],[-0.44163,7.12218],[-0.46139,7.12835],[-0.49467,7.12479],[-0.54183,7.13898],[-0.56123,7.13746],[-0.58283,7.15055],[-0.60955,7.1536],[-0.61932,7.16666],[-0.63539,7.17389],[-0.59101,7.04448],[-0.57986,7.03775],[-0.56472,7.01869],[-0.56656,6.99794],[-0.57422,6.97861],[-0.57412,6.96326],[-0.5853,6.95087],[-0.60084,6.94815],[-0.63697,6.95301],[-0.65755,6.94719],[-0.65868,6.94178],[-0.65228,6.92948],[-0.69341,6.93942],[-0.72277,6.9523],[-0.74195,6.94888],[-0.75324,6.93807],[-0.75585,6.9301],[-0.75571,6.91559],[-0.76233,6.901],[-0.75962,6.89173],[-0.76203,6.88356],[-0.77567,6.88344],[-0.79032,6.89814],[-0.79342,6.88362],[-0.79942,6.88192],[-0.80372,6.8902],[-0.8097,6.88672],[-0.80755,6.90542],[-0.81911,6.89832],[-0.82241,6.90185],[-0.82381,6.92326],[-0.83379,6.94556],[-0.83231,6.9523],[-0.83842,6.96181],[-0.83656,6.96732],[-0.84151,6.96836],[-0.84472,6.97427],[-0.84164,6.97691],[-0.84611,6.97779],[-0.8497,6.98531],[-0.86071,6.98351],[-0.8664,6.99082],[-0.88015,6.99631],[-0.88041,7.00307],[-0.90243,7.01124],[-0.92633,7.03135],[-0.94116,7.03511],[-0.94672,7.03224],[-0.94662,7.03538],[-0.95678,7.03771],[-0.98037,7.02998],[-0.99534,7.03504],[-1.00189,7.03333],[-1.01025,7.02252],[-1.01122,7.01332],[-1.02386,7.00937],[-1.04825,6.9842],[-1.07026,6.97607],[-1.06731,6.94739],[-1.08869,6.94703],[-1.0977,6.95491],[-1.11506,6.95939],[-1.13769,6.95764],[-1.14729,6.96445],[-1.15777,6.95958],[-1.16595,6.96108],[-1.17726,6.95351],[-1.18945,6.95571],[-1.19797,6.94989],[-1.21493,6.94861],[-1.21289,6.95757],[-1.20669,6.95855],[-1.20418,6.96379],[-1.19823,6.96219],[-1.19476,6.96635],[-1.18394,6.96328],[-1.16612,6.98493],[-1.12224,7.01739],[-1.13864,7.04152],[-1.16383,7.02502],[-1.17431,7.01023],[-1.19056,7.00875],[-1.18991,7.03169],[-1.18327,7.03042],[-1.17065,7.0374],[-1.16165,7.04568],[-1.16107,7.05099],[-1.15593,7.05228],[-1.16498,7.05338],[-1.16794,7.06021],[-1.18157,7.0707],[-1.1819,7.07783],[-1.17149,7.0864],[-1.14827,7.0873],[-1.13883,7.09359],[-1.12475,7.08735],[-1.10629,7.08671],[-1.09021,7.1216],[-1.05531,7.13242],[-0.99754,7.13589],[-0.98958,7.1403],[-0.98078,7.13605],[-0.96541,7.13986],[-0.95502,7.13088],[-0.9416,7.13195],[-0.94995,7.14766],[-0.95889,7.15268],[-0.96349,7.16134],[-0.96237,7.17712],[-0.94568,7.19377],[-0.94937,7.22782],[-0.94346,7.24693],[-0.9213,7.27154],[-0.90806,7.29658],[-0.90699,7.3483],[-0.9146,7.40468],[-0.96276,7.41477],[-0.97845,7.40364],[-1.00456,7.40238],[-1.03764,7.40667],[-1.06399,7.4156],[-1.07237,7.42712],[-1.07076,7.4445],[-1.06455,7.4588],[-1.07043,7.48916],[-1.06844,7.50159],[-1.05259,7.50858],[-1.0453,7.51553],[-1.0408,7.5275],[-1.01483,7.53481],[-1.00229,7.52815],[-0.98349,7.53466],[-0.97604,7.52911],[-0.97211,7.51963],[-0.95318,7.52347],[-0.93585,7.51404],[-0.93306,7.50555],[-0.92521,7.50372],[-0.90177,7.508],[-0.89316,7.50424],[-0.88993,7.51653],[-0.88455,7.51308],[-0.87577,7.51444],[-0.86676,7.52066],[-0.86212,7.51825],[-0.86394,7.51465],[-0.84505,7.51834],[-0.84367,7.50971],[-0.82834,7.51221],[-0.82153,7.50845],[-0.82039,7.49949],[-0.80843,7.51096],[-0.80765,7.50255],[-0.78498,7.49765],[-0.77677,7.50605],[-0.77349,7.50383],[-0.76715,7.5085],[-0.74766,7.50925],[-0.73914,7.52051],[-0.72651,7.52326],[-0.72093,7.51984],[-0.70515,7.52986],[-0.70107,7.52873],[-0.68912,7.54144],[-0.68913,7.53389]]]}},{"type":"Feature","properties":{"display_name":"Sekyere Central","region":"Ashanti","api_district":"Sekyere Central District","match_resolution":"base"},"geometry":{"type":"Polygon","coordinates":[[[-1.19056,7.00875],[-1.22016,7.00382],[-1.21939,7.00046],[-1.23553,6.98068],[-1.25468,6.96645],[-1.26423,6.97504],[-1.29484,6.98541],[-1.30256,6.97994],[-1.3339,6.97306],[-1.35077,6.97656],[-1.36245,6.9554],[-1.37817,6.95532],[-1.38884,6.94369],[-1.39511,6.95086],[-1.40494,6.95137],[-1.41102,6.95673],[-1.41555,6.96967],[-1.42169,6.96973],[-1.42629,6.99328],[-1.42008,6.99993],[-1.41089,6.9886],[-1.40269,6.9957],[-1.40773,7.00665],[-1.39765,7.02307],[-1.4015,7.03254],[-1.37594,7.05729],[-1.38641,7.06957],[-1.3844,7.09595],[-1.35186,7.1077],[-1.34216,7.11482],[-1.34063,7.12385],[-1.32656,7.12867],[-1.31031,7.14544],[-1.29311,7.15277],[-1.28438,7.17431],[-1.27045,7.18097],[-1.26757,7.19516],[-1.25513,7.20423],[-1.25709,7.21015],[-1.25008,7.22193],[-1.26311,7.22862],[-1.27808,7.22321],[-1.28349,7.22534],[-1.28387,7.2304],[-1.28974,7.23353],[-1.2972,7.26364],[-1.29806,7.28835],[-1.27799,7.2881],[-1.27601,7.29495],[-1.28438,7.30195],[-1.27935,7.30548],[-1.27935,7.32082],[-1.27269,7.33304],[-1.23765,7.36139],[-1.18269,7.36482],[-1.17587,7.37686],[-1.16565,7.42662],[-1.159,7.43764],[-1.14982,7.44154],[-1.14401,7.47147],[-1.13299,7.47098],[-1.12445,7.47683],[-1.12032,7.47199],[-1.11278,7.47305],[-1.10485,7.46483],[-1.08378,7.48768],[-1.07014,7.49101],[-1.06455,7.4588],[-1.07076,7.4445],[-1.07237,7.42712],[-1.06399,7.4156],[-1.03764,7.40667],[-1.00456,7.40238],[-0.97845,7.40364],[-0.96276,7.41477],[-0.9146,7.40468],[-0.90699,7.3483],[-0.90806,7.29658],[-0.9213,7.27154],[-0.94346,7.24693],[-0.94937,7.22782],[-0.94568,7.19377],[-0.96237,7.17712],[-0.96349,7.16134],[-0.95889,7.15268],[-0.94995,7.14766],[-0.9416,7.13195],[-0.95502,7.13088],[-0.96541,7.13986],[-0.98078,7.13605],[-0.98958,7.1403],[-0.99754,7.13589],[-1.05531,7.13242],[-1.09021,7.1216],[-1.10629,7.08671],[-1.12475,7.08735],[-1.13883,7.09359],[-1.14827,7.0873],[-1.17149,7.0864],[-1.1819,7.07783],[-1.18157,7.0707],[-1.16794,7.06021],[-1.16498,7.05338],[-1.15593,7.05228],[-1.16107,7.05099],[-1.16165,7.04568],[-1.17065,7.0374],[-1.18327,7.03042],[-1.18991,7.03169],[-1.19056,7.00875]]]}},{"type":"Feature","properties":{"display_name":"Sekyere East","region":"Ashanti","api_district":"Sekyere East District","match_resolution":"base"},"geometry":{"type":"Polygon","coordinates":[[[-1.44011,6.87223],[-1.42752,6.87932],[-1.42182,6.89746],[-1.41308,6.89883],[-1.4028,6.88709],[-1.39045,6.88726],[-1.38773,6.87057],[-1.35883,6.8705],[-1.34635,6.85998],[-1.33829,6.8665],[-1.3334,6.86484],[-1.32373,6.8552],[-1.31368,6.85251],[-1.30557,6.84088],[-1.30002,6.8397],[-1.28422,6.82388],[-1.27635,6.82304],[-1.27105,6.83121],[-1.26034,6.82382],[-1.26179,6.81322],[-1.25747,6.81081],[-1.25512,6.80124],[-1.25801,6.7887],[-1.2537,6.77895],[-1.25274,6.75941],[-1.24595,6.75755],[-1.23673,6.7398],[-1.23992,6.73537],[-1.23801,6.723],[-1.24179,6.71216],[-1.24762,6.70757],[-1.24498,6.68873],[-1.25946,6.67955],[-1.26144,6.66434],[-1.26763,6.66087],[-1.30004,6.69441],[-1.31298,6.69758],[-1.32026,6.71343],[-1.34312,6.72567],[-1.35332,6.7272],[-1.35237,6.75526],[-1.33741,6.75353],[-1.33695,6.7569],[-1.34953,6.79409],[-1.36733,6.80933],[-1.37301,6.82698],[-1.38652,6.82603],[-1.40094,6.84514],[-1.42871,6.83165],[-1.43118,6.83943],[-1.44905,6.84578],[-1.44011,6.87223]]]}},{"type":"Feature","properties":{"display_name":"Sekyere Kumawu","region":"Ashanti","api_district":"Sekyere Kumawu District","match_resolution":"base"},"geometry":{"type":"Polygon","coordinates":[[[-1.41308,6.89883],[-1.41542,6.91063],[-1.39446,6.92421],[-1.38341,6.95189],[-1.3773,6.95552],[-1.36302,6.95495],[-1.35077,6.97656],[-1.3339,6.97306],[-1.30256,6.97994],[-1.29484,6.98541],[-1.26423,6.97504],[-1.25468,6.96645],[-1.23553,6.98068],[-1.21939,7.00046],[-1.22016,7.00382],[-1.17789,7.00851],[-1.16383,7.02502],[-1.13864,7.04152],[-1.12224,7.01739],[-1.16612,6.98493],[-1.18394,6.96328],[-1.19476,6.96635],[-1.19823,6.96219],[-1.20418,6.96379],[-1.20669,6.95855],[-1.21289,6.95757],[-1.21493,6.94861],[-1.19797,6.94989],[-1.18945,6.95571],[-1.17726,6.95351],[-1.16595,6.96108],[-1.15777,6.95958],[-1.14729,6.96445],[-1.13769,6.95764],[-1.11506,6.95939],[-1.09473,6.95388],[-1.08869,6.94703],[-1.06867,6.948],[-1.04934,6.94189],[-1.05268,6.93197],[-1.06204,6.92207],[-1.05916,6.91684],[-1.06619,6.90236],[-1.07519,6.89706],[-1.0863,6.89892],[-1.09566,6.88657],[-1.09712,6.88222],[-1.08874,6.87537],[-1.09642,6.86554],[-1.0975,6.85064],[-1.10593,6.84247],[-1.10559,6.82247],[-1.10121,6.81386],[-1.10454,6.81114],[-1.1048,6.79977],[-1.11424,6.79012],[-1.11762,6.77973],[-1.13117,6.77884],[-1.13982,6.78351],[-1.15126,6.7774],[-1.16473,6.78321],[-1.16977,6.78688],[-1.16895,6.79082],[-1.14823,6.79688],[-1.14891,6.8084],[-1.15601,6.80825],[-1.15503,6.804],[-1.16283,6.79629],[-1.17297,6.79649],[-1.17831,6.79927],[-1.17669,6.8051],[-1.19378,6.80346],[-1.21185,6.82151],[-1.22077,6.8227],[-1.22347,6.82935],[-1.23395,6.83059],[-1.23971,6.83637],[-1.24711,6.83751],[-1.26108,6.83032],[-1.26717,6.833],[-1.27635,6.82304],[-1.28422,6.82388],[-1.30002,6.8397],[-1.30557,6.84088],[-1.31368,6.85251],[-1.32373,6.8552],[-1.3334,6.86484],[-1.33829,6.8665],[-1.34635,6.85998],[-1.35883,6.8705],[-1.38789,6.87066],[-1.39045,6.88726],[-1.4028,6.88709],[-1.41308,6.89883]]]}},{"type":"Feature","properties":{"display_name":"Sekyere South","region":"Ashanti","api_district":"Sekyere South District","match_resolution":"base"},"geometry":{"type":"Polygon","coordinates":[[[-1.50663,6.83919],[-1.54583,6.86139],[-1.54682,6.87643],[-1.55237,6.88729],[-1.55104,6.90112],[-1.5538,6.90302],[-1.54667,6.90955],[-1.55114,6.91731],[-1.56695,6.92119],[-1.57025,6.92765],[-1.57809,6.92701],[-1.58213,6.93885],[-1.60469,6.9361],[-1.58266,6.96098],[-1.56373,6.96238],[-1.55923,6.96713],[-1.56031,6.97487],[-1.5563,6.98206],[-1.55977,6.98903],[-1.55754,6.99697],[-1.57129,7.00751],[-1.58026,7.0046],[-1.58589,7.02124],[-1.60016,7.02626],[-1.59303,7.04693],[-1.59514,7.05478],[-1.59162,7.06039],[-1.5955,7.07066],[-1.59255,7.07701],[-1.61001,7.10206],[-1.60604,7.11171],[-1.61493,7.12733],[-1.62243,7.13098],[-1.61322,7.13784],[-1.61064,7.14975],[-1.60406,7.15154],[-1.58826,7.14559],[-1.59265,7.13509],[-1.58751,7.12993],[-1.53518,7.13129],[-1.53385,7.13653],[-1.52688,7.13232],[-1.52903,7.12361],[-1.52023,7.12427],[-1.51907,7.11631],[-1.49589,7.10834],[-1.48511,7.08884],[-1.49277,7.08099],[-1.50243,7.0542],[-1.48706,7.05091],[-1.4857,7.04644],[-1.47877,7.04828],[-1.47134,7.02154],[-1.44928,7.02403],[-1.44546,7.01669],[-1.44398,6.99813],[-1.44921,6.99491],[-1.44867,6.99008],[-1.45598,6.99015],[-1.46043,6.96439],[-1.44321,6.95873],[-1.42911,6.9514],[-1.43034,6.94782],[-1.42519,6.94423],[-1.41419,6.94114],[-1.40414,6.91902],[-1.41522,6.91097],[-1.41308,6.89883],[-1.42234,6.89683],[-1.4281,6.87858],[-1.44207,6.87109],[-1.46261,6.87086],[-1.4661,6.84762],[-1.47465,6.85034],[-1.48867,6.84274],[-1.50663,6.83919]]]}},{"type":"Feature","properties":{"display_name":"Suame","region":"Ashanti","api_district":"Suame Municipal","match_resolution":"base"},"geometry":{"type":"Polygon","coordinates":[[[-1.67654,6.7669],[-1.66643,6.76247],[-1.66208,6.75567],[-1.65163,6.75396],[-1.64246,6.75867],[-1.63776,6.74351],[-1.63162,6.73809],[-1.62685,6.71132],[-1.64322,6.70285],[-1.65584,6.70624],[-1.66303,6.71713],[-1.66377,6.74055],[-1.68233,6.74317],[-1.68233,6.748],[-1.69872,6.74802],[-1.69885,6.75098],[-1.71124,6.75406],[-1.7037,6.76052],[-1.67654,6.7669]]]}},{"type":"Feature","properties":{"display_name":"Banda","region":"Bono","api_district":"Banda District","match_resolution":"base"},"geometry":{"type":"Polygon","coordinates":[[[-2.11703,8.13539],[-2.12195,8.13086],[-2.11689,8.11883],[-2.11643,8.09951],[-2.12123,8.09704],[-2.12317,8.0891],[-2.12899,8.08829],[-2.12722,8.08388],[-2.13567,8.08082],[-2.12447,8.07498],[-2.1232,8.0617],[-2.11534,8.05422],[-2.12054,8.05178],[-2.12939,8.05681],[-2.13011,8.05075],[-2.113,8.04047],[-2.12074,8.03639],[-2.12673,8.02698],[-2.13495,8.02869],[-2.13598,8.0196],[-2.14286,8.01529],[-2.14586,7.99987],[-2.15833,7.99333],[-2.16527,7.97396],[-2.17101,7.97611],[-2.17575,7.96378],[-2.19018,7.96516],[-2.19145,7.9603],[-2.20848,7.95294],[-2.2638,7.96794],[-2.271,7.97545],[-2.3001,7.98702],[-2.31112,7.98377],[-2.32046,7.9896],[-2.33355,7.98427],[-2.34048,7.976],[-2.35118,7.98275],[-2.35555,7.99682],[-2.37107,8.00602],[-2.38482,8.00617],[-2.39553,8.01194],[-2.405,8.00854],[-2.43507,8.01953],[-2.44084,7.99821],[-2.43183,7.98472],[-2.43497,7.97555],[-2.44479,7.96843],[-2.47116,7.92248],[-2.47972,7.91848],[-2.48917,7.92177],[-2.48862,7.92805],[-2.49636,7.94123],[-2.50469,7.94379],[-2.51416,7.95846],[-2.53591,7.97784],[-2.54258,7.99713],[-2.53292,8.00211],[-2.52799,8.00997],[-2.52622,8.0272],[-2.51598,8.05417],[-2.52787,8.08639],[-2.525,8.09889],[-2.537,8.11582],[-2.52872,8.15051],[-2.53618,8.14438],[-2.55544,8.14692],[-2.54478,8.17573],[-2.50896,8.19344],[-2.49489,8.20518],[-2.50141,8.30744],[-2.52444,8.44062],[-2.54897,8.54234],[-2.59009,8.78705],[-2.56859,8.77177],[-2.54304,8.76152],[-2.53561,8.73928],[-2.52564,8.73249],[-2.51299,8.73004],[-2.50066,8.71986],[-2.49033,8.69942],[-2.48829,8.6858],[-2.46462,8.65218],[-2.45506,8.64824],[-2.44223,8.62999],[-2.41734,8.61194],[-2.4193,8.59338],[-2.41016,8.56705],[-2.40226,8.56428],[-2.39863,8.55707],[-2.3835,8.55406],[-2.3712,8.53928],[-2.36701,8.53986],[-2.35791,8.52071],[-2.37077,8.50035],[-2.36929,8.48555],[-2.36538,8.47471],[-2.35549,8.46932],[-2.3523,8.46145],[-2.33709,8.45425],[-2.32527,8.41738],[-2.30957,8.40073],[-2.30774,8.38973],[-2.29941,8.38484],[-2.3008,8.36273],[-2.30499,8.35481],[-2.29728,8.34332],[-2.29533,8.32692],[-2.28561,8.3193],[-2.28847,8.2969],[-2.2755,8.29311],[-2.25251,8.27683],[-2.24026,8.2815],[-2.22973,8.2634],[-2.21489,8.25861],[-2.20905,8.24956],[-2.21296,8.2415],[-2.20508,8.23179],[-2.16792,8.21142],[-2.16209,8.1736],[-2.15357,8.17135],[-2.13566,8.15181],[-2.12766,8.1476],[-2.12125,8.14966],[-2.11703,8.13539]]]}},{"type":"Feature","properties":{"display_name":"Berekum East","region":"Bono","api_district":"Berekum East Municipal","match_resolution":"base"},"geometry":{"type":"Polygon","coordinates":[[[-2.5134,7.28972],[-2.52602,7.29307],[-2.5363,7.30239],[-2.5445,7.32952],[-2.56139,7.34368],[-2.57138,7.35879],[-2.57213,7.36959],[-2.58022,7.37575],[-2.59648,7.43977],[-2.64445,7.49051],[-2.65076,7.51669],[-2.63763,7.54546],[-2.63301,7.58248],[-2.66628,7.64226],[-2.65938,7.65333],[-2.65504,7.67446],[-2.64407,7.67783],[-2.61031,7.67489],[-2.58806,7.68021],[-2.57466,7.67558],[-2.55948,7.66346],[-2.54227,7.65891],[-2.54202,7.64727],[-2.53099,7.62283],[-2.51538,7.62149],[-2.50921,7.60884],[-2.49828,7.60497],[-2.48675,7.59334],[-2.48068,7.59367],[-2.47758,7.58682],[-2.47547,7.56716],[-2.4828,7.55864],[-2.5059,7.55348],[-2.51348,7.54784],[-2.51755,7.54153],[-2.51094,7.52529],[-2.52595,7.50982],[-2.52233,7.49732],[-2.49306,7.48729],[-2.49101,7.47259],[-2.51308,7.46557],[-2.51643,7.4573],[-2.54148,7.44542],[-2.53165,7.41678],[-2.51437,7.40575],[-2.50542,7.39644],[-2.50384,7.38914],[-2.50342,7.36554],[-2.52078,7.37123],[-2.51791,7.32825],[-2.5065,7.32006],[-2.5134,7.28972]]]}},{"type":"Feature","properties":{"display_name":"Berekum West","region":"Bono","api_district":"Berekum West District","match_resolution":"base"},"geometry":{"type":"Polygon","coordinates":[[[-2.5363,7.30239],[-2.5549,7.31214],[-2.57674,7.31633],[-2.62088,7.33397],[-2.66657,7.37132],[-2.69625,7.38022],[-2.71678,7.407],[-2.72581,7.41068],[-2.73156,7.42722],[-2.74442,7.42418],[-2.75799,7.44609],[-2.78008,7.47075],[-2.78795,7.4598],[-2.79666,7.46204],[-2.79517,7.48274],[-2.76714,7.50088],[-2.76836,7.50927],[-2.77853,7.52324],[-2.78101,7.54748],[-2.73458,7.5466],[-2.71804,7.53993],[-2.7316,7.56917],[-2.69454,7.5624],[-2.6865,7.58399],[-2.68585,7.609],[-2.67782,7.61483],[-2.67587,7.62656],[-2.66628,7.64226],[-2.63301,7.58248],[-2.63763,7.54546],[-2.65076,7.51669],[-2.64445,7.49051],[-2.59648,7.43977],[-2.58022,7.37575],[-2.57213,7.36959],[-2.57138,7.35879],[-2.56139,7.34368],[-2.5445,7.32952],[-2.5363,7.30239]]]}},{"type":"Feature","properties":{"display_name":"Dormaa","region":"Bono","api_district":"Dormaa Municipal","match_resolution":"base"},"geometry":{"type":"Polygon","coordinates":[[[-2.69625,7.38022],[-2.72098,7.38032],[-2.73341,7.39574],[-2.73312,7.38845],[-2.77618,7.38435],[-2.80283,7.36338],[-2.79832,7.35022],[-2.79408,7.34818],[-2.79581,7.34283],[-2.78778,7.33529],[-2.7935,7.3183],[-2.79007,7.31235],[-2.79566,7.309],[-2.7954,7.30105],[-2.81192,7.30587],[-2.81497,7.28846],[-2.81412,7.27475],[-2.79136,7.27001],[-2.79046,7.26413],[-2.77734,7.25687],[-2.77352,7.24847],[-2.7613,7.24335],[-2.75888,7.23142],[-2.7388,7.22828],[-2.72937,7.21892],[-2.73381,7.20052],[-2.74189,7.18821],[-2.72821,7.17146],[-2.71207,7.16669],[-2.71141,7.15572],[-2.69047,7.1324],[-2.69147,7.11392],[-2.70449,7.10279],[-2.71163,7.09993],[-2.71788,7.10333],[-2.72432,7.09658],[-2.72921,7.0985],[-2.7445,7.08234],[-2.75317,7.0785],[-2.76073,7.06102],[-2.76389,7.03949],[-2.76148,7.03517],[-2.77155,7.02087],[-2.9326,6.99657],[-2.97815,7.05679],[-2.97358,7.06708],[-3.01126,7.08489],[-3.01335,7.09538],[-3.02914,7.09663],[-3.02362,7.14248],[-2.95335,7.23918],[-2.97818,7.27206],[-2.96964,7.33313],[-2.94839,7.43004],[-2.94726,7.45648],[-2.93707,7.48032],[-2.92587,7.4624],[-2.91394,7.45474],[-2.90349,7.42546],[-2.89308,7.41674],[-2.88888,7.42613],[-2.80465,7.46812],[-2.78795,7.4598],[-2.78065,7.47104],[-2.75799,7.44609],[-2.74442,7.42418],[-2.73156,7.42722],[-2.72581,7.41068],[-2.71678,7.407],[-2.69625,7.38022]]]}},{"type":"Feature","properties":{"display_name":"Dormaa East","region":"Bono","api_district":"Dormaa East District","match_resolution":"base"},"geometry":{"type":"Polygon","coordinates":[[[-2.47467,7.24131],[-2.48546,7.22776],[-2.48679,7.21807],[-2.49255,7.21954],[-2.49506,7.22639],[-2.51678,7.23078],[-2.55589,7.23046],[-2.58055,7.20881],[-2.58122,7.18055],[-2.60717,7.18036],[-2.62854,7.1557],[-2.65138,7.1415],[-2.67473,7.13754],[-2.68266,7.14058],[-2.69044,7.13224],[-2.71141,7.15572],[-2.71278,7.16763],[-2.72821,7.17146],[-2.74189,7.18821],[-2.73381,7.20052],[-2.72937,7.21892],[-2.7388,7.22828],[-2.75888,7.23142],[-2.7613,7.24335],[-2.77352,7.24847],[-2.77734,7.25687],[-2.79046,7.26413],[-2.79136,7.27001],[-2.81412,7.27475],[-2.81432,7.30338],[-2.80598,7.30623],[-2.7954,7.30105],[-2.79566,7.309],[-2.79007,7.31235],[-2.7935,7.3183],[-2.78778,7.33529],[-2.79581,7.34283],[-2.79408,7.34818],[-2.79832,7.35022],[-2.80283,7.36338],[-2.77618,7.38435],[-2.73312,7.38845],[-2.73341,7.39574],[-2.72098,7.38032],[-2.6823,7.37763],[-2.66657,7.37132],[-2.61503,7.3308],[-2.56661,7.31315],[-2.5549,7.31214],[-2.53055,7.29999],[-2.52602,7.29307],[-2.50687,7.28656],[-2.49997,7.27031],[-2.47467,7.24131]]]}},{"type":"Feature","properties":{"display_name":"Dormaa West","region":"Bono","api_district":"Dormaa Municipal","match_resolution":"nearest"},"geometry":{"type":"Polygon","coordinates":[[[-2.85952,6.85411],[-2.87165,6.8537],[-2.88594,6.87955],[-2.89676,6.8875],[-2.89627,6.89291],[-2.90533,6.90622],[-2.91849,6.91797],[-2.9198,6.92492],[-2.92854,6.92917],[-2.9386,6.9414],[-2.96903,6.93705],[-2.98869,6.94644],[-3.02806,6.927],[-3.03387,6.92745],[-3.04563,6.93824],[-3.06517,6.93953],[-3.07278,6.94368],[-3.07198,6.96302],[-3.07558,6.97187],[-3.09223,6.97965],[-3.09971,6.99426],[-3.11656,7.00587],[-3.07494,7.06286],[-3.03206,7.07172],[-3.02914,7.09663],[-3.01672,7.09716],[-3.01105,7.09107],[-3.01126,7.08489],[-2.97358,7.06708],[-2.97815,7.05679],[-2.9326,6.99657],[-2.77739,7.02012],[-2.79251,7.00985],[-2.80041,6.99137],[-2.82076,6.96395],[-2.83077,6.9632],[-2.83234,6.95862],[-2.8395,6.95962],[-2.84891,6.95167],[-2.85208,6.94223],[-2.84999,6.92292],[-2.85627,6.91165],[-2.84931,6.8868],[-2.85169,6.8747],[-2.86066,6.86389],[-2.85952,6.85411]]]}},{"type":"Feature","properties":{"display_name":"Jaman North","region":"Bono","api_district":"Jaman North District","match_resolution":"base"},"geometry":{"type":"Polygon","coordinates":[[[-2.58806,7.68021],[-2.61031,7.67489],[-2.64407,7.67783],[-2.668,7.67256],[-2.66921,7.68178],[-2.67684,7.69242],[-2.68743,7.69733],[-2.69286,7.69273],[-2.70332,7.69638],[-2.70472,7.7051],[-2.72297,7.71683],[-2.72919,7.73499],[-2.74299,7.74133],[-2.75465,7.76107],[-2.76263,7.76614],[-2.76714,7.77595],[-2.76299,7.77982],[-2.76551,7.78683],[-2.7626,7.78974],[-2.76755,7.79485],[-2.77966,7.79361],[-2.79268,7.80621],[-2.80966,7.81066],[-2.8262,7.82553],[-2.83289,7.84858],[-2.82524,7.86825],[-2.82212,7.91243],[-2.81031,7.93849],[-2.80856,7.9656],[-2.79314,7.98374],[-2.77173,7.99713],[-2.71271,8.01716],[-2.69559,8.0298],[-2.66199,8.04211],[-2.65269,8.04219],[-2.63667,8.05473],[-2.63143,8.05317],[-2.63617,8.06707],[-2.62988,8.11509],[-2.60847,8.1519],[-2.58992,8.15242],[-2.57622,8.14476],[-2.56538,8.14929],[-2.55972,8.14336],[-2.55544,8.14692],[-2.53618,8.14438],[-2.52937,8.15069],[-2.537,8.11582],[-2.525,8.09889],[-2.52787,8.08639],[-2.51593,8.05335],[-2.52622,8.0272],[-2.52799,8.00997],[-2.53292,8.00211],[-2.54258,7.99713],[-2.53758,7.98547],[-2.54704,7.98393],[-2.55339,7.97818],[-2.55855,7.95853],[-2.57899,7.95528],[-2.57983,7.94291],[-2.57396,7.93269],[-2.58036,7.92152],[-2.60862,7.9129],[-2.60716,7.90355],[-2.5983,7.89828],[-2.59639,7.88702],[-2.59303,7.88545],[-2.59644,7.88141],[-2.59284,7.87829],[-2.59465,7.87216],[-2.58707,7.86756],[-2.58311,7.8585],[-2.5807,7.8311],[-2.57087,7.7955],[-2.57266,7.77288],[-2.58752,7.7628],[-2.5761,7.75174],[-2.58755,7.73459],[-2.5793,7.72958],[-2.57742,7.72371],[-2.58866,7.71242],[-2.59178,7.70263],[-2.58806,7.68021]]]}},{"type":"Feature","properties":{"display_name":"Jaman South","region":"Bono","api_district":"Jaman South Municipal","match_resolution":"base"},"geometry":{"type":"Polygon","coordinates":[[[-2.65504,7.67446],[-2.65938,7.65333],[-2.67587,7.62656],[-2.67551,7.61902],[-2.68585,7.609],[-2.6865,7.58399],[-2.69454,7.5624],[-2.73083,7.5701],[-2.71804,7.53993],[-2.73458,7.5466],[-2.78101,7.54748],[-2.77853,7.52324],[-2.76836,7.50927],[-2.76714,7.50088],[-2.79517,7.48274],[-2.79666,7.46204],[-2.80465,7.46812],[-2.88888,7.42613],[-2.89308,7.41674],[-2.90349,7.42546],[-2.91321,7.45366],[-2.92587,7.4624],[-2.93707,7.48032],[-2.92346,7.60856],[-2.86935,7.73228],[-2.85061,7.76186],[-2.84862,7.78025],[-2.82611,7.80573],[-2.83035,7.82053],[-2.82512,7.8244],[-2.80599,7.80815],[-2.79268,7.80621],[-2.77966,7.79361],[-2.76755,7.79485],[-2.76206,7.78902],[-2.76714,7.77595],[-2.76263,7.76614],[-2.75465,7.76107],[-2.74299,7.74133],[-2.72919,7.73499],[-2.72297,7.71683],[-2.70472,7.7051],[-2.70332,7.69638],[-2.69286,7.69273],[-2.68743,7.69733],[-2.67684,7.69242],[-2.66921,7.68178],[-2.668,7.67256],[-2.65504,7.67446]]]}},{"type":"Feature","properties":{"display_name":"Sunyani","region":"Bono","api_district":"Sunyani Municipal","match_resolution":"base"},"geometry":{"type":"Polygon","coordinates":[[[-2.20994,7.31433],[-2.21922,7.31212],[-2.21839,7.30095],[-2.22199,7.30276],[-2.23049,7.29496],[-2.24047,7.29222],[-2.24565,7.27964],[-2.26204,7.27889],[-2.26866,7.2743],[-2.26593,7.26749],[-2.26894,7.26466],[-2.26336,7.26139],[-2.27098,7.25486],[-2.26518,7.24551],[-2.27248,7.24573],[-2.27002,7.23883],[-2.27341,7.23722],[-2.28148,7.24702],[-2.27849,7.23374],[-2.2841,7.23245],[-2.2851,7.2267],[-2.29086,7.22422],[-2.2968,7.23349],[-2.3194,7.23328],[-2.32495,7.23713],[-2.34068,7.21784],[-2.35006,7.18699],[-2.31056,7.15986],[-2.30537,7.14812],[-2.29819,7.1487],[-2.28836,7.1409],[-2.30334,7.1208],[-2.29526,7.113],[-2.29839,7.0983],[-2.30416,7.103],[-2.30887,7.09922],[-2.31533,7.10404],[-2.32973,7.10589],[-2.3308,7.11566],[-2.32421,7.12284],[-2.33679,7.12234],[-2.35012,7.12908],[-2.36627,7.11509],[-2.36434,7.10642],[-2.37247,7.10211],[-2.43849,7.08884],[-2.40052,7.11185],[-2.4476,7.1406],[-2.4604,7.13411],[-2.49371,7.13342],[-2.49347,7.21689],[-2.48679,7.21807],[-2.48546,7.22776],[-2.47882,7.23987],[-2.47145,7.23963],[-2.47099,7.24746],[-2.45704,7.24563],[-2.45753,7.24878],[-2.44687,7.24947],[-2.43738,7.2454],[-2.42876,7.28701],[-2.43594,7.30744],[-2.42279,7.3181],[-2.41496,7.31424],[-2.40111,7.32367],[-2.35616,7.33321],[-2.3472,7.36111],[-2.32442,7.36762],[-2.30748,7.35259],[-2.29622,7.35024],[-2.28615,7.35388],[-2.2745,7.34938],[-2.26801,7.35349],[-2.24852,7.34689],[-2.22509,7.3621],[-2.21367,7.34438],[-2.20994,7.31433]]]}},{"type":"Feature","properties":{"display_name":"Sunyani West","region":"Bono","api_district":"Sunyani West District","match_resolution":"base"},"geometry":{"type":"Polygon","coordinates":[[[-2.24914,7.60859],[-2.25413,7.58255],[-2.24379,7.57651],[-2.23944,7.5651],[-2.24392,7.56516],[-2.24485,7.54849],[-2.25485,7.54341],[-2.25433,7.53479],[-2.26211,7.5266],[-2.26313,7.50587],[-2.26737,7.50011],[-2.26054,7.48854],[-2.24592,7.48757],[-2.24225,7.47944],[-2.23178,7.4785],[-2.22975,7.46964],[-2.22362,7.4692],[-2.20865,7.47131],[-2.1951,7.47838],[-2.16804,7.47907],[-2.16711,7.4842],[-2.14755,7.49544],[-2.11386,7.495],[-2.10956,7.46523],[-2.11396,7.46038],[-2.11412,7.44243],[-2.11934,7.44081],[-2.12195,7.43315],[-2.12781,7.43176],[-2.1268,7.41906],[-2.14084,7.4091],[-2.13556,7.39548],[-2.14028,7.3871],[-2.13549,7.37399],[-2.13886,7.36825],[-2.14755,7.36574],[-2.15244,7.34109],[-2.15993,7.32961],[-2.16878,7.32404],[-2.18253,7.31983],[-2.19017,7.32214],[-2.21012,7.3134],[-2.21367,7.34438],[-2.22509,7.3621],[-2.24852,7.34689],[-2.26801,7.35349],[-2.2745,7.34938],[-2.28615,7.35388],[-2.29622,7.35024],[-2.30748,7.35259],[-2.32442,7.36762],[-2.34249,7.36288],[-2.3472,7.36111],[-2.34698,7.35376],[-2.35237,7.35132],[-2.35616,7.33321],[-2.40111,7.32367],[-2.41496,7.31424],[-2.42279,7.3181],[-2.43594,7.30744],[-2.42876,7.28701],[-2.43738,7.2454],[-2.44687,7.24947],[-2.45753,7.24878],[-2.45704,7.24563],[-2.46904,7.24821],[-2.47295,7.24552],[-2.47145,7.23963],[-2.47462,7.24084],[-2.49997,7.27031],[-2.50687,7.28656],[-2.5134,7.28972],[-2.5065,7.32006],[-2.51791,7.32825],[-2.52078,7.37123],[-2.50342,7.36554],[-2.50384,7.38914],[-2.50542,7.39644],[-2.51437,7.40575],[-2.53165,7.41678],[-2.54136,7.44249],[-2.53167,7.45235],[-2.51643,7.4573],[-2.51308,7.46557],[-2.49101,7.47259],[-2.49306,7.48729],[-2.52233,7.49732],[-2.52595,7.50982],[-2.51094,7.52529],[-2.51622,7.54421],[-2.50958,7.55188],[-2.48134,7.55979],[-2.47374,7.57433],[-2.48068,7.59367],[-2.4701,7.60058],[-2.44712,7.59333],[-2.42792,7.57363],[-2.41662,7.56991],[-2.40681,7.57476],[-2.39227,7.57384],[-2.38464,7.56291],[-2.38403,7.56894],[-2.36818,7.56694],[-2.3605,7.57369],[-2.35074,7.57237],[-2.33596,7.58023],[-2.33047,7.57633],[-2.32065,7.57998],[-2.31008,7.57654],[-2.28814,7.5898],[-2.28029,7.58447],[-2.27294,7.58545],[-2.26713,7.60403],[-2.24914,7.60859]]]}},{"type":"Feature","properties":{"display_name":"Tain","region":"Bono","api_district":"Tain District","match_resolution":"base"},"geometry":{"type":"Polygon","coordinates":[[[-2.14985,7.99518],[-2.13811,7.97784],[-2.14318,7.96315],[-2.1374,7.95483],[-2.13998,7.94636],[-2.14788,7.94298],[-2.14595,7.93475],[-2.15279,7.93851],[-2.15761,7.93621],[-2.15786,7.92176],[-2.16427,7.91431],[-2.14181,7.8863],[-2.1482,7.88523],[-2.1481,7.88135],[-2.13617,7.86951],[-2.13854,7.86621],[-2.1528,7.86905],[-2.14988,7.85937],[-2.15242,7.8549],[-2.14684,7.8439],[-2.15727,7.84333],[-2.15432,7.83641],[-2.1502,7.83676],[-2.15594,7.83134],[-2.16605,7.83487],[-2.16652,7.81546],[-2.19591,7.79682],[-2.19492,7.76112],[-2.21154,7.75572],[-2.205,7.74994],[-2.19807,7.75026],[-2.19632,7.74473],[-2.19983,7.73898],[-2.20581,7.73921],[-2.20154,7.73552],[-2.20316,7.72628],[-2.21031,7.71522],[-2.21918,7.71402],[-2.21611,7.69126],[-2.20749,7.68961],[-2.20236,7.68296],[-2.20299,7.67343],[-2.21533,7.66779],[-2.21225,7.65373],[-2.22389,7.63963],[-2.21749,7.63338],[-2.21493,7.61932],[-2.21965,7.60889],[-2.26402,7.6059],[-2.26839,7.59455],[-2.27212,7.59374],[-2.27294,7.58545],[-2.28029,7.58447],[-2.28775,7.58988],[-2.30916,7.57673],[-2.32065,7.57998],[-2.33047,7.57633],[-2.33596,7.58023],[-2.35074,7.57237],[-2.3605,7.57369],[-2.36818,7.56694],[-2.38403,7.56894],[-2.38592,7.56307],[-2.39227,7.57384],[-2.40681,7.57476],[-2.41662,7.56991],[-2.42792,7.57363],[-2.44482,7.59174],[-2.45764,7.59486],[-2.46358,7.60092],[-2.48675,7.59334],[-2.49828,7.60497],[-2.50921,7.60884],[-2.51538,7.62149],[-2.53099,7.62283],[-2.54202,7.64727],[-2.54227,7.65891],[-2.55948,7.66346],[-2.57466,7.67558],[-2.58865,7.68082],[-2.59178,7.70263],[-2.58866,7.71242],[-2.57742,7.72371],[-2.5793,7.72958],[-2.58755,7.73459],[-2.5761,7.75174],[-2.58752,7.7628],[-2.57266,7.77288],[-2.57087,7.7955],[-2.5807,7.8311],[-2.58311,7.8585],[-2.58707,7.86756],[-2.59465,7.87216],[-2.59284,7.87829],[-2.59644,7.88141],[-2.59303,7.88545],[-2.59639,7.88702],[-2.5983,7.89828],[-2.60716,7.90355],[-2.60862,7.9129],[-2.58036,7.92152],[-2.57396,7.93269],[-2.57983,7.94291],[-2.57899,7.95528],[-2.55855,7.95853],[-2.55017,7.98218],[-2.53691,7.98227],[-2.50469,7.94379],[-2.49636,7.94123],[-2.48862,7.92805],[-2.48917,7.92177],[-2.47972,7.91848],[-2.47116,7.92248],[-2.44479,7.96843],[-2.43497,7.97555],[-2.43183,7.98472],[-2.44084,7.99821],[-2.43507,8.01953],[-2.405,8.00854],[-2.39553,8.01194],[-2.38482,8.00617],[-2.37107,8.00602],[-2.35555,7.99682],[-2.35118,7.98275],[-2.34048,7.976],[-2.33355,7.98427],[-2.32209,7.98945],[-2.31112,7.98377],[-2.3001,7.98702],[-2.271,7.97545],[-2.2638,7.96794],[-2.20848,7.95294],[-2.19145,7.9603],[-2.19018,7.96516],[-2.17537,7.96403],[-2.17101,7.97611],[-2.16527,7.97396],[-2.15833,7.99333],[-2.14985,7.99518]]]}},{"type":"Feature","properties":{"display_name":"Wenchi","region":"Bono","api_district":"Wenchi Municipal","match_resolution":"base"},"geometry":{"type":"Polygon","coordinates":[[[-1.92229,7.80632],[-1.92901,7.80929],[-1.94432,7.79923],[-1.97074,7.80587],[-1.9832,7.8029],[-2.02311,7.78034],[-2.07639,7.77858],[-2.08224,7.76502],[-2.07127,7.74825],[-2.07436,7.74415],[-2.06993,7.73174],[-2.07304,7.71351],[-2.06292,7.70304],[-2.0563,7.68547],[-2.04956,7.68243],[-2.04804,7.67161],[-2.05112,7.66585],[-2.06715,7.66132],[-2.07157,7.64862],[-2.077,7.6476],[-2.08966,7.63079],[-2.08823,7.60987],[-2.11178,7.57218],[-2.10889,7.55321],[-2.13717,7.52741],[-2.13579,7.51904],[-2.12189,7.51498],[-2.11894,7.50244],[-2.11045,7.49522],[-2.14755,7.49544],[-2.16711,7.4842],[-2.16804,7.47907],[-2.1951,7.47838],[-2.20865,7.47131],[-2.22362,7.4692],[-2.22975,7.46964],[-2.23178,7.4785],[-2.24225,7.47944],[-2.24592,7.48757],[-2.26054,7.48854],[-2.26737,7.50011],[-2.26313,7.50587],[-2.26211,7.5266],[-2.25433,7.53479],[-2.25485,7.54341],[-2.24485,7.54849],[-2.24392,7.56516],[-2.23944,7.5651],[-2.24379,7.57651],[-2.25413,7.58255],[-2.24914,7.60859],[-2.2326,7.60697],[-2.21734,7.61128],[-2.21749,7.63338],[-2.22389,7.63963],[-2.21225,7.65373],[-2.21533,7.66779],[-2.20299,7.67343],[-2.20236,7.68296],[-2.20617,7.68869],[-2.21611,7.69126],[-2.21976,7.71035],[-2.21863,7.71484],[-2.21031,7.71522],[-2.20316,7.72628],[-2.20154,7.73552],[-2.20581,7.73921],[-2.19983,7.73898],[-2.19632,7.74473],[-2.19807,7.75026],[-2.205,7.74994],[-2.21154,7.75572],[-2.19492,7.76112],[-2.19591,7.79682],[-2.16652,7.81546],[-2.16605,7.83487],[-2.15594,7.83134],[-2.1502,7.83676],[-2.15432,7.83641],[-2.15727,7.84333],[-2.14684,7.8439],[-2.15242,7.8549],[-2.14988,7.85937],[-2.1528,7.86905],[-2.13854,7.86621],[-2.13617,7.86951],[-2.1481,7.88135],[-2.1482,7.88523],[-2.14181,7.8863],[-2.16427,7.91431],[-2.15786,7.92176],[-2.15761,7.93621],[-2.15279,7.93851],[-2.14595,7.93475],[-2.14788,7.94298],[-2.13998,7.94636],[-2.13747,7.95448],[-2.14318,7.96315],[-2.13811,7.97784],[-2.1501,7.99441],[-2.14408,8.00363],[-2.14286,8.01529],[-2.13598,8.0196],[-2.13495,8.02869],[-2.12673,8.02698],[-2.12074,8.03639],[-2.113,8.04047],[-2.13011,8.05075],[-2.12939,8.05681],[-2.12054,8.05178],[-2.11534,8.05422],[-2.1232,8.0617],[-2.12447,8.07498],[-2.13567,8.08082],[-2.12722,8.08388],[-2.12899,8.08829],[-2.12317,8.0891],[-2.12123,8.09704],[-2.11643,8.09951],[-2.11689,8.11883],[-2.12195,8.13086],[-2.11703,8.13539],[-2.10174,8.13576],[-2.07972,8.09886],[-2.06487,8.089],[-2.05503,8.06144],[-2.05749,8.05203],[-2.03694,8.03037],[-2.02534,8.02393],[-2.026,7.99613],[-2.04396,7.97351],[-2.04117,7.96437],[-2.0319,7.95661],[-2.01994,7.9554],[-1.99505,7.96739],[-1.98504,7.96618],[-1.97396,7.94817],[-1.9141,7.87733],[-1.90294,7.83113],[-1.92229,7.80632]]]}},{"type":"Feature","properties":{"display_name":"Atebubu-Amantin","region":"Bono East","api_district":"Atebubu-Amantin Municipal","match_resolution":"base"},"geometry":{"type":"Polygon","coordinates":[[[-1.31718,7.61061],[-1.30331,7.62094],[-1.29424,7.61523],[-1.28527,7.61516],[-1.2792,7.61861],[-1.28534,7.62746],[-1.29565,7.63033],[-1.31164,7.64702],[-1.33581,7.65999],[-1.36818,7.6535],[-1.36923,7.64543],[-1.38823,7.64431],[-1.39273,7.63933],[-1.40076,7.64491],[-1.40604,7.6351],[-1.41194,7.63437],[-1.40726,7.64648],[-1.38233,7.67605],[-1.37886,7.68775],[-1.36767,7.70228],[-1.38255,7.7317],[-1.38169,7.76069],[-1.36876,7.7726],[-1.35398,7.77886],[-1.35968,7.78677],[-1.38457,7.79489],[-1.37352,7.7999],[-1.34858,7.79015],[-1.33274,7.7916],[-1.33253,7.78749],[-1.32228,7.78712],[-1.32486,7.79361],[-1.31412,7.78465],[-1.30424,7.79004],[-1.29938,7.78656],[-1.27689,7.78853],[-1.25935,7.79985],[-1.25201,7.79951],[-1.24418,7.80586],[-1.25074,7.81501],[-1.241,7.83635],[-1.23094,7.84288],[-1.20471,7.84353],[-1.19288,7.85049],[-1.19218,7.85457],[-1.20143,7.85981],[-1.19758,7.86598],[-1.20032,7.87106],[-1.19562,7.87416],[-1.18689,7.87031],[-1.18374,7.87665],[-1.18717,7.87837],[-1.18225,7.87947],[-1.17854,7.88703],[-1.18208,7.89426],[-1.19407,7.89886],[-1.19061,7.90077],[-1.18399,7.89646],[-1.17536,7.90364],[-1.15806,7.90507],[-1.14889,7.91209],[-1.139,7.90866],[-1.13859,7.91384],[-1.13211,7.91619],[-1.12047,7.90865],[-1.11862,7.90017],[-1.10212,7.90686],[-1.10116,7.93306],[-1.11189,7.93399],[-1.11796,7.94761],[-1.10165,7.95927],[-1.09016,7.9617],[-1.08093,7.98364],[-1.05782,7.98154],[-1.0526,7.96518],[-1.03565,7.99159],[-1.02167,7.99117],[-1.01344,7.98536],[-1.01289,7.9786],[-1.00461,7.97497],[-1.00454,7.9628],[-0.95942,7.95056],[-0.9493,7.94025],[-0.93444,7.93828],[-0.92895,7.92926],[-0.91945,7.92745],[-0.90104,7.93331],[-0.89171,7.93097],[-0.88465,7.93962],[-0.87069,7.93583],[-0.85905,7.939],[-0.85307,7.95272],[-0.84308,7.94635],[-0.82497,7.95627],[-0.82163,7.96515],[-0.81852,7.92972],[-0.83788,7.90256],[-0.84014,7.87277],[-0.82635,7.84397],[-0.82446,7.81495],[-0.81266,7.79653],[-0.81668,7.78458],[-0.80841,7.76927],[-0.81076,7.72608],[-0.80217,7.71568],[-0.80268,7.67865],[-0.79546,7.66966],[-0.79553,7.64881],[-0.80172,7.63268],[-0.77886,7.60203],[-0.78715,7.57071],[-0.77305,7.55707],[-0.77593,7.54444],[-0.77122,7.54264],[-0.76218,7.52712],[-0.7622,7.52198],[-0.76894,7.51931],[-0.76743,7.5144],[-0.77571,7.512],[-0.7833,7.4983],[-0.80765,7.50255],[-0.80843,7.51096],[-0.82039,7.49949],[-0.82153,7.50845],[-0.82834,7.51221],[-0.84367,7.50971],[-0.84505,7.51834],[-0.86394,7.51465],[-0.86212,7.51825],[-0.86676,7.52066],[-0.87577,7.51444],[-0.88455,7.51308],[-0.88993,7.51653],[-0.89316,7.50424],[-0.90177,7.508],[-0.92521,7.50372],[-0.93306,7.50555],[-0.93585,7.51404],[-0.95318,7.52347],[-0.97211,7.51963],[-0.97604,7.52911],[-0.98349,7.53466],[-1.00229,7.52815],[-1.01483,7.53481],[-1.0408,7.5275],[-1.0453,7.51553],[-1.05259,7.50858],[-1.06844,7.50159],[-1.06713,7.49628],[-1.07241,7.48827],[-1.08378,7.48768],[-1.10359,7.46521],[-1.11278,7.47305],[-1.12032,7.47199],[-1.12601,7.47703],[-1.13299,7.47098],[-1.14064,7.473],[-1.14705,7.46849],[-1.1555,7.46899],[-1.15708,7.47971],[-1.1813,7.4814],[-1.20289,7.49541],[-1.20674,7.49252],[-1.22535,7.49492],[-1.24134,7.48977],[-1.24991,7.49616],[-1.26643,7.52149],[-1.29042,7.53515],[-1.29513,7.54632],[-1.29378,7.55977],[-1.29952,7.57118],[-1.31355,7.58062],[-1.31276,7.6027],[-1.31718,7.61061]]]}},{"type":"Feature","properties":{"display_name":"Kintampo North","region":"Bono East","api_district":"Kintampo North Municipal","match_resolution":"base"},"geometry":{"type":"Polygon","coordinates":[[[-1.49222,8.00575],[-1.51089,8.01028],[-1.5153,8.01485],[-1.53498,8.01538],[-1.54044,8.01338],[-1.54469,8.00602],[-1.54257,8.00276],[-1.54721,7.99889],[-1.56303,8.00935],[-1.56206,8.01538],[-1.56841,8.01756],[-1.57397,8.0309],[-1.63571,8.03215],[-1.63843,8.03699],[-1.66202,8.04799],[-1.66234,8.04411],[-1.67152,8.03978],[-1.67428,8.04633],[-1.70177,8.05048],[-1.71561,8.05005],[-1.72425,8.03751],[-1.7422,8.0465],[-1.74634,8.05967],[-1.82536,8.07721],[-1.8543,8.04945],[-1.88213,8.05437],[-1.90781,8.05325],[-1.91372,8.06375],[-1.92617,8.05953],[-1.93433,8.07369],[-1.96844,8.10855],[-1.98075,8.10963],[-1.9871,8.1047],[-2.02759,8.14407],[-2.03087,8.15418],[-2.00544,8.15573],[-1.95939,8.17045],[-1.94045,8.18952],[-1.92981,8.21279],[-1.91365,8.22962],[-1.90803,8.24693],[-1.89512,8.26165],[-1.86839,8.25938],[-1.83707,8.25051],[-1.79968,8.22619],[-1.78559,8.22623],[-1.77282,8.23155],[-1.7474,8.26205],[-1.74797,8.27923],[-1.76663,8.30971],[-1.7699,8.32271],[-1.79088,8.3367],[-1.80293,8.33941],[-1.81632,8.33933],[-1.84563,8.3293],[-1.87092,8.33399],[-1.88342,8.34756],[-1.90808,8.39765],[-1.90984,8.43847],[-1.88645,8.46449],[-1.88311,8.48016],[-1.89875,8.54028],[-1.89683,8.55278],[-1.89292,8.55608],[-1.88957,8.58562],[-1.8718,8.6347],[-1.86089,8.649],[-1.84086,8.66119],[-1.81323,8.6615],[-1.78887,8.65237],[-1.75518,8.63007],[-1.73339,8.62636],[-1.69324,8.64381],[-1.68366,8.65645],[-1.68365,8.67355],[-1.67935,8.6839],[-1.65836,8.6954],[-1.64626,8.69291],[-1.62973,8.68101],[-1.61189,8.67701],[-1.55288,8.67555],[-1.5315,8.68099],[-1.51079,8.69174],[-1.49934,8.73838],[-1.48421,8.75997],[-1.47476,8.76527],[-1.4493,8.76565],[-1.40566,8.77395],[-1.35596,8.75906],[-1.30931,8.72175],[-1.28804,8.72026],[-1.2646,8.69159],[-1.22965,8.67465],[-1.20948,8.66795],[-1.19779,8.67002],[-1.18586,8.6782],[-1.14447,8.67735],[-1.14731,8.65573],[-1.14489,8.64611],[-1.15052,8.63327],[-1.14663,8.62544],[-1.14596,8.59129],[-1.14148,8.5765],[-1.1548,8.54246],[-1.16127,8.53563],[-1.17207,8.53532],[-1.17228,8.52856],[-1.16499,8.52316],[-1.16463,8.51198],[-1.17357,8.50758],[-1.17438,8.51687],[-1.17932,8.51784],[-1.18251,8.51059],[-1.19593,8.51151],[-1.19187,8.50215],[-1.19456,8.49405],[-1.21828,8.49122],[-1.22144,8.47739],[-1.22941,8.477],[-1.23181,8.47046],[-1.24475,8.47015],[-1.24536,8.46404],[-1.25854,8.45485],[-1.26301,8.43448],[-1.25369,8.42404],[-1.25626,8.41],[-1.26,8.40742],[-1.25584,8.40292],[-1.25761,8.39204],[-1.25273,8.37924],[-1.26205,8.36828],[-1.25685,8.35925],[-1.25858,8.35254],[-1.27331,8.33477],[-1.27774,8.3234],[-1.27491,8.31137],[-1.28032,8.30885],[-1.27586,8.30427],[-1.27403,8.29018],[-1.29039,8.27787],[-1.29813,8.2768],[-1.33008,8.2332],[-1.34581,8.23646],[-1.37081,8.23265],[-1.40414,8.20735],[-1.3998,8.17951],[-1.41578,8.15911],[-1.41902,8.1433],[-1.4165,8.12539],[-1.43922,8.08254],[-1.43881,8.05091],[-1.43474,8.0429],[-1.45683,8.04123],[-1.47335,8.03212],[-1.48597,8.03062],[-1.49128,8.02454],[-1.49222,8.00575]]]}},{"type":"Feature","properties":{"display_name":"Kintampo South","region":"Bono East","api_district":"Kintampo South District","match_resolution":"base"},"geometry":{"type":"Polygon","coordinates":[[[-1.92229,7.80632],[-1.90294,7.83113],[-1.9141,7.87733],[-1.97396,7.94817],[-1.98504,7.96618],[-1.99505,7.96739],[-2.01994,7.9554],[-2.0319,7.95661],[-2.04117,7.96437],[-2.04396,7.97351],[-2.026,7.99613],[-2.02534,8.02393],[-2.03694,8.03037],[-2.05749,8.05203],[-2.05503,8.06144],[-2.06487,8.089],[-2.07972,8.09886],[-2.10174,8.13576],[-2.11703,8.13539],[-2.11967,8.13887],[-2.12163,8.14971],[-2.1185,8.15674],[-2.09463,8.15587],[-2.06467,8.14609],[-2.04293,8.1477],[-2.03092,8.15272],[-2.02759,8.14407],[-1.9871,8.1047],[-1.98075,8.10963],[-1.96844,8.10855],[-1.93433,8.07369],[-1.92617,8.05953],[-1.91372,8.06375],[-1.90781,8.05325],[-1.88213,8.05437],[-1.8543,8.04945],[-1.82536,8.07721],[-1.74634,8.05967],[-1.7422,8.0465],[-1.72425,8.03751],[-1.71561,8.05005],[-1.70177,8.05048],[-1.67428,8.04633],[-1.67152,8.03978],[-1.66234,8.04411],[-1.66202,8.04799],[-1.63843,8.03699],[-1.63571,8.03215],[-1.57397,8.0309],[-1.56841,8.01756],[-1.56206,8.01538],[-1.56303,8.00935],[-1.54721,7.99889],[-1.54257,8.00276],[-1.54469,8.00602],[-1.54044,8.01338],[-1.53498,8.01538],[-1.5153,8.01485],[-1.51089,8.01028],[-1.49222,8.00575],[-1.49193,7.9893],[-1.50303,7.97951],[-1.5079,7.96311],[-1.4987,7.93895],[-1.49893,7.92394],[-1.51708,7.88098],[-1.50999,7.86969],[-1.50747,7.85519],[-1.51457,7.85565],[-1.53142,7.87011],[-1.55952,7.87392],[-1.56557,7.88137],[-1.57838,7.88213],[-1.60389,7.85714],[-1.60741,7.84346],[-1.6164,7.84113],[-1.63042,7.82347],[-1.6466,7.81365],[-1.65662,7.81618],[-1.66335,7.81007],[-1.67388,7.80883],[-1.69056,7.81572],[-1.70194,7.81299],[-1.73011,7.79052],[-1.7535,7.78663],[-1.75902,7.78013],[-1.76989,7.78476],[-1.79124,7.78244],[-1.80099,7.77553],[-1.80926,7.75188],[-1.88325,7.75216],[-1.91012,7.72886],[-1.9317,7.74138],[-1.94417,7.762],[-1.92587,7.77385],[-1.94,7.7756],[-1.93675,7.78429],[-1.94906,7.7836],[-1.92229,7.80632]]]}},{"type":"Feature","properties":{"display_name":"Nkoranza North","region":"Bono East","api_district":"Nkoranza North District","match_resolution":"base"},"geometry":{"type":"Polygon","coordinates":[[[-1.50747,7.85519],[-1.50436,7.84561],[-1.49568,7.84823],[-1.48541,7.83786],[-1.47461,7.80523],[-1.44361,7.81108],[-1.43179,7.79875],[-1.40372,7.81025],[-1.39425,7.80963],[-1.3747,7.79991],[-1.38457,7.79489],[-1.35661,7.78505],[-1.35398,7.77886],[-1.36876,7.7726],[-1.38169,7.76069],[-1.38255,7.7317],[-1.36767,7.70228],[-1.37886,7.68775],[-1.38233,7.67605],[-1.40726,7.64648],[-1.41194,7.63437],[-1.40604,7.6351],[-1.40076,7.64491],[-1.39273,7.63933],[-1.38823,7.64431],[-1.36923,7.64543],[-1.36818,7.6535],[-1.33581,7.65999],[-1.31164,7.64702],[-1.29565,7.63033],[-1.28534,7.62746],[-1.27954,7.61806],[-1.29424,7.61523],[-1.30331,7.62094],[-1.30971,7.61836],[-1.30785,7.62193],[-1.31618,7.62469],[-1.34389,7.61935],[-1.35335,7.60912],[-1.36383,7.60856],[-1.36857,7.6029],[-1.38341,7.60544],[-1.39695,7.6003],[-1.40583,7.58836],[-1.42132,7.57998],[-1.43088,7.58355],[-1.44636,7.57635],[-1.45339,7.58575],[-1.47021,7.58485],[-1.47055,7.57703],[-1.47728,7.57735],[-1.48132,7.56678],[-1.50524,7.55779],[-1.52153,7.56023],[-1.53009,7.56741],[-1.54395,7.55887],[-1.56119,7.56184],[-1.56983,7.55847],[-1.5777,7.56445],[-1.58757,7.56441],[-1.58776,7.56892],[-1.61399,7.57371],[-1.61873,7.56853],[-1.62953,7.57737],[-1.64707,7.58302],[-1.65407,7.59152],[-1.68088,7.58908],[-1.68973,7.59368],[-1.70104,7.59001],[-1.70923,7.59509],[-1.71925,7.58552],[-1.72345,7.58581],[-1.72455,7.58048],[-1.73595,7.57533],[-1.74451,7.57786],[-1.76759,7.57244],[-1.7777,7.58156],[-1.78687,7.58338],[-1.79321,7.60424],[-1.79894,7.6092],[-1.81498,7.61301],[-1.83246,7.62536],[-1.82998,7.63831],[-1.83812,7.6551],[-1.83059,7.67507],[-1.83068,7.68797],[-1.84244,7.69726],[-1.85807,7.69675],[-1.85367,7.70705],[-1.86327,7.71147],[-1.86978,7.7103],[-1.87983,7.71511],[-1.90033,7.70098],[-1.90597,7.70104],[-1.90993,7.70819],[-1.91116,7.71814],[-1.90447,7.72443],[-1.91012,7.72886],[-1.88325,7.75216],[-1.80926,7.75188],[-1.80099,7.77553],[-1.79124,7.78244],[-1.76989,7.78476],[-1.75902,7.78013],[-1.7535,7.78663],[-1.73011,7.79052],[-1.71626,7.80421],[-1.69056,7.81572],[-1.67388,7.80883],[-1.66335,7.81007],[-1.65662,7.81618],[-1.6466,7.81365],[-1.63042,7.82347],[-1.6164,7.84113],[-1.60741,7.84346],[-1.60389,7.85714],[-1.57838,7.88213],[-1.56557,7.88137],[-1.55952,7.87392],[-1.53142,7.87011],[-1.51457,7.85565],[-1.50747,7.85519]]]}},{"type":"Feature","properties":{"display_name":"Nkoranza South","region":"Bono East","api_district":"Nkoranza South Municipal","match_resolution":"base"},"geometry":{"type":"Polygon","coordinates":[[[-1.78132,7.57745],[-1.76759,7.57244],[-1.74451,7.57786],[-1.73595,7.57533],[-1.71148,7.59061],[-1.71057,7.59504],[-1.70104,7.59001],[-1.68973,7.59368],[-1.68088,7.58908],[-1.65585,7.59175],[-1.64707,7.58302],[-1.62953,7.57737],[-1.61873,7.56853],[-1.61289,7.57371],[-1.58776,7.56892],[-1.58757,7.56441],[-1.5777,7.56445],[-1.56983,7.55847],[-1.56119,7.56184],[-1.55037,7.55798],[-1.53296,7.56309],[-1.53009,7.56741],[-1.52153,7.56023],[-1.50524,7.55779],[-1.48132,7.56678],[-1.47728,7.57735],[-1.47055,7.57703],[-1.47021,7.58485],[-1.45339,7.58575],[-1.44636,7.57635],[-1.43552,7.58256],[-1.42483,7.58183],[-1.42512,7.57631],[-1.43358,7.57346],[-1.43568,7.55859],[-1.46248,7.52464],[-1.47244,7.49656],[-1.49122,7.48421],[-1.52023,7.45003],[-1.51198,7.44117],[-1.5096,7.42913],[-1.50917,7.42214],[-1.51572,7.41001],[-1.51554,7.39089],[-1.52104,7.39157],[-1.52613,7.39898],[-1.5391,7.39571],[-1.5637,7.40531],[-1.5766,7.40283],[-1.60675,7.35973],[-1.61857,7.35089],[-1.62639,7.33792],[-1.64032,7.3367],[-1.64091,7.32511],[-1.65415,7.31354],[-1.65724,7.31993],[-1.67544,7.31975],[-1.67874,7.32477],[-1.69971,7.32133],[-1.7092,7.32433],[-1.71823,7.31648],[-1.72647,7.31709],[-1.72848,7.31177],[-1.73972,7.32065],[-1.76145,7.32198],[-1.77285,7.34645],[-1.77934,7.35094],[-1.80722,7.34848],[-1.82923,7.39362],[-1.83992,7.42505],[-1.836,7.47097],[-1.85642,7.4612],[-1.86339,7.46767],[-1.86347,7.47692],[-1.85163,7.47988],[-1.84833,7.49239],[-1.85731,7.49954],[-1.84205,7.49414],[-1.81504,7.50699],[-1.81231,7.52975],[-1.7932,7.544],[-1.79715,7.54762],[-1.79333,7.55358],[-1.79968,7.56426],[-1.80934,7.56669],[-1.8096,7.57225],[-1.80337,7.57683],[-1.79265,7.5689],[-1.78132,7.57745]]]}},{"type":"Feature","properties":{"display_name":"Pru East","region":"Bono East","api_district":"Pru East District","match_resolution":"base"},"geometry":{"type":"Polygon","coordinates":[[[-0.54246,8.18764],[-0.57102,8.14635],[-0.55448,8.12558],[-0.56268,8.11533],[-0.58779,8.10677],[-0.59094,8.10915],[-0.60219,8.10569],[-0.6174,8.1101],[-0.61838,8.09755],[-0.63173,8.0896],[-0.63585,8.08243],[-0.64423,8.08278],[-0.64455,8.07746],[-0.66502,8.0627],[-0.67038,8.0514],[-0.67905,8.05834],[-0.67536,8.06534],[-0.67788,8.06652],[-0.70322,8.05899],[-0.72619,8.04632],[-0.73359,8.02646],[-0.74792,8.01021],[-0.75522,7.98652],[-0.76646,7.97259],[-0.76909,7.94711],[-0.79784,7.95469],[-0.8185,7.96887],[-0.82497,7.95627],[-0.84215,7.94674],[-0.85307,7.95272],[-0.85905,7.939],[-0.87069,7.93583],[-0.88465,7.93962],[-0.89171,7.93097],[-0.90104,7.93331],[-0.91945,7.92745],[-0.92895,7.92926],[-0.93444,7.93828],[-0.9493,7.94025],[-0.95942,7.95056],[-1.00454,7.9628],[-1.00461,7.97497],[-1.01289,7.9786],[-1.01344,7.98536],[-1.02167,7.99117],[-1.03565,7.99159],[-1.0526,7.96518],[-1.05414,8.00732],[-1.06576,8.0234],[-1.04585,8.03023],[-1.03467,8.02524],[-1.02984,8.01698],[-1.02018,8.01541],[-1.01622,8.0192],[-1.01943,8.03206],[-1.03463,8.04628],[-1.03368,8.05473],[-1.04813,8.06249],[-1.041,8.07942],[-1.04329,8.09389],[-1.06873,8.1292],[-1.04049,8.16598],[-1.04316,8.20436],[-1.0397,8.24306],[-1.03161,8.24737],[-1.02193,8.26077],[-1.01021,8.2479],[-0.98994,8.24561],[-0.98747,8.23537],[-0.97897,8.22724],[-0.96772,8.23305],[-0.96575,8.24668],[-0.95908,8.25106],[-0.94866,8.24647],[-0.93943,8.25132],[-0.90673,8.25746],[-0.9048,8.2551],[-0.86197,8.27238],[-0.85269,8.31419],[-0.85958,8.32238],[-0.85784,8.32855],[-0.80144,8.33963],[-0.77985,8.33555],[-0.74076,8.33555],[-0.63946,8.26946],[-0.54246,8.18764]]]}},{"type":"Feature","properties":{"display_name":"Pru West","region":"Bono East","api_district":"Pru West District","match_resolution":"base"},"geometry":{"type":"Polygon","coordinates":[[[-1.34858,7.79015],[-1.39425,7.80963],[-1.40372,7.81025],[-1.43179,7.79875],[-1.44361,7.81108],[-1.4753,7.80563],[-1.48541,7.83786],[-1.49447,7.84771],[-1.50529,7.84653],[-1.50832,7.8651],[-1.51697,7.88012],[-1.49893,7.92394],[-1.4987,7.93895],[-1.50808,7.95818],[-1.50627,7.97194],[-1.49193,7.9893],[-1.49076,8.02613],[-1.45683,8.04123],[-1.43474,8.0429],[-1.43881,8.05091],[-1.43922,8.08254],[-1.4165,8.12539],[-1.41902,8.1433],[-1.41578,8.15911],[-1.3998,8.17951],[-1.40414,8.20735],[-1.37081,8.23265],[-1.34581,8.23646],[-1.33008,8.2332],[-1.29813,8.2768],[-1.29039,8.27787],[-1.27445,8.28963],[-1.26865,8.27685],[-1.26646,8.25729],[-1.23712,8.2237],[-1.22948,8.20483],[-1.15654,8.08861],[-1.16604,8.06033],[-1.15925,8.03436],[-1.16271,8.01496],[-1.15795,7.99927],[-1.13142,7.99524],[-1.12576,7.99769],[-1.12042,7.99315],[-1.11246,7.9953],[-1.107,7.99237],[-1.0904,8.00275],[-1.08144,8.01724],[-1.06666,8.02397],[-1.05414,8.00732],[-1.0526,7.96518],[-1.05782,7.98154],[-1.08093,7.98364],[-1.09016,7.9617],[-1.11503,7.95104],[-1.11814,7.94543],[-1.11189,7.93399],[-1.10106,7.93269],[-1.10304,7.92155],[-1.09933,7.91788],[-1.10475,7.90439],[-1.11862,7.90017],[-1.12047,7.90865],[-1.13211,7.91619],[-1.13859,7.91384],[-1.139,7.90866],[-1.14889,7.91209],[-1.15806,7.90507],[-1.17536,7.90364],[-1.18399,7.89646],[-1.19061,7.90077],[-1.19407,7.89886],[-1.18208,7.89426],[-1.17854,7.88703],[-1.18225,7.87947],[-1.18717,7.87837],[-1.18374,7.87665],[-1.18689,7.87031],[-1.19562,7.87416],[-1.20032,7.87106],[-1.19758,7.86598],[-1.20143,7.85981],[-1.19218,7.85457],[-1.19288,7.85049],[-1.20471,7.84353],[-1.23094,7.84288],[-1.241,7.83635],[-1.25074,7.81501],[-1.24418,7.80586],[-1.25201,7.79951],[-1.25935,7.79985],[-1.27689,7.78853],[-1.29938,7.78656],[-1.30424,7.79004],[-1.31412,7.78465],[-1.32437,7.7935],[-1.32228,7.78712],[-1.33253,7.78749],[-1.33274,7.7916],[-1.34858,7.79015]]]}},{"type":"Feature","properties":{"display_name":"Sene East","region":"Bono East","api_district":"Sene East District","match_resolution":"base"},"geometry":{"type":"Polygon","coordinates":[[[-0.21467,8.03094],[-0.17317,8.02465],[-0.15292,8.03133],[-0.14153,8.01786],[-0.14415,8.00545],[-0.17017,7.96982],[-0.17383,7.95741],[-0.14114,7.95838],[-0.13493,7.94854],[-0.13651,7.93975],[-0.14171,7.93511],[-0.1454,7.90305],[-0.13623,7.82493],[-0.12645,7.78819],[-0.11095,7.76022],[-0.10008,7.75037],[-0.07727,7.74722],[-0.01451,7.75691],[0.00413,7.74238],[0.00251,7.71756],[-0.01519,7.68399],[-0.01429,7.62606],[0.00944,7.57842],[0.04304,7.53903],[0.07711,7.48206],[0.08324,7.44843],[0.09097,7.42927],[0.15045,7.39085],[0.1727,7.38045],[0.17892,7.38095],[0.19857,7.36797],[0.20837,7.35088],[0.21499,7.31],[0.18257,7.19321],[0.18235,7.17965],[0.12325,7.18383],[0.09789,7.17767],[0.08108,7.18166],[0.06741,7.17361],[0.05052,7.17201],[0.02907,7.18541],[0.0213,7.183],[0.01111,7.18621],[0.00441,7.19399],[-0.02749,7.19131],[-0.05269,7.1964],[-0.06154,7.18809],[-0.08486,7.17924],[-0.09773,7.18487],[-0.10712,7.19506],[-0.12749,7.19345],[-0.14864,7.1999],[-0.15762,7.19422],[-0.16461,7.20008],[-0.18003,7.19781],[-0.18119,7.20376],[-0.21553,7.19965],[-0.21726,7.21101],[-0.2208,7.21279],[-0.2387,7.2023],[-0.24369,7.21186],[-0.24248,7.22199],[-0.25664,7.22828],[-0.25452,7.23282],[-0.26166,7.26664],[-0.27237,7.26808],[-0.27495,7.27451],[-0.28811,7.28048],[-0.28884,7.28434],[-0.29767,7.28297],[-0.30223,7.27768],[-0.30811,7.27906],[-0.31098,7.28565],[-0.32558,7.28156],[-0.32503,7.28476],[-0.3316,7.28762],[-0.32985,7.29089],[-0.35421,7.2976],[-0.35485,7.30854],[-0.36198,7.3117],[-0.37947,7.3096],[-0.38983,7.32333],[-0.39344,7.3411],[-0.40709,7.35585],[-0.40634,7.36325],[-0.42766,7.40539],[-0.42516,7.41418],[-0.42944,7.42145],[-0.42615,7.42442],[-0.42768,7.43242],[-0.41914,7.45498],[-0.41001,7.47002],[-0.38675,7.49146],[-0.3429,7.50482],[-0.30596,7.52923],[-0.33759,7.52898],[-0.34195,7.54289],[-0.34426,7.55831],[-0.33252,7.58826],[-0.3291,7.62017],[-0.33237,7.64799],[-0.39304,7.64819],[-0.39441,7.65951],[-0.40652,7.6748],[-0.40284,7.68434],[-0.41195,7.69097],[-0.42322,7.71051],[-0.42144,7.72794],[-0.43537,7.7387],[-0.41184,7.77322],[-0.41079,7.78014],[-0.41271,7.78681],[-0.43966,7.78723],[-0.44495,7.79144],[-0.43794,7.8052],[-0.44199,7.81597],[-0.43451,7.82593],[-0.43694,7.84894],[-0.43343,7.86342],[-0.44559,7.88496],[-0.4397,7.8991],[-0.44102,7.9057],[-0.44841,7.90778],[-0.45177,7.91963],[-0.44533,7.93681],[-0.44511,7.95548],[-0.45134,7.96284],[-0.43641,7.97511],[-0.43374,7.98616],[-0.42037,7.98887],[-0.46006,8.07107],[-0.46162,8.08311],[-0.44725,8.15848],[-0.41895,8.15282],[-0.38469,8.15277],[-0.31933,8.13043],[-0.29488,8.11733],[-0.24883,8.07703],[-0.24058,8.0496],[-0.21467,8.03094]]]}},{"type":"Feature","properties":{"display_name":"Sene West","region":"Bono East","api_district":"Sene West District","match_resolution":"base"},"geometry":{"type":"Polygon","coordinates":[[[-0.44725,8.15848],[-0.46162,8.08311],[-0.46006,8.07107],[-0.42037,7.98887],[-0.43374,7.98616],[-0.43641,7.97511],[-0.45134,7.96284],[-0.44511,7.95548],[-0.44533,7.93681],[-0.45177,7.91963],[-0.44841,7.90778],[-0.44102,7.9057],[-0.4397,7.8991],[-0.44559,7.88496],[-0.43343,7.86342],[-0.43694,7.84894],[-0.43451,7.82593],[-0.44199,7.81597],[-0.43794,7.8052],[-0.44495,7.79144],[-0.43966,7.78723],[-0.41271,7.78681],[-0.41079,7.78014],[-0.41184,7.77322],[-0.43537,7.7387],[-0.42144,7.72794],[-0.42322,7.71051],[-0.41195,7.69097],[-0.40284,7.68434],[-0.40652,7.6748],[-0.39441,7.65951],[-0.39304,7.64819],[-0.33237,7.64799],[-0.3291,7.62017],[-0.33252,7.58826],[-0.34426,7.55831],[-0.34195,7.54289],[-0.33759,7.52898],[-0.30596,7.52923],[-0.3429,7.50482],[-0.38675,7.49146],[-0.41001,7.47002],[-0.42728,7.43435],[-0.42766,7.40539],[-0.40634,7.36325],[-0.40674,7.35511],[-0.39344,7.3411],[-0.38983,7.32333],[-0.38188,7.31281],[-0.38502,7.31142],[-0.42211,7.32037],[-0.42697,7.32683],[-0.43125,7.32327],[-0.44854,7.33291],[-0.46066,7.33112],[-0.47349,7.33875],[-0.4777,7.33539],[-0.48377,7.33716],[-0.49271,7.34388],[-0.49706,7.3393],[-0.49918,7.34346],[-0.50535,7.34096],[-0.53395,7.34779],[-0.54093,7.3545],[-0.59867,7.34858],[-0.61901,7.38237],[-0.6248,7.3835],[-0.63904,7.4023],[-0.64169,7.42043],[-0.65417,7.43074],[-0.64782,7.46159],[-0.65196,7.46665],[-0.64786,7.47702],[-0.65003,7.50198],[-0.671,7.52269],[-0.67567,7.52297],[-0.67692,7.52898],[-0.68357,7.52485],[-0.68912,7.54144],[-0.69704,7.53108],[-0.72093,7.51984],[-0.73212,7.52242],[-0.73914,7.52051],[-0.74766,7.50925],[-0.76715,7.5085],[-0.77349,7.50383],[-0.77677,7.50605],[-0.77571,7.512],[-0.76743,7.5144],[-0.76894,7.51931],[-0.7622,7.52198],[-0.76218,7.52712],[-0.77122,7.54264],[-0.77593,7.54444],[-0.77305,7.55707],[-0.78715,7.57071],[-0.77886,7.60203],[-0.80172,7.63268],[-0.79553,7.64881],[-0.79546,7.66966],[-0.80268,7.67865],[-0.80217,7.71568],[-0.81076,7.72608],[-0.80841,7.76927],[-0.81668,7.78458],[-0.81266,7.79653],[-0.82446,7.81495],[-0.82635,7.84397],[-0.84014,7.87277],[-0.83788,7.90256],[-0.81852,7.92972],[-0.82094,7.96721],[-0.81489,7.96906],[-0.79784,7.95469],[-0.76909,7.94711],[-0.76646,7.97259],[-0.75522,7.98652],[-0.74792,8.01021],[-0.73359,8.02646],[-0.72619,8.04632],[-0.70322,8.05899],[-0.67788,8.06652],[-0.67536,8.06534],[-0.67905,8.05834],[-0.67038,8.0514],[-0.66502,8.0627],[-0.64455,8.07746],[-0.64423,8.08278],[-0.63585,8.08243],[-0.63173,8.0896],[-0.61838,8.09755],[-0.6174,8.1101],[-0.60219,8.10569],[-0.59094,8.10915],[-0.58779,8.10677],[-0.56268,8.11533],[-0.55448,8.12558],[-0.57102,8.14635],[-0.54246,8.18764],[-0.50301,8.18087],[-0.44725,8.15848]]]}},{"type":"Feature","properties":{"display_name":"Techiman","region":"Bono East","api_district":"Techiman Municipal","match_resolution":"base"},"geometry":{"type":"Polygon","coordinates":[[[-2.11386,7.495],[-2.11117,7.49802],[-2.11894,7.50244],[-2.12189,7.51498],[-2.13579,7.51904],[-2.13771,7.52576],[-2.10889,7.55321],[-2.11178,7.57218],[-2.08823,7.60987],[-2.08966,7.63079],[-2.0772,7.64382],[-2.06352,7.63899],[-2.05436,7.64279],[-2.0375,7.64054],[-2.02288,7.61907],[-1.9942,7.60253],[-1.98856,7.5997],[-1.97274,7.60137],[-1.95968,7.608],[-1.95521,7.60573],[-1.95828,7.5966],[-1.95106,7.59567],[-1.94464,7.59545],[-1.92682,7.62569],[-1.91789,7.63349],[-1.9044,7.63384],[-1.90003,7.62742],[-1.88143,7.62578],[-1.83711,7.62894],[-1.81498,7.61301],[-1.79894,7.6092],[-1.79321,7.60424],[-1.78687,7.58338],[-1.77395,7.5774],[-1.78132,7.57745],[-1.79265,7.5689],[-1.80337,7.57683],[-1.8096,7.57225],[-1.80934,7.56669],[-1.79968,7.56426],[-1.79333,7.55358],[-1.79715,7.54762],[-1.7932,7.544],[-1.81231,7.52975],[-1.81504,7.50699],[-1.84205,7.49414],[-1.85731,7.49954],[-1.84833,7.49239],[-1.85163,7.47988],[-1.86703,7.47826],[-1.87147,7.45955],[-1.89795,7.43045],[-1.90834,7.43674],[-1.91599,7.43675],[-1.91736,7.44177],[-1.92707,7.44256],[-1.96446,7.40806],[-1.96743,7.4137],[-1.97556,7.41008],[-2.00107,7.42131],[-2.01846,7.42145],[-2.02303,7.43779],[-2.038,7.45704],[-2.07457,7.45513],[-2.10966,7.4636],[-2.11386,7.495]]]}},{"type":"Feature","properties":{"display_name":"Techiman North","region":"Bono East","api_district":"Techiman North District","match_resolution":"base"},"geometry":{"type":"Polygon","coordinates":[[[-2.0772,7.64382],[-2.06715,7.66132],[-2.05112,7.66585],[-2.04796,7.67578],[-2.04956,7.68243],[-2.05687,7.68645],[-2.06292,7.70304],[-2.07304,7.71351],[-2.06993,7.73174],[-2.07436,7.74415],[-2.07127,7.74825],[-2.08224,7.76502],[-2.07639,7.77858],[-2.02311,7.78034],[-1.9832,7.8029],[-1.97074,7.80587],[-1.94432,7.79923],[-1.92901,7.80929],[-1.92229,7.80632],[-1.94906,7.7836],[-1.93675,7.78429],[-1.94,7.7756],[-1.92587,7.77385],[-1.94417,7.762],[-1.9317,7.74138],[-1.90477,7.72602],[-1.91164,7.71572],[-1.90597,7.70104],[-1.90033,7.70098],[-1.87904,7.71532],[-1.85393,7.70728],[-1.85807,7.69675],[-1.84244,7.69726],[-1.83068,7.68797],[-1.83059,7.67507],[-1.83812,7.6551],[-1.82998,7.63831],[-1.83227,7.62711],[-1.88143,7.62578],[-1.90003,7.62742],[-1.9044,7.63384],[-1.91789,7.63349],[-1.92682,7.62569],[-1.94464,7.59545],[-1.95828,7.5966],[-1.95521,7.60573],[-1.95968,7.608],[-1.96727,7.60233],[-1.98856,7.5997],[-2.02288,7.61907],[-2.0375,7.64054],[-2.05436,7.64279],[-2.06352,7.63899],[-2.0772,7.64382]]]}},{"type":"Feature","properties":{"display_name":"Abura-Asebu-Kwamankese","region":"Central","api_district":"Abura-Asebu-Kwamankese District","match_resolution":"base"},"geometry":{"type":"Polygon","coordinates":[[[-1.12494,5.41608],[-1.12351,5.40952],[-1.13704,5.38038],[-1.13395,5.37593],[-1.11576,5.37494],[-1.11476,5.37],[-1.11894,5.36815],[-1.12842,5.34599],[-1.12221,5.34178],[-1.11755,5.32069],[-1.0875,5.29698],[-1.05198,5.28463],[-1.05881,5.27152],[-1.0836,5.2716],[-1.08787,5.25366],[-1.08579,5.24339],[-1.10444,5.24509],[-1.111,5.24154],[-1.11909,5.25175],[-1.13481,5.25762],[-1.16052,5.2537],[-1.16857,5.26021],[-1.18826,5.25584],[-1.20064,5.22932],[-1.21043,5.22364],[-1.20643,5.21636],[-1.20469,5.19415],[-1.21222,5.19284],[-1.23044,5.17811],[-1.23363,5.17045],[-1.22642,5.16782],[-1.2273,5.16324],[-1.21142,5.1475],[-1.21244,5.14416],[-1.19843,5.13291],[-1.20484,5.12055],[-1.2118,5.11784],[-1.21963,5.13626],[-1.23944,5.13174],[-1.23777,5.14401],[-1.2451,5.15804],[-1.25835,5.15817],[-1.26201,5.16229],[-1.28224,5.16184],[-1.28649,5.17028],[-1.28065,5.17007],[-1.2792,5.17346],[-1.28409,5.18617],[-1.28834,5.1851],[-1.2866,5.19418],[-1.29631,5.19749],[-1.29629,5.20316],[-1.30614,5.20421],[-1.31029,5.21004],[-1.2809,5.22163],[-1.28476,5.22978],[-1.28065,5.24585],[-1.29458,5.2542],[-1.29516,5.27351],[-1.28564,5.28193],[-1.2868,5.29261],[-1.29385,5.29724],[-1.29274,5.30216],[-1.30005,5.3127],[-1.30183,5.32376],[-1.29704,5.33149],[-1.30055,5.34373],[-1.28805,5.36066],[-1.28306,5.35298],[-1.2861,5.34808],[-1.28269,5.33991],[-1.25544,5.34167],[-1.25046,5.34366],[-1.24845,5.35114],[-1.24419,5.34789],[-1.23319,5.34887],[-1.22366,5.35643],[-1.21392,5.35466],[-1.20738,5.36061],[-1.20537,5.38686],[-1.196,5.38258],[-1.18464,5.38476],[-1.17482,5.37169],[-1.16943,5.38174],[-1.15791,5.38267],[-1.14942,5.37648],[-1.14621,5.38125],[-1.15309,5.38566],[-1.14194,5.39272],[-1.13837,5.41165],[-1.13563,5.4152],[-1.12494,5.41608]]]}},{"type":"Feature","properties":{"display_name":"Agona East","region":"Central","api_district":"Agona East District","match_resolution":"base"},"geometry":{"type":"Polygon","coordinates":[[[-0.68578,5.73953],[-0.64299,5.73498],[-0.63015,5.7219],[-0.62189,5.72133],[-0.61951,5.71774],[-0.62399,5.7145],[-0.61855,5.71492],[-0.61997,5.7105],[-0.61435,5.70148],[-0.60685,5.70016],[-0.58915,5.68082],[-0.59081,5.67321],[-0.60901,5.66089],[-0.5964,5.64842],[-0.58113,5.65445],[-0.5737,5.64962],[-0.57953,5.63003],[-0.56936,5.61575],[-0.56188,5.61446],[-0.55747,5.60731],[-0.56743,5.5835],[-0.58762,5.58118],[-0.58679,5.57438],[-0.59317,5.57329],[-0.59026,5.55978],[-0.59921,5.54333],[-0.60934,5.54282],[-0.61279,5.53707],[-0.6247,5.54973],[-0.6377,5.5524],[-0.64142,5.5452],[-0.64827,5.54188],[-0.65173,5.54465],[-0.65398,5.53654],[-0.66331,5.53123],[-0.67204,5.53719],[-0.6841,5.53881],[-0.6886,5.54611],[-0.70641,5.55086],[-0.71249,5.56075],[-0.7114,5.57506],[-0.72744,5.61215],[-0.72608,5.62806],[-0.73719,5.63861],[-0.75614,5.63858],[-0.7611,5.64847],[-0.75523,5.65611],[-0.74944,5.68232],[-0.75812,5.69633],[-0.75865,5.70986],[-0.73804,5.71083],[-0.73189,5.71441],[-0.71199,5.71145],[-0.69857,5.7141],[-0.69514,5.71527],[-0.69677,5.72622],[-0.69061,5.73683],[-0.68578,5.73953]]]}},{"type":"Feature","properties":{"display_name":"Agona West","region":"Central","api_district":"Agona West Municipal","match_resolution":"base"},"geometry":{"type":"Polygon","coordinates":[[[-0.87924,5.75831],[-0.84398,5.75643],[-0.83003,5.74578],[-0.8123,5.74435],[-0.81401,5.73024],[-0.78933,5.72625],[-0.78376,5.70611],[-0.77854,5.71364],[-0.75865,5.70986],[-0.75812,5.69633],[-0.74944,5.68263],[-0.75523,5.65611],[-0.76114,5.64871],[-0.75827,5.6417],[-0.75191,5.63644],[-0.73697,5.63852],[-0.72608,5.62806],[-0.72775,5.61339],[-0.7114,5.57506],[-0.71107,5.55661],[-0.70313,5.549],[-0.6886,5.54611],[-0.6841,5.53881],[-0.66184,5.53141],[-0.65788,5.52644],[-0.66283,5.50736],[-0.68517,5.49896],[-0.69055,5.51202],[-0.70354,5.51335],[-0.70732,5.53059],[-0.7409,5.51863],[-0.75008,5.52736],[-0.75137,5.54451],[-0.77991,5.52273],[-0.77787,5.52049],[-0.78832,5.52194],[-0.79116,5.52642],[-0.82218,5.52604],[-0.82901,5.53859],[-0.84423,5.5498],[-0.85721,5.54973],[-0.8623,5.56399],[-0.90375,5.59113],[-0.89031,5.59208],[-0.88494,5.60323],[-0.87753,5.60656],[-0.88206,5.61713],[-0.8796,5.6278],[-0.85927,5.6415],[-0.86822,5.66154],[-0.86831,5.67209],[-0.86263,5.67555],[-0.86105,5.6872],[-0.86497,5.7071],[-0.86538,5.72829],[-0.86248,5.73096],[-0.86734,5.7381],[-0.87847,5.73752],[-0.8753,5.74547],[-0.87949,5.75023],[-0.87924,5.75831]]]}},{"type":"Feature","properties":{"display_name":"Ajumako-Enyan-Essiam","region":"Central","api_district":"Ajumako-Enyan-Esiam District","match_resolution":"override"},"geometry":{"type":"Polygon","coordinates":[[[-1.10461,5.53304],[-1.09047,5.53576],[-1.08639,5.51194],[-1.0813,5.50737],[-1.0629,5.5163],[-1.05606,5.5136],[-1.05715,5.5043],[-1.05147,5.50156],[-1.04021,5.50429],[-1.03724,5.50891],[-1.01376,5.50523],[-0.99782,5.5137],[-0.9793,5.50845],[-0.97292,5.51132],[-0.97071,5.51862],[-0.96099,5.52255],[-0.94457,5.51733],[-0.92446,5.50019],[-0.90492,5.52495],[-0.90088,5.53595],[-0.86944,5.51322],[-0.86237,5.51187],[-0.84961,5.49774],[-0.86921,5.47826],[-0.86443,5.46614],[-0.86686,5.45855],[-0.86278,5.44024],[-0.87175,5.41581],[-0.86444,5.40787],[-0.86792,5.40201],[-0.86614,5.39667],[-0.88343,5.40999],[-0.88779,5.40919],[-0.89926,5.39784],[-0.89873,5.37931],[-0.90474,5.3821],[-0.92242,5.37632],[-0.91391,5.35862],[-0.917,5.34555],[-0.91392,5.3327],[-0.93406,5.3173],[-0.93145,5.30556],[-0.95327,5.29581],[-0.96348,5.29959],[-0.97453,5.29502],[-0.9888,5.29937],[-0.99274,5.29122],[-1.00449,5.28717],[-1.01543,5.2995],[-1.02863,5.30601],[-1.03518,5.31805],[-1.05164,5.32314],[-1.06205,5.33318],[-1.06338,5.34081],[-1.05743,5.35043],[-1.05948,5.36155],[-1.06299,5.36168],[-1.06338,5.36831],[-1.07086,5.36657],[-1.08076,5.3728],[-1.08309,5.38998],[-1.09198,5.39795],[-1.09207,5.40441],[-1.10247,5.41278],[-1.11481,5.41551],[-1.11801,5.42082],[-1.12833,5.41638],[-1.12831,5.43135],[-1.0977,5.44279],[-1.1033,5.45668],[-1.09824,5.47266],[-1.08971,5.47491],[-1.08601,5.46224],[-1.07938,5.46614],[-1.07166,5.46461],[-1.07058,5.45232],[-1.06389,5.45155],[-1.07205,5.46638],[-1.08729,5.47219],[-1.0936,5.49234],[-1.11628,5.50957],[-1.12328,5.53387],[-1.11351,5.53793],[-1.10461,5.53304]]]}},{"type":"Feature","properties":{"display_name":"Asikuma-Odoben-Brakwa","region":"Central","api_district":"Agona East District","match_resolution":"nearest"},"geometry":{"type":"Polygon","coordinates":[[[-0.97079,5.75352],[-0.95333,5.73837],[-0.87999,5.74178],[-0.87876,5.7493],[-0.8753,5.74547],[-0.87847,5.73752],[-0.86734,5.7381],[-0.86288,5.73266],[-0.86497,5.7071],[-0.86105,5.6872],[-0.86263,5.67555],[-0.86831,5.67209],[-0.86822,5.66154],[-0.85927,5.6415],[-0.8796,5.6278],[-0.88206,5.61713],[-0.87753,5.60656],[-0.88494,5.60323],[-0.89031,5.59208],[-0.90375,5.59113],[-0.8623,5.56399],[-0.85847,5.54543],[-0.86783,5.53452],[-0.88575,5.52577],[-0.9013,5.5357],[-0.90492,5.52495],[-0.92446,5.50019],[-0.94457,5.51733],[-0.96099,5.52255],[-0.97071,5.51862],[-0.97292,5.51132],[-0.9793,5.50845],[-0.99782,5.5137],[-1.01376,5.50523],[-1.03724,5.50891],[-1.04021,5.50429],[-1.05147,5.50156],[-1.05715,5.5043],[-1.05614,5.51368],[-1.06778,5.51649],[-1.0813,5.50737],[-1.08639,5.51194],[-1.09047,5.53576],[-1.1041,5.53285],[-1.13048,5.54254],[-1.1415,5.56243],[-1.14089,5.56906],[-1.14815,5.57795],[-1.14877,5.59367],[-1.16239,5.59893],[-1.16179,5.60618],[-1.16656,5.6107],[-1.1774,5.64188],[-1.16699,5.65992],[-1.1727,5.67373],[-1.17052,5.70377],[-1.16137,5.72104],[-1.15103,5.72503],[-1.14225,5.71279],[-1.14389,5.70414],[-1.13568,5.70446],[-1.13439,5.72131],[-1.12097,5.72053],[-1.09982,5.70082],[-1.09433,5.71437],[-1.09725,5.72655],[-1.09113,5.74258],[-1.07718,5.74913],[-1.04456,5.75238],[-1.03475,5.73742],[-1.00508,5.74166],[-0.9976,5.74645],[-0.99478,5.73921],[-0.9907,5.74832],[-0.97079,5.75352]]]}},{"type":"Feature","properties":{"display_name":"Assin Central","region":"Central","api_district":"Assin Central Municipal","match_resolution":"base"},"geometry":{"type":"Polygon","coordinates":[[[-1.42321,5.70304],[-1.42682,5.71663],[-1.44011,5.71501],[-1.46037,5.74717],[-1.42774,5.75055],[-1.42061,5.76474],[-1.39327,5.78839],[-1.36713,5.7813],[-1.36,5.77184],[-1.34455,5.76947],[-1.32435,5.78248],[-1.29687,5.79316],[-1.28037,5.7943],[-1.23961,5.7853],[-1.22927,5.76711],[-1.19481,5.74701],[-1.16524,5.71119],[-1.17052,5.70377],[-1.1727,5.67373],[-1.16699,5.65992],[-1.1702,5.6506],[-1.18759,5.65264],[-1.18513,5.67312],[-1.20687,5.69738],[-1.21406,5.69114],[-1.22206,5.69042],[-1.2223,5.68177],[-1.22799,5.67715],[-1.2363,5.67526],[-1.23989,5.6806],[-1.24767,5.68208],[-1.26469,5.6728],[-1.26774,5.66533],[-1.27267,5.6714],[-1.28598,5.66898],[-1.29255,5.67416],[-1.29622,5.67768],[-1.29621,5.69203],[-1.30346,5.69472],[-1.35302,5.69392],[-1.36473,5.69721],[-1.37366,5.693],[-1.39202,5.71888],[-1.42321,5.70304]]]}},{"type":"Feature","properties":{"display_name":"Assin North","region":"Central","api_district":"Assin North District","match_resolution":"base"},"geometry":{"type":"Polygon","coordinates":[[[-1.54601,5.93912],[-1.53103,5.93924],[-1.52679,5.93478],[-1.53072,5.93117],[-1.53084,5.92314],[-1.52562,5.92149],[-1.52469,5.92794],[-1.52113,5.92872],[-1.51635,5.91397],[-1.4999,5.90375],[-1.50545,5.89507],[-1.49795,5.89082],[-1.50641,5.88709],[-1.50847,5.89096],[-1.51657,5.89001],[-1.52175,5.87513],[-1.51657,5.87256],[-1.50067,5.87698],[-1.50102,5.86816],[-1.49533,5.86826],[-1.48996,5.86253],[-1.48653,5.86473],[-1.48854,5.86879],[-1.48284,5.86702],[-1.47587,5.85506],[-1.46916,5.86191],[-1.46172,5.86224],[-1.45915,5.88659],[-1.46531,5.89396],[-1.46651,5.9046],[-1.46194,5.90435],[-1.46238,5.89712],[-1.45552,5.89363],[-1.45068,5.90633],[-1.43707,5.90134],[-1.42871,5.90982],[-1.42085,5.90372],[-1.41609,5.91525],[-1.41873,5.92143],[-1.37989,5.91644],[-1.37437,5.92247],[-1.37701,5.93454],[-1.34866,5.93195],[-1.34676,5.91915],[-1.33589,5.92685],[-1.3442,5.91418],[-1.34251,5.91084],[-1.33534,5.91679],[-1.32302,5.91416],[-1.31781,5.91804],[-1.31766,5.92396],[-1.30784,5.92608],[-1.31219,5.90708],[-1.30396,5.90047],[-1.30842,5.89003],[-1.29804,5.88565],[-1.27517,5.90292],[-1.26997,5.89417],[-1.26243,5.89083],[-1.25829,5.90362],[-1.26265,5.90546],[-1.26088,5.91536],[-1.25589,5.9165],[-1.25553,5.91051],[-1.24996,5.91472],[-1.24405,5.91368],[-1.24353,5.93056],[-1.23449,5.93438],[-1.21957,5.93367],[-1.19991,5.91729],[-1.19331,5.91777],[-1.18591,5.91133],[-1.16925,5.91017],[-1.16236,5.88947],[-1.16901,5.86563],[-1.16118,5.86091],[-1.15956,5.85172],[-1.16866,5.84576],[-1.16918,5.8397],[-1.15756,5.81262],[-1.16599,5.80094],[-1.16797,5.78525],[-1.16245,5.76827],[-1.16649,5.7545],[-1.16137,5.72104],[-1.16427,5.71277],[-1.19481,5.74701],[-1.22927,5.76711],[-1.23961,5.7853],[-1.28037,5.7943],[-1.29687,5.79316],[-1.32435,5.78248],[-1.34455,5.76947],[-1.36,5.77184],[-1.36713,5.7813],[-1.39327,5.78839],[-1.42061,5.76474],[-1.42774,5.75055],[-1.442,5.74701],[-1.46037,5.74717],[-1.46402,5.7527],[-1.47216,5.75365],[-1.47549,5.76691],[-1.48188,5.77136],[-1.50459,5.77666],[-1.51191,5.77333],[-1.52759,5.77641],[-1.5461,5.76328],[-1.56552,5.76251],[-1.5737,5.7584],[-1.57214,5.77134],[-1.57974,5.78198],[-1.57783,5.80282],[-1.58425,5.80652],[-1.58367,5.82351],[-1.59247,5.83194],[-1.59762,5.8464],[-1.58746,5.86657],[-1.59163,5.87202],[-1.58059,5.88383],[-1.57589,5.90306],[-1.55562,5.92884],[-1.54665,5.92676],[-1.53964,5.93109],[-1.54688,5.93572],[-1.54601,5.93912]]]}},{"type":"Feature","properties":{"display_name":"Assin South","region":"Central","api_district":"Assin South District","match_resolution":"base"},"geometry":{"type":"Polygon","coordinates":[[[-1.28542,5.35936],[-1.31325,5.35073],[-1.31762,5.356],[-1.33038,5.3555],[-1.32911,5.35984],[-1.34069,5.3708],[-1.33997,5.37777],[-1.35139,5.3957],[-1.35803,5.39719],[-1.35843,5.40132],[-1.3732,5.39914],[-1.39336,5.41489],[-1.38361,5.43233],[-1.39071,5.44961],[-1.40528,5.46023],[-1.42531,5.46128],[-1.43248,5.47452],[-1.4324,5.49514],[-1.42639,5.48954],[-1.40557,5.50212],[-1.40566,5.50814],[-1.41306,5.51508],[-1.41215,5.52639],[-1.43944,5.54123],[-1.43475,5.54869],[-1.44458,5.58451],[-1.43918,5.58512],[-1.43115,5.59473],[-1.43805,5.60434],[-1.42243,5.61912],[-1.4258,5.62843],[-1.43378,5.62768],[-1.43543,5.63553],[-1.42707,5.66513],[-1.43046,5.67719],[-1.42515,5.68539],[-1.42321,5.70304],[-1.39202,5.71888],[-1.37366,5.693],[-1.36473,5.69721],[-1.35302,5.69392],[-1.30346,5.69472],[-1.29621,5.69203],[-1.29622,5.67768],[-1.29255,5.67416],[-1.28598,5.66898],[-1.27267,5.6714],[-1.26774,5.66533],[-1.26469,5.6728],[-1.24767,5.68208],[-1.23989,5.6806],[-1.2363,5.67526],[-1.22799,5.67715],[-1.2223,5.68177],[-1.22206,5.69042],[-1.21406,5.69114],[-1.20687,5.69738],[-1.18513,5.67312],[-1.18759,5.65264],[-1.1702,5.6506],[-1.1774,5.6426],[-1.17055,5.62087],[-1.16179,5.60618],[-1.16208,5.59848],[-1.14828,5.59278],[-1.14815,5.57795],[-1.14089,5.56906],[-1.13898,5.55602],[-1.13048,5.54254],[-1.11503,5.53762],[-1.12328,5.53387],[-1.11628,5.50957],[-1.0936,5.49234],[-1.08729,5.47219],[-1.07205,5.46638],[-1.06345,5.45484],[-1.06492,5.45062],[-1.06888,5.45084],[-1.07166,5.46461],[-1.07938,5.46614],[-1.08601,5.46224],[-1.08971,5.47491],[-1.09824,5.47266],[-1.1033,5.45668],[-1.0977,5.44279],[-1.12831,5.43135],[-1.12833,5.41638],[-1.13632,5.41461],[-1.13781,5.40436],[-1.14265,5.40149],[-1.14194,5.39272],[-1.15309,5.38566],[-1.14621,5.38125],[-1.14942,5.37648],[-1.15791,5.38267],[-1.16943,5.38174],[-1.17482,5.37169],[-1.18464,5.38476],[-1.196,5.38258],[-1.20537,5.38686],[-1.20842,5.35895],[-1.21471,5.3545],[-1.22366,5.35643],[-1.23319,5.34887],[-1.24419,5.34789],[-1.24845,5.35114],[-1.25046,5.34366],[-1.25544,5.34167],[-1.28269,5.33991],[-1.28542,5.35936]]]}},{"type":"Feature","properties":{"display_name":"Awutu Senya East","region":"Central","api_district":"Awutu Senya East Municipal","match_resolution":"base"},"geometry":{"type":"MultiPolygon","coordinates":[[[[-0.47383,5.40661],[-0.48217,5.40117],[-0.48869,5.38533],[-0.49901,5.37784],[-0.54451,5.36646],[-0.55731,5.36695],[-0.54888,5.39311],[-0.55784,5.40303],[-0.55879,5.41771],[-0.54838,5.41611],[-0.54379,5.42137],[-0.53274,5.42072],[-0.51552,5.44275],[-0.5014,5.43513],[-0.48321,5.43352],[-0.47383,5.40661]]],[[[-0.47689,5.56077],[-0.47192,5.57337],[-0.48125,5.57582],[-0.49155,5.58534],[-0.49921,5.5861],[-0.50144,5.59154],[-0.47959,5.60528],[-0.47485,5.59888],[-0.46132,5.60542],[-0.45568,5.60295],[-0.4504,5.60846],[-0.44417,5.60443],[-0.42566,5.60427],[-0.39991,5.56565],[-0.41083,5.55534],[-0.416,5.53765],[-0.41429,5.5307],[-0.4375,5.53276],[-0.45329,5.52727],[-0.45678,5.53581],[-0.45465,5.54695],[-0.47689,5.56077]]]]}},{"type":"Feature","properties":{"display_name":"Awutu Senya West","region":"Central","api_district":"Awutu Senya West District","match_resolution":"base"},"geometry":{"type":"Polygon","coordinates":[[[-0.51033,5.73618],[-0.50828,5.71365],[-0.5201,5.70499],[-0.51846,5.6864],[-0.50919,5.68309],[-0.49973,5.66823],[-0.49367,5.65429],[-0.49713,5.64663],[-0.48264,5.64766],[-0.45832,5.63704],[-0.43131,5.62136],[-0.42539,5.61118],[-0.42596,5.60433],[-0.44417,5.60443],[-0.4504,5.60846],[-0.45568,5.60295],[-0.46132,5.60542],[-0.47485,5.59888],[-0.47959,5.60528],[-0.50144,5.59154],[-0.49921,5.5861],[-0.49155,5.58534],[-0.48125,5.57582],[-0.47192,5.57337],[-0.47722,5.559],[-0.4863,5.5571],[-0.48813,5.54428],[-0.49198,5.5503],[-0.50161,5.55372],[-0.51002,5.54359],[-0.49486,5.52412],[-0.5051,5.51228],[-0.50329,5.49991],[-0.52286,5.5119],[-0.54095,5.5146],[-0.54596,5.5208],[-0.55804,5.5441],[-0.56743,5.5835],[-0.55747,5.60731],[-0.56188,5.61446],[-0.56936,5.61575],[-0.57995,5.63165],[-0.57298,5.64869],[-0.58113,5.65445],[-0.5964,5.64842],[-0.60505,5.65526],[-0.60901,5.66089],[-0.59081,5.67321],[-0.58915,5.68082],[-0.60685,5.70016],[-0.61435,5.70148],[-0.61997,5.7105],[-0.61855,5.71492],[-0.62399,5.7145],[-0.61951,5.71774],[-0.62295,5.72294],[-0.61014,5.72359],[-0.58101,5.73686],[-0.57148,5.73513],[-0.56815,5.74032],[-0.55971,5.73595],[-0.55024,5.73887],[-0.52472,5.73387],[-0.51834,5.73775],[-0.51033,5.73618]]]}},{"type":"Feature","properties":{"display_name":"Cape Coast","region":"Central","api_district":"Cape Coast Metropolitan","match_resolution":"base"},"geometry":{"type":"Polygon","coordinates":[[[-1.36194,5.21574],[-1.36269,5.22409],[-1.3576,5.23304],[-1.33228,5.24838],[-1.32297,5.25136],[-1.31013,5.24455],[-1.29457,5.25466],[-1.28268,5.24839],[-1.28476,5.22967],[-1.28101,5.22126],[-1.31029,5.21004],[-1.30614,5.20421],[-1.29629,5.20316],[-1.29631,5.19749],[-1.2866,5.19418],[-1.28834,5.1851],[-1.28409,5.18617],[-1.2792,5.17346],[-1.28065,5.17007],[-1.28649,5.17028],[-1.28224,5.16184],[-1.26201,5.16229],[-1.25835,5.15817],[-1.2451,5.15804],[-1.23777,5.14401],[-1.23944,5.13174],[-1.21963,5.13626],[-1.2118,5.11784],[-1.24643,5.10058],[-1.32174,5.09679],[-1.31665,5.10081],[-1.31511,5.11026],[-1.31096,5.11115],[-1.30679,5.12569],[-1.2966,5.13413],[-1.29927,5.13978],[-1.29635,5.14391],[-1.30748,5.14344],[-1.31495,5.15029],[-1.31722,5.16721],[-1.32825,5.16952],[-1.32894,5.17745],[-1.34158,5.17228],[-1.34352,5.18375],[-1.35283,5.19401],[-1.34895,5.19917],[-1.35362,5.20305],[-1.35247,5.21183],[-1.36194,5.21574]]]}},{"type":"Feature","properties":{"display_name":"Effutu","region":"Central","api_district":"Effutu Municipal","match_resolution":"base"},"geometry":{"type":"Polygon","coordinates":[[[-0.56297,5.44225],[-0.55784,5.40303],[-0.54888,5.39311],[-0.55697,5.37563],[-0.55731,5.36695],[-0.5531,5.36492],[-0.62316,5.33151],[-0.63989,5.32777],[-0.64224,5.33675],[-0.67293,5.35673],[-0.67197,5.37012],[-0.64075,5.38454],[-0.61515,5.40658],[-0.60703,5.40264],[-0.58631,5.41399],[-0.58716,5.41755],[-0.595,5.41752],[-0.59217,5.4226],[-0.56297,5.44225]]]}},{"type":"Feature","properties":{"display_name":"Ekumfi","region":"Central","api_district":"Ekumfi District","match_resolution":"base"},"geometry":{"type":"Polygon","coordinates":[[[-1.01538,5.20132],[-1.02044,5.21852],[-1.01478,5.22989],[-1.00648,5.23503],[-1.02257,5.25301],[-1.02002,5.2648],[-1.01363,5.26186],[-1.01146,5.26723],[-1.01251,5.2793],[-1.00649,5.28641],[-0.99274,5.29122],[-0.9888,5.29937],[-0.97453,5.29502],[-0.96348,5.29959],[-0.95327,5.29581],[-0.93145,5.30556],[-0.93406,5.3173],[-0.91392,5.3327],[-0.917,5.34555],[-0.91391,5.35862],[-0.92242,5.37632],[-0.90386,5.36462],[-0.88978,5.36266],[-0.89332,5.3513],[-0.88636,5.32969],[-0.86861,5.32463],[-0.85835,5.31201],[-0.8509,5.31429],[-0.82228,5.29831],[-0.82185,5.29274],[-0.80443,5.26887],[-0.79619,5.24517],[-0.79811,5.22311],[-0.81693,5.21299],[-1.01538,5.20132]]]}},{"type":"Feature","properties":{"display_name":"Gomoa Central","region":"Central","api_district":"Gomoa Central District","match_resolution":"base"},"geometry":{"type":"Polygon","coordinates":[[[-0.74973,5.27112],[-0.74411,5.28675],[-0.74842,5.30789],[-0.78208,5.34271],[-0.78089,5.35691],[-0.77019,5.36638],[-0.76425,5.37821],[-0.77614,5.40424],[-0.76315,5.43434],[-0.75541,5.42409],[-0.75653,5.41154],[-0.75249,5.4124],[-0.73575,5.3965],[-0.72912,5.39533],[-0.72119,5.38254],[-0.68624,5.39597],[-0.67958,5.39068],[-0.68014,5.37925],[-0.67197,5.37012],[-0.67289,5.35665],[-0.64224,5.33675],[-0.63966,5.33013],[-0.72451,5.29997],[-0.73103,5.29216],[-0.72692,5.28518],[-0.74973,5.27112]]]}},{"type":"Feature","properties":{"display_name":"Gomoa East","region":"Central","api_district":"Gomoa East District","match_resolution":"base"},"geometry":{"type":"Polygon","coordinates":[[[-0.56743,5.5835],[-0.55804,5.5441],[-0.54207,5.51549],[-0.52286,5.5119],[-0.50606,5.50037],[-0.50329,5.49991],[-0.5051,5.51228],[-0.49486,5.52343],[-0.51002,5.54359],[-0.50188,5.55369],[-0.49198,5.5503],[-0.48813,5.54428],[-0.4863,5.5571],[-0.47388,5.56058],[-0.45465,5.54695],[-0.45678,5.53581],[-0.45381,5.52742],[-0.4375,5.53276],[-0.41429,5.5307],[-0.40514,5.51519],[-0.40441,5.4917],[-0.40041,5.48603],[-0.40667,5.47807],[-0.40641,5.46539],[-0.42058,5.45201],[-0.46444,5.43008],[-0.46705,5.42504],[-0.46285,5.41848],[-0.47383,5.40661],[-0.48321,5.43352],[-0.5014,5.43513],[-0.51552,5.44275],[-0.53274,5.42072],[-0.54379,5.42137],[-0.5441,5.41762],[-0.55093,5.41625],[-0.56189,5.4221],[-0.55949,5.42638],[-0.56297,5.44225],[-0.59217,5.4226],[-0.595,5.41752],[-0.58716,5.41755],[-0.58631,5.41399],[-0.60703,5.40264],[-0.61515,5.40658],[-0.64075,5.38454],[-0.67197,5.37012],[-0.67729,5.37278],[-0.67921,5.38995],[-0.68624,5.39597],[-0.72119,5.38254],[-0.72912,5.39533],[-0.73575,5.3965],[-0.75249,5.4124],[-0.75653,5.41154],[-0.75609,5.42564],[-0.76569,5.43814],[-0.77788,5.44426],[-0.7711,5.46913],[-0.77502,5.51804],[-0.77991,5.52273],[-0.75137,5.54451],[-0.75008,5.52736],[-0.74341,5.51988],[-0.73629,5.51821],[-0.70732,5.53059],[-0.70354,5.51335],[-0.69055,5.51202],[-0.69013,5.5049],[-0.6828,5.4991],[-0.67605,5.50105],[-0.67576,5.50464],[-0.6639,5.50662],[-0.65923,5.51228],[-0.66174,5.51961],[-0.65788,5.52644],[-0.66209,5.53103],[-0.65398,5.53654],[-0.65173,5.54465],[-0.64827,5.54188],[-0.6377,5.5524],[-0.62934,5.55156],[-0.61826,5.54563],[-0.61279,5.53707],[-0.60934,5.54282],[-0.59921,5.54333],[-0.59026,5.55978],[-0.59317,5.57329],[-0.58679,5.57438],[-0.58762,5.58118],[-0.56743,5.5835]]]}},{"type":"Feature","properties":{"display_name":"Gomoa West","region":"Central","api_district":"Gomoa West District","match_resolution":"base"},"geometry":{"type":"Polygon","coordinates":[[[-0.79811,5.22311],[-0.79789,5.25085],[-0.82207,5.29805],[-0.8509,5.31429],[-0.85835,5.31201],[-0.86861,5.32463],[-0.88636,5.32969],[-0.89332,5.3513],[-0.88978,5.36266],[-0.90407,5.36472],[-0.91891,5.37599],[-0.90474,5.3821],[-0.89873,5.37931],[-0.89926,5.39784],[-0.88779,5.40919],[-0.88343,5.40999],[-0.86614,5.39667],[-0.86792,5.40201],[-0.86444,5.40787],[-0.87175,5.41581],[-0.86278,5.44024],[-0.86686,5.45855],[-0.86443,5.46614],[-0.86921,5.47826],[-0.84961,5.49774],[-0.86237,5.51187],[-0.88575,5.52577],[-0.86783,5.53452],[-0.85721,5.54973],[-0.84334,5.54932],[-0.82901,5.53859],[-0.82218,5.52604],[-0.79116,5.52642],[-0.78946,5.52249],[-0.77502,5.51804],[-0.7711,5.46913],[-0.77788,5.44426],[-0.76315,5.43434],[-0.77614,5.40424],[-0.76425,5.37821],[-0.77019,5.36638],[-0.78089,5.35691],[-0.78208,5.34271],[-0.74842,5.30789],[-0.74411,5.28675],[-0.74973,5.27112],[-0.7567,5.26393],[-0.75615,5.258],[-0.77781,5.24622],[-0.78258,5.23659],[-0.79036,5.23198],[-0.78968,5.22649],[-0.79811,5.22311]]]}},{"type":"Feature","properties":{"display_name":"Komenda-Edina-Eguafo-Abirem-","region":"Central","api_district":"Komenda-Edina-Eguafo-Abirem Municipal","match_resolution":"base"},"geometry":{"type":"Polygon","coordinates":[[[-1.58022,5.03314],[-1.58145,5.15493],[-1.57034,5.15838],[-1.56842,5.16251],[-1.56739,5.1584],[-1.53834,5.16339],[-1.53302,5.17372],[-1.52506,5.17067],[-1.52276,5.19964],[-1.5099,5.20827],[-1.49052,5.20629],[-1.4812,5.20995],[-1.46178,5.20722],[-1.44632,5.21013],[-1.44741,5.22226],[-1.43056,5.22676],[-1.41754,5.22014],[-1.41576,5.21415],[-1.40404,5.22417],[-1.39437,5.22556],[-1.3839,5.22119],[-1.3749,5.22447],[-1.36825,5.21666],[-1.35247,5.21183],[-1.35362,5.20305],[-1.34895,5.19917],[-1.35283,5.19401],[-1.34352,5.18375],[-1.34158,5.17228],[-1.32894,5.17745],[-1.32825,5.16952],[-1.31722,5.16721],[-1.31495,5.15029],[-1.30748,5.14344],[-1.29635,5.14391],[-1.29927,5.13978],[-1.2966,5.13413],[-1.30696,5.12542],[-1.31096,5.11115],[-1.31761,5.10532],[-1.31674,5.10066],[-1.34587,5.0897],[-1.34767,5.08169],[-1.42197,5.06761],[-1.44247,5.05867],[-1.47433,5.05535],[-1.50446,5.04294],[-1.58022,5.03314]]]}},{"type":"Feature","properties":{"display_name":"Mfantseman","region":"Central","api_district":"Mfantsiman Municipal","match_resolution":"override"},"geometry":{"type":"Polygon","coordinates":[[[-1.00393,5.28737],[-1.01251,5.2793],[-1.01146,5.26723],[-1.01363,5.26186],[-1.02002,5.2648],[-1.02257,5.25301],[-1.00648,5.23503],[-1.01478,5.22989],[-1.02044,5.21852],[-1.01538,5.20132],[-1.09099,5.19422],[-1.11965,5.17299],[-1.14852,5.16421],[-1.16635,5.14532],[-1.1937,5.13784],[-1.19843,5.13291],[-1.21244,5.14416],[-1.21142,5.1475],[-1.2273,5.16324],[-1.22642,5.16782],[-1.23363,5.17045],[-1.23044,5.17811],[-1.21222,5.19284],[-1.20469,5.19415],[-1.20643,5.21636],[-1.21043,5.22364],[-1.20064,5.22932],[-1.18537,5.25808],[-1.16857,5.26021],[-1.16052,5.2537],[-1.13481,5.25762],[-1.11909,5.25175],[-1.111,5.24154],[-1.10444,5.24509],[-1.08579,5.24339],[-1.08787,5.25366],[-1.0836,5.2716],[-1.057,5.27301],[-1.05198,5.28463],[-1.05412,5.28675],[-1.0875,5.29698],[-1.11066,5.31382],[-1.12114,5.32732],[-1.12221,5.34178],[-1.12812,5.34899],[-1.11894,5.36815],[-1.11476,5.37],[-1.11576,5.37494],[-1.13395,5.37593],[-1.13704,5.38038],[-1.12332,5.41588],[-1.11801,5.42082],[-1.11481,5.41551],[-1.10247,5.41278],[-1.09207,5.40441],[-1.09198,5.39795],[-1.08309,5.38998],[-1.08076,5.3728],[-1.07086,5.36657],[-1.06282,5.36787],[-1.05743,5.35043],[-1.06338,5.34081],[-1.06087,5.33168],[-1.05164,5.32314],[-1.03518,5.31805],[-1.02824,5.30562],[-1.01543,5.2995],[-1.00393,5.28737]]]}},{"type":"Feature","properties":{"display_name":"Twifo-Atti-Morkwa","region":"Central","api_district":"Twifo Atti-Morkwa District","match_resolution":"base"},"geometry":{"type":"Polygon","coordinates":[[[-1.61537,5.51574],[-1.60812,5.5319],[-1.594,5.52988],[-1.59193,5.56331],[-1.59961,5.56671],[-1.60756,5.56353],[-1.62139,5.59931],[-1.64244,5.61667],[-1.65724,5.61846],[-1.67636,5.60808],[-1.67846,5.63472],[-1.6857,5.64227],[-1.71347,5.63639],[-1.71952,5.63019],[-1.73772,5.6236],[-1.75058,5.62689],[-1.83218,5.59244],[-1.81804,5.67466],[-1.80823,5.68095],[-1.78295,5.68125],[-1.78083,5.68751],[-1.76914,5.68572],[-1.76021,5.69918],[-1.77088,5.72157],[-1.71004,5.80383],[-1.71168,5.81409],[-1.69077,5.81652],[-1.68047,5.82235],[-1.6663,5.81635],[-1.651,5.81804],[-1.64206,5.8141],[-1.64057,5.8202],[-1.65283,5.839],[-1.65097,5.84893],[-1.61482,5.85705],[-1.59592,5.84425],[-1.59247,5.83194],[-1.58367,5.82351],[-1.58461,5.80734],[-1.57783,5.80282],[-1.57924,5.779],[-1.57214,5.77134],[-1.5737,5.7584],[-1.56552,5.76251],[-1.5461,5.76328],[-1.52759,5.77641],[-1.51191,5.77333],[-1.50459,5.77666],[-1.48287,5.77178],[-1.47549,5.76691],[-1.47164,5.75308],[-1.46402,5.7527],[-1.44011,5.71501],[-1.42682,5.71663],[-1.42309,5.69405],[-1.43046,5.67719],[-1.42707,5.66513],[-1.43543,5.63553],[-1.43378,5.62768],[-1.4258,5.62843],[-1.42243,5.61912],[-1.43805,5.60434],[-1.43115,5.59473],[-1.43918,5.58512],[-1.44458,5.58451],[-1.43475,5.54869],[-1.4422,5.53939],[-1.46023,5.54113],[-1.46763,5.53352],[-1.47763,5.53204],[-1.47955,5.52585],[-1.4855,5.52339],[-1.4866,5.51417],[-1.50695,5.51302],[-1.51062,5.50862],[-1.52289,5.51215],[-1.5327,5.50829],[-1.53439,5.51217],[-1.54789,5.51653],[-1.58877,5.50392],[-1.58416,5.51056],[-1.58807,5.51576],[-1.60701,5.51956],[-1.61537,5.51574]]]}},{"type":"Feature","properties":{"display_name":"Twifo-Hemang-Lower Denkyira","region":"Central","api_district":"Twifo-Hemang-Lower Denkyira District","match_resolution":"base"},"geometry":{"type":"Polygon","coordinates":[[[-1.44741,5.22226],[-1.44409,5.26781],[-1.43551,5.26755],[-1.4277,5.28905],[-1.39979,5.298],[-1.4041,5.30595],[-1.43736,5.33832],[-1.44657,5.33987],[-1.45662,5.34802],[-1.46209,5.38188],[-1.47481,5.37773],[-1.47863,5.38937],[-1.48934,5.39924],[-1.50238,5.40135],[-1.51386,5.39268],[-1.52574,5.40294],[-1.54741,5.40613],[-1.56299,5.41535],[-1.57874,5.41047],[-1.59651,5.41074],[-1.60909,5.42336],[-1.61288,5.42131],[-1.62084,5.42597],[-1.62313,5.42029],[-1.62885,5.42199],[-1.62249,5.4401],[-1.60167,5.45061],[-1.60223,5.45653],[-1.6127,5.46578],[-1.61537,5.51574],[-1.60701,5.51956],[-1.58807,5.51576],[-1.58416,5.51056],[-1.58877,5.50392],[-1.5463,5.51668],[-1.5327,5.50829],[-1.52099,5.51229],[-1.51013,5.50867],[-1.50695,5.51302],[-1.4866,5.51417],[-1.4855,5.52339],[-1.47955,5.52585],[-1.47959,5.53031],[-1.46763,5.53352],[-1.461,5.54078],[-1.43957,5.5413],[-1.41159,5.52532],[-1.41306,5.51508],[-1.40566,5.50814],[-1.40557,5.50212],[-1.42639,5.48954],[-1.4324,5.49514],[-1.43311,5.47747],[-1.42531,5.46128],[-1.40528,5.46023],[-1.39071,5.44961],[-1.38361,5.43233],[-1.39336,5.41489],[-1.3732,5.39914],[-1.35843,5.40132],[-1.35803,5.39719],[-1.35139,5.3957],[-1.33997,5.37777],[-1.34069,5.3708],[-1.32911,5.35984],[-1.33038,5.3555],[-1.31762,5.356],[-1.31325,5.35073],[-1.29513,5.35494],[-1.3006,5.34314],[-1.29716,5.32896],[-1.30183,5.32376],[-1.29385,5.29724],[-1.2868,5.29261],[-1.28564,5.28193],[-1.29516,5.27351],[-1.29341,5.25623],[-1.29658,5.25172],[-1.31013,5.24455],[-1.32297,5.25136],[-1.33228,5.24838],[-1.3576,5.23304],[-1.36269,5.22409],[-1.36194,5.21574],[-1.37924,5.22487],[-1.3839,5.22119],[-1.39437,5.22556],[-1.40404,5.22417],[-1.41576,5.21415],[-1.41754,5.22014],[-1.42864,5.22687],[-1.44741,5.22226]]]}},{"type":"Feature","properties":{"display_name":"Upper Denkyira East","region":"Central","api_district":"Upper Denkyira East Municipal","match_resolution":"base"},"geometry":{"type":"Polygon","coordinates":[[[-1.59711,5.84535],[-1.61482,5.85705],[-1.63656,5.85469],[-1.64108,5.84929],[-1.64347,5.85231],[-1.65097,5.84893],[-1.6537,5.84394],[-1.64057,5.8202],[-1.64206,5.8141],[-1.651,5.81804],[-1.6663,5.81635],[-1.68047,5.82235],[-1.69077,5.81652],[-1.71025,5.81574],[-1.71272,5.80959],[-1.71004,5.80383],[-1.77088,5.72157],[-1.76021,5.69918],[-1.76914,5.68572],[-1.78083,5.68751],[-1.78295,5.68125],[-1.80823,5.68095],[-1.79182,5.69555],[-1.78449,5.72974],[-1.79068,5.73224],[-1.81664,5.72483],[-1.81363,5.73667],[-1.80061,5.74463],[-1.80099,5.75095],[-1.81114,5.75945],[-1.85073,5.76758],[-1.84005,5.78181],[-1.8288,5.78648],[-1.82977,5.79197],[-1.83409,5.79402],[-1.83648,5.79072],[-1.84466,5.80496],[-1.8407,5.80455],[-1.83191,5.82081],[-1.8228,5.8538],[-1.81372,5.86782],[-1.81493,5.8892],[-1.8253,5.89917],[-1.83071,5.90014],[-1.83059,5.89605],[-1.83669,5.89543],[-1.8418,5.90168],[-1.85395,5.89544],[-1.85656,5.88765],[-1.86962,5.88386],[-1.88794,5.89734],[-1.88788,5.90869],[-1.89486,5.91721],[-1.86381,5.93528],[-1.85387,5.93485],[-1.83731,5.94365],[-1.81952,5.94485],[-1.7925,5.99024],[-1.77435,5.97972],[-1.77766,5.97171],[-1.77043,5.96091],[-1.76406,5.96972],[-1.74868,5.95991],[-1.74961,5.96893],[-1.74201,5.96603],[-1.73916,5.9705],[-1.73341,5.968],[-1.72483,5.95288],[-1.71324,5.95719],[-1.70965,5.9549],[-1.71396,5.93858],[-1.70724,5.92926],[-1.7038,5.92769],[-1.6927,5.94336],[-1.69013,5.94103],[-1.69341,5.93364],[-1.67323,5.92245],[-1.67603,5.92009],[-1.67246,5.91532],[-1.66817,5.92095],[-1.66413,5.91828],[-1.66189,5.92414],[-1.64744,5.92443],[-1.64562,5.93081],[-1.63895,5.93367],[-1.63518,5.92789],[-1.62421,5.92686],[-1.61966,5.93204],[-1.61955,5.9264],[-1.61303,5.92866],[-1.60893,5.92499],[-1.60068,5.92933],[-1.5957,5.92395],[-1.58993,5.9277],[-1.58996,5.93495],[-1.58196,5.92744],[-1.58422,5.92251],[-1.58105,5.91763],[-1.57194,5.92554],[-1.57188,5.93308],[-1.56726,5.93097],[-1.56778,5.92579],[-1.5607,5.92647],[-1.55895,5.92189],[-1.57589,5.90306],[-1.58059,5.88383],[-1.59163,5.87202],[-1.58746,5.86657],[-1.59711,5.84535]]]}},{"type":"Feature","properties":{"display_name":"Upper Denkyira West","region":"Central","api_district":"Upper Denkyira West District","match_resolution":"base"},"geometry":{"type":"Polygon","coordinates":[[[-2.18174,6.121],[-2.20593,6.19797],[-2.17555,6.21433],[-2.13139,6.25894],[-2.12659,6.25029],[-2.10661,6.24604],[-2.09994,6.23935],[-2.08134,6.27239],[-2.0772,6.28658],[-2.07958,6.29049],[-2.07425,6.29447],[-2.06575,6.29426],[-2.0452,6.28444],[-2.00952,6.29162],[-2.01359,6.26769],[-2.01923,6.26535],[-2.02336,6.25532],[-2.0215,6.22378],[-2.0317,6.21008],[-2.03845,6.20691],[-2.0404,6.19788],[-2.03056,6.18549],[-2.02785,6.17549],[-2.0226,6.17324],[-2.02402,6.15493],[-2.01941,6.15237],[-2.0259,6.14092],[-2.02338,6.14224],[-2.02327,6.13231],[-2.01467,6.12554],[-2.01433,6.11325],[-2.00688,6.11094],[-2.00716,6.11748],[-1.99743,6.11614],[-1.99043,6.1248],[-1.98129,6.11921],[-1.9782,6.11275],[-1.98639,6.11431],[-1.9878,6.10284],[-1.97545,6.09179],[-1.97773,6.08519],[-1.96996,6.06894],[-1.97592,6.06753],[-1.9685,6.05297],[-1.96558,6.05074],[-1.9656,6.0573],[-1.96073,6.05849],[-1.9525,6.04907],[-1.95359,6.05582],[-1.94986,6.05704],[-1.94715,6.04861],[-1.93434,6.03683],[-1.9248,6.03527],[-1.9257,6.02713],[-1.91438,6.01173],[-1.89203,6.015],[-1.88982,6.02859],[-1.88242,6.03377],[-1.87242,6.02259],[-1.87028,6.0118],[-1.86451,6.00984],[-1.86123,6.0166],[-1.85137,6.01409],[-1.85254,6.01953],[-1.8435,6.03319],[-1.82888,6.03432],[-1.82171,6.03924],[-1.82359,6.02988],[-1.8077,6.03217],[-1.8019,6.02634],[-1.81309,6.01134],[-1.80288,5.99275],[-1.79786,5.99973],[-1.7925,5.99024],[-1.81952,5.94485],[-1.83731,5.94365],[-1.85387,5.93485],[-1.86381,5.93528],[-1.89486,5.91721],[-1.90315,5.91741],[-1.91188,5.93271],[-1.90902,5.93718],[-1.92814,5.94257],[-1.9407,5.95818],[-1.93923,5.96966],[-1.94435,5.98348],[-1.95381,5.98431],[-1.96849,6.00108],[-1.98401,6.00999],[-1.9853,6.01647],[-2.0022,6.02505],[-2.01824,6.02768],[-2.02771,6.04257],[-2.05151,6.05001],[-2.04761,6.05922],[-2.05868,6.07153],[-2.12992,6.09288],[-2.14027,6.09119],[-2.14115,6.09974],[-2.15437,6.10632],[-2.16237,6.11981],[-2.17112,6.12365],[-2.18174,6.121]]]}},{"type":"Feature","properties":{"display_name":"Abuakwa North","region":"Eastern","api_district":"Abuakwa North Municipal","match_resolution":"base"},"geometry":{"type":"Polygon","coordinates":[[[-0.36032,6.28608],[-0.36417,6.27678],[-0.35001,6.26813],[-0.33421,6.26771],[-0.32308,6.25679],[-0.31053,6.25387],[-0.31203,6.20946],[-0.32325,6.19947],[-0.31781,6.18029],[-0.32218,6.17875],[-0.32098,6.17504],[-0.32876,6.17181],[-0.34115,6.1755],[-0.35489,6.18795],[-0.36353,6.18118],[-0.37499,6.18124],[-0.38247,6.19203],[-0.41393,6.20689],[-0.45943,6.20963],[-0.45252,6.23183],[-0.47885,6.27069],[-0.46802,6.29875],[-0.45901,6.29915],[-0.45846,6.29084],[-0.44548,6.28767],[-0.41646,6.29167],[-0.40553,6.27853],[-0.39704,6.27438],[-0.38798,6.28397],[-0.37411,6.28015],[-0.36032,6.28608]]]}},{"type":"Feature","properties":{"display_name":"Abuakwa South","region":"Eastern","api_district":"Abuakwa South Municipal","match_resolution":"base"},"geometry":{"type":"Polygon","coordinates":[[[-0.56843,6.05932],[-0.57521,6.06412],[-0.58504,6.08268],[-0.58721,6.08082],[-0.58662,6.08624],[-0.5959,6.09862],[-0.58799,6.11094],[-0.60743,6.14049],[-0.60337,6.16102],[-0.59763,6.17266],[-0.59104,6.17627],[-0.58497,6.17245],[-0.57058,6.18718],[-0.55924,6.19119],[-0.55524,6.18702],[-0.54975,6.18959],[-0.55051,6.2031],[-0.542,6.20684],[-0.53859,6.21334],[-0.54706,6.22067],[-0.52801,6.23078],[-0.53075,6.23224],[-0.52513,6.23886],[-0.52426,6.26373],[-0.50673,6.26889],[-0.50056,6.27588],[-0.49381,6.27554],[-0.4847,6.28778],[-0.48873,6.2721],[-0.47914,6.27599],[-0.46713,6.24912],[-0.45252,6.23183],[-0.45943,6.20963],[-0.41393,6.20689],[-0.38247,6.19203],[-0.37499,6.18124],[-0.36353,6.18118],[-0.35489,6.18795],[-0.34115,6.1755],[-0.34702,6.16042],[-0.35429,6.16887],[-0.37018,6.15395],[-0.37307,6.14261],[-0.36811,6.1273],[-0.38035,6.12962],[-0.38413,6.12552],[-0.39101,6.12652],[-0.3959,6.12018],[-0.4157,6.13271],[-0.42968,6.12114],[-0.43405,6.12188],[-0.43135,6.11781],[-0.43789,6.11328],[-0.44245,6.10057],[-0.44872,6.10281],[-0.45997,6.0964],[-0.46686,6.10211],[-0.48369,6.10584],[-0.48466,6.0995],[-0.50468,6.09102],[-0.51784,6.07605],[-0.53574,6.07207],[-0.55166,6.0644],[-0.557,6.05769],[-0.56723,6.06216],[-0.56843,6.05932]]]}},{"type":"Feature","properties":{"display_name":"Achiase","region":"Eastern","api_district":"Birim South District","match_resolution":"nearest"},"geometry":{"type":"Polygon","coordinates":[[[-0.90404,5.87576],[-0.87408,5.87821],[-0.87388,5.87131],[-0.85533,5.85504],[-0.85043,5.84322],[-0.86202,5.80587],[-0.86762,5.80665],[-0.87022,5.79377],[-0.88083,5.781],[-0.87329,5.77388],[-0.87436,5.76585],[-0.88102,5.7644],[-0.87999,5.74178],[-0.95333,5.73837],[-0.97156,5.75418],[-0.9907,5.74832],[-0.99478,5.73921],[-0.9976,5.74645],[-1.00508,5.74166],[-1.03475,5.73742],[-1.04456,5.75238],[-1.07718,5.74913],[-1.09113,5.74258],[-1.09725,5.72655],[-1.09433,5.71437],[-1.09982,5.70082],[-1.12097,5.72053],[-1.13439,5.72131],[-1.13568,5.70446],[-1.14389,5.70414],[-1.14225,5.71279],[-1.15103,5.72503],[-1.16311,5.72113],[-1.16649,5.7545],[-1.16245,5.76827],[-1.16797,5.78525],[-1.16599,5.80094],[-1.15756,5.81233],[-1.16078,5.82395],[-1.12813,5.83439],[-1.02895,5.84661],[-0.99282,5.84798],[-0.98269,5.84226],[-0.9504,5.855],[-0.94227,5.87201],[-0.92102,5.88569],[-0.91236,5.88655],[-0.90404,5.87576]]]}},{"type":"Feature","properties":{"display_name":"Akwapem North","region":"Eastern","api_district":"Akuapem North Municipal","match_resolution":"override"},"geometry":{"type":"Polygon","coordinates":[[[-0.23677,6.05652],[-0.22774,6.04715],[-0.22922,6.03831],[-0.23497,6.03475],[-0.23167,6.02709],[-0.21113,6.02722],[-0.20256,6.02216],[-0.19751,6.02739],[-0.17891,6.02227],[-0.17303,6.00575],[-0.15052,5.97264],[-0.15298,5.95831],[-0.1487,5.96331],[-0.14261,5.95926],[-0.12676,5.95822],[-0.1147,5.96332],[-0.11787,5.94192],[-0.10542,5.94893],[-0.10345,5.96078],[-0.10646,5.96825],[-0.09728,5.97165],[-0.09609,5.97871],[-0.08326,5.98591],[-0.06423,6.00704],[-0.0399,6.00747],[-0.03215,6.00336],[-0.03318,5.99704],[-0.02922,5.99408],[-0.01262,5.99592],[-0.00464,5.98564],[-0.00439,5.97634],[-0.01642,5.96192],[-0.06093,5.93293],[-0.08371,5.90696],[-0.12288,5.87967],[-0.12685,5.87542],[-0.12965,5.85318],[-0.13767,5.85117],[-0.15946,5.86566],[-0.17194,5.86705],[-0.17387,5.87075],[-0.16559,5.88695],[-0.17569,5.88546],[-0.18203,5.89086],[-0.18444,5.90049],[-0.19889,5.90238],[-0.20935,5.89378],[-0.2201,5.89081],[-0.2191,5.90068],[-0.20708,5.92013],[-0.22095,5.92407],[-0.21934,5.9296],[-0.22514,5.93547],[-0.26357,5.93672],[-0.27692,5.93357],[-0.30224,5.94277],[-0.28689,5.96037],[-0.27152,5.9911],[-0.26111,6.00012],[-0.26617,6.00832],[-0.26427,6.0123],[-0.27056,6.01819],[-0.26831,6.02051],[-0.28251,6.03219],[-0.28233,6.03783],[-0.2708,6.03849],[-0.26151,6.04594],[-0.26059,6.04248],[-0.25088,6.0446],[-0.23767,6.06609],[-0.23272,6.0618],[-0.23677,6.05652]]]}},{"type":"Feature","properties":{"display_name":"Akwapem South","region":"Eastern","api_district":"Akuapem South District","match_resolution":"override"},"geometry":{"type":"Polygon","coordinates":[[[-0.30224,5.94277],[-0.27692,5.93357],[-0.26357,5.93672],[-0.22514,5.93547],[-0.21934,5.9296],[-0.22095,5.92407],[-0.20708,5.92013],[-0.2191,5.90068],[-0.2201,5.89081],[-0.20935,5.89378],[-0.19889,5.90238],[-0.18444,5.90049],[-0.18203,5.89086],[-0.17569,5.88546],[-0.16559,5.88695],[-0.17387,5.87075],[-0.17194,5.86705],[-0.15946,5.86566],[-0.14393,5.85492],[-0.1647,5.83937],[-0.15089,5.83829],[-0.14927,5.83041],[-0.15503,5.81468],[-0.17232,5.81396],[-0.17231,5.80504],[-0.18057,5.79436],[-0.20254,5.7819],[-0.20485,5.76864],[-0.20194,5.76315],[-0.20725,5.75458],[-0.22045,5.74839],[-0.22506,5.74007],[-0.22661,5.75194],[-0.24369,5.7577],[-0.23341,5.78434],[-0.24469,5.78517],[-0.25651,5.77786],[-0.2655,5.80763],[-0.26926,5.80469],[-0.26876,5.82299],[-0.27396,5.83434],[-0.26979,5.85633],[-0.27513,5.85883],[-0.2766,5.87765],[-0.28968,5.87908],[-0.29464,5.8854],[-0.32542,5.87457],[-0.3355,5.87879],[-0.33192,5.88729],[-0.34021,5.89721],[-0.33719,5.90758],[-0.31875,5.91291],[-0.31001,5.93509],[-0.30224,5.94277]]]}},{"type":"Feature","properties":{"display_name":"Akyemansa","region":"Eastern","api_district":"Akyemansa District","match_resolution":"base"},"geometry":{"type":"Polygon","coordinates":[[[-1.11392,6.2286],[-1.09792,6.21788],[-1.10031,6.21545],[-1.06978,6.22312],[-1.06848,6.21487],[-1.07332,6.21034],[-1.06264,6.20283],[-1.03539,6.1963],[-1.01347,6.20766],[-0.99588,6.19648],[-1.01417,6.16405],[-1.03261,6.07924],[-0.97861,6.10523],[-0.96541,6.07394],[-0.95185,6.06153],[-0.9727,6.05923],[-0.98004,6.04508],[-1.00244,6.03322],[-1.00533,6.01695],[-0.99642,6.01676],[-1.02576,5.98499],[-1.04018,5.98458],[-1.04182,5.97622],[-1.03843,5.97175],[-1.04127,5.96834],[-1.06867,5.95224],[-1.07875,5.94087],[-1.0812,5.945],[-1.08354,5.93805],[-1.08693,5.94215],[-1.0933,5.93389],[-1.09852,5.94281],[-1.09434,5.94533],[-1.09585,5.95011],[-1.09245,5.95007],[-1.09896,5.95843],[-1.1043,5.95719],[-1.1036,5.96179],[-1.1081,5.96039],[-1.1042,5.96391],[-1.10668,5.96699],[-1.11315,5.96707],[-1.11283,5.96282],[-1.11692,5.96262],[-1.11334,5.95972],[-1.11776,5.95738],[-1.11556,5.95339],[-1.11988,5.95561],[-1.12184,5.95286],[-1.12655,5.95943],[-1.12696,5.95593],[-1.13348,5.9574],[-1.13734,5.95498],[-1.13583,5.95095],[-1.14797,5.94664],[-1.15644,5.95073],[-1.15053,5.9552],[-1.16444,5.96812],[-1.1737,5.96713],[-1.17893,5.97351],[-1.18399,5.969],[-1.18695,5.97286],[-1.19894,5.97004],[-1.19545,5.97523],[-1.20097,5.9772],[-1.21091,5.96298],[-1.21396,5.96797],[-1.21746,5.96691],[-1.21247,5.97547],[-1.22183,5.9739],[-1.22948,5.98286],[-1.23725,5.97931],[-1.24684,5.99093],[-1.24113,5.99671],[-1.24206,6.01],[-1.23038,6.01341],[-1.2274,6.01868],[-1.23332,6.02824],[-1.22906,6.03369],[-1.23124,6.03873],[-1.20825,6.05269],[-1.21461,6.06779],[-1.20642,6.07159],[-1.2067,6.07743],[-1.19833,6.08253],[-1.2048,6.09096],[-1.20257,6.09375],[-1.19024,6.09209],[-1.18717,6.0975],[-1.1919,6.10219],[-1.19013,6.10973],[-1.1938,6.11323],[-1.20144,6.10973],[-1.20709,6.11291],[-1.1925,6.12312],[-1.19844,6.12549],[-1.20138,6.13362],[-1.19312,6.13528],[-1.19048,6.14393],[-1.18325,6.14359],[-1.18348,6.14943],[-1.17958,6.14794],[-1.18136,6.15682],[-1.17844,6.15747],[-1.18606,6.16765],[-1.18537,6.17034],[-1.18107,6.16673],[-1.18267,6.17263],[-1.17883,6.17252],[-1.17895,6.17994],[-1.18872,6.1841],[-1.19016,6.1926],[-1.18682,6.19369],[-1.19322,6.19601],[-1.19222,6.19922],[-1.18272,6.20552],[-1.17973,6.20083],[-1.16424,6.20645],[-1.16114,6.20084],[-1.15515,6.20435],[-1.15379,6.19849],[-1.15069,6.20156],[-1.1465,6.19838],[-1.13111,6.19982],[-1.12629,6.20779],[-1.12026,6.2094],[-1.12236,6.22654],[-1.11392,6.2286]]]}},{"type":"Feature","properties":{"display_name":"Asene-Manso-Akroso","region":"Eastern","api_district":"Asene-Manso-Akroso District","match_resolution":"base"},"geometry":{"type":"Polygon","coordinates":[[[-0.87798,6.00266],[-0.84659,5.98156],[-0.83285,5.97895],[-0.83015,5.96632],[-0.82111,5.95731],[-0.82049,5.9506],[-0.80897,5.94235],[-0.80976,5.9385],[-0.79423,5.91719],[-0.78176,5.91293],[-0.76625,5.89261],[-0.76176,5.88134],[-0.76362,5.87218],[-0.75648,5.86251],[-0.76208,5.85529],[-0.75674,5.84174],[-0.75915,5.83771],[-0.75403,5.83814],[-0.74932,5.82906],[-0.73958,5.82266],[-0.72551,5.81877],[-0.72038,5.78205],[-0.70647,5.75724],[-0.69456,5.74552],[-0.70037,5.74491],[-0.70272,5.73621],[-0.70078,5.73156],[-0.69269,5.73034],[-0.69677,5.72622],[-0.69514,5.71527],[-0.71199,5.71145],[-0.73189,5.71441],[-0.76487,5.70879],[-0.77854,5.71364],[-0.78376,5.70611],[-0.78933,5.72625],[-0.81401,5.73024],[-0.8123,5.74435],[-0.83003,5.74578],[-0.84398,5.75643],[-0.8802,5.75855],[-0.88078,5.76511],[-0.87436,5.76585],[-0.87329,5.77388],[-0.88083,5.781],[-0.87022,5.79377],[-0.86762,5.80665],[-0.86202,5.80587],[-0.85043,5.84322],[-0.85533,5.85504],[-0.874,5.87148],[-0.87296,5.88664],[-0.87843,5.8951],[-0.91782,5.90574],[-0.92753,5.92342],[-0.9386,5.91439],[-0.94821,5.91418],[-0.94893,5.93169],[-0.94027,5.94812],[-0.95089,5.95511],[-0.94931,5.95875],[-0.94109,5.96],[-0.93958,5.96453],[-0.93039,5.96318],[-0.92854,5.95909],[-0.91901,5.96547],[-0.91773,5.98316],[-0.90677,5.99707],[-0.89054,5.992],[-0.89127,5.99933],[-0.87798,6.00266]]]}},{"type":"Feature","properties":{"display_name":"Asuogyaman","region":"Eastern","api_district":"Asuogyaman District","match_resolution":"base"},"geometry":{"type":"Polygon","coordinates":[[[0.16323,6.57002],[0.18804,6.56818],[0.19455,6.56395],[0.19981,6.54892],[0.17779,6.51145],[0.18209,6.49525],[0.17891,6.48665],[0.18721,6.48256],[0.18919,6.47537],[0.18375,6.46602],[0.18624,6.44029],[0.17799,6.42421],[0.20622,6.40534],[0.2165,6.38443],[0.20496,6.37141],[0.19999,6.37074],[0.20413,6.35654],[0.18828,6.3457],[0.18703,6.33886],[0.17891,6.34066],[0.17809,6.33393],[0.17272,6.332],[0.17419,6.32791],[0.16933,6.32753],[0.16821,6.31347],[0.1763,6.3074],[0.17572,6.30275],[0.15948,6.30022],[0.1361,6.25984],[0.12775,6.25522],[0.11886,6.21895],[0.10451,6.18375],[0.09602,6.17709],[0.09109,6.1604],[0.0979,6.14784],[0.07691,6.14927],[0.06872,6.15206],[0.06696,6.1593],[0.07745,6.17285],[0.07182,6.18577],[0.05133,6.1987],[0.05202,6.20863],[0.06587,6.21131],[0.06737,6.2216],[0.06083,6.22179],[0.04636,6.21355],[0.03037,6.21383],[0.01222,6.19299],[0.00495,6.1946],[0.0035,6.20506],[-0.01138,6.20645],[0.00623,6.22632],[0.00769,6.2483],[0.01781,6.25283],[0.02001,6.26653],[0.02652,6.26801],[0.03871,6.28522],[0.04626,6.28877],[0.04782,6.29764],[0.04701,6.30064],[0.03352,6.29453],[0.027,6.29001],[0.02603,6.28355],[0.01562,6.27749],[0.01112,6.29516],[0.02619,6.30577],[0.03092,6.3165],[0.00873,6.32581],[-0.00171,6.32286],[-0.00692,6.33058],[-0.01709,6.33206],[-0.00433,6.40173],[0.00217,6.53615],[0.12865,6.57554],[0.15181,6.57783],[0.16323,6.57002]]]}},{"type":"Feature","properties":{"display_name":"Atiwa East","region":"Eastern","api_district":"Atiwa East District","match_resolution":"base"},"geometry":{"type":"Polygon","coordinates":[[[-0.59564,6.49668],[-0.59263,6.49063],[-0.5446,6.51255],[-0.49022,6.4501],[-0.46087,6.4238],[-0.46319,6.40836],[-0.47936,6.40141],[-0.49201,6.38885],[-0.49912,6.37167],[-0.49445,6.37114],[-0.49623,6.36598],[-0.49105,6.36905],[-0.48556,6.36262],[-0.49041,6.35526],[-0.49,6.34754],[-0.50794,6.35215],[-0.51988,6.3446],[-0.54135,6.35166],[-0.61575,6.38873],[-0.64719,6.39179],[-0.66179,6.38428],[-0.6781,6.3861],[-0.7009,6.36872],[-0.71739,6.32973],[-0.72559,6.31986],[-0.75067,6.31123],[-0.76647,6.29614],[-0.77138,6.28265],[-0.77755,6.27858],[-0.78343,6.29301],[-0.79417,6.2962],[-0.80596,6.30981],[-0.81116,6.31017],[-0.83001,6.32611],[-0.85301,6.33601],[-0.85909,6.34332],[-0.85588,6.35703],[-0.88156,6.37421],[-0.88369,6.38644],[-0.87499,6.39599],[-0.8843,6.41896],[-0.88669,6.43812],[-0.8824,6.44491],[-0.88534,6.46209],[-0.87675,6.45819],[-0.85773,6.46267],[-0.85849,6.47005],[-0.84636,6.47494],[-0.83485,6.46913],[-0.83154,6.47998],[-0.82242,6.4858],[-0.82358,6.47175],[-0.82925,6.46515],[-0.80308,6.46168],[-0.80118,6.47092],[-0.78187,6.47555],[-0.77479,6.46369],[-0.75016,6.45132],[-0.7421,6.43703],[-0.73516,6.43225],[-0.7324,6.42751],[-0.738,6.40961],[-0.72418,6.39149],[-0.72344,6.37663],[-0.71633,6.36885],[-0.7172,6.38015],[-0.71037,6.38723],[-0.70845,6.40161],[-0.69611,6.41445],[-0.68866,6.43538],[-0.68914,6.45591],[-0.65708,6.47108],[-0.65319,6.4799],[-0.6377,6.48358],[-0.62881,6.49698],[-0.6305,6.50401],[-0.62764,6.50624],[-0.61769,6.50239],[-0.60554,6.47603],[-0.59564,6.49668]]]}},{"type":"Feature","properties":{"display_name":"Atiwa West","region":"Eastern","api_district":"Atiwa West District","match_resolution":"base"},"geometry":{"type":"Polygon","coordinates":[[[-0.51988,6.3446],[-0.53072,6.32943],[-0.53129,6.31724],[-0.53681,6.31464],[-0.53594,6.30941],[-0.52724,6.31117],[-0.5189,6.30267],[-0.52489,6.28483],[-0.52484,6.24129],[-0.53075,6.23224],[-0.52801,6.23078],[-0.54706,6.22067],[-0.53859,6.21334],[-0.542,6.20684],[-0.55051,6.2031],[-0.54975,6.18959],[-0.55524,6.18702],[-0.55688,6.19072],[-0.56416,6.19008],[-0.58497,6.17245],[-0.59104,6.17627],[-0.5983,6.17199],[-0.60736,6.14256],[-0.58799,6.11094],[-0.59598,6.10015],[-0.59202,6.09019],[-0.57521,6.06412],[-0.56701,6.05785],[-0.56944,6.05588],[-0.57473,6.05979],[-0.58416,6.05488],[-0.57434,6.05211],[-0.57194,6.03912],[-0.58022,6.0414],[-0.58172,6.05003],[-0.59437,6.05747],[-0.59653,6.04156],[-0.60144,6.04638],[-0.62029,6.03008],[-0.62972,6.03527],[-0.65975,6.02512],[-0.65861,6.0353],[-0.64969,6.0463],[-0.65354,6.05617],[-0.66209,6.05815],[-0.66376,6.06307],[-0.65881,6.06774],[-0.6683,6.06426],[-0.68053,6.07441],[-0.66982,6.07716],[-0.66803,6.08419],[-0.67256,6.08531],[-0.68045,6.09793],[-0.67375,6.10407],[-0.66932,6.10227],[-0.65812,6.11508],[-0.64668,6.1171],[-0.63892,6.13145],[-0.63895,6.14134],[-0.61742,6.162],[-0.61787,6.16554],[-0.63313,6.17278],[-0.63144,6.17984],[-0.64073,6.18814],[-0.68476,6.19028],[-0.68629,6.20023],[-0.69545,6.20521],[-0.71031,6.20185],[-0.7111,6.21133],[-0.72202,6.22088],[-0.74182,6.22523],[-0.74833,6.22188],[-0.75091,6.23474],[-0.75919,6.23618],[-0.77569,6.2502],[-0.76826,6.2588],[-0.77066,6.27035],[-0.77755,6.27858],[-0.77138,6.28265],[-0.76647,6.29614],[-0.75067,6.31123],[-0.72559,6.31986],[-0.71739,6.32973],[-0.7009,6.36872],[-0.6781,6.3861],[-0.66179,6.38428],[-0.64719,6.39179],[-0.61575,6.38873],[-0.54135,6.35166],[-0.51988,6.3446]]]}},{"type":"Feature","properties":{"display_name":"Ayensuano","region":"Eastern","api_district":"Ayensuano District","match_resolution":"base"},"geometry":{"type":"Polygon","coordinates":[[[-0.6512,6.02786],[-0.62972,6.03527],[-0.62029,6.03008],[-0.60144,6.04638],[-0.59653,6.04156],[-0.59437,6.05747],[-0.58172,6.05003],[-0.58022,6.0414],[-0.57194,6.03912],[-0.57434,6.05211],[-0.58441,6.05386],[-0.5822,6.05731],[-0.57473,6.05979],[-0.56944,6.05588],[-0.56723,6.06216],[-0.55002,6.05787],[-0.54072,6.04905],[-0.54246,6.03682],[-0.53387,6.02205],[-0.50383,6.01116],[-0.50604,6.00783],[-0.49023,5.98937],[-0.48704,5.9723],[-0.47531,5.96393],[-0.46341,5.96502],[-0.46177,5.96891],[-0.45509,5.96833],[-0.44565,5.97479],[-0.44465,5.99705],[-0.43578,6.01933],[-0.42763,6.01173],[-0.42145,6.01236],[-0.42097,6.01954],[-0.4114,6.02007],[-0.4144,6.02792],[-0.39702,6.03194],[-0.39293,6.02905],[-0.39273,6.00727],[-0.38292,5.9965],[-0.37351,6.00165],[-0.36494,5.99571],[-0.36374,5.98239],[-0.35667,5.98334],[-0.33089,5.97326],[-0.32395,5.95505],[-0.30252,5.95387],[-0.28895,5.9583],[-0.31111,5.93355],[-0.31195,5.92356],[-0.31875,5.91291],[-0.33637,5.90844],[-0.34035,5.89829],[-0.36536,5.89657],[-0.38065,5.89101],[-0.36989,5.87165],[-0.39731,5.85228],[-0.39676,5.84862],[-0.40437,5.84607],[-0.41535,5.83279],[-0.42449,5.83801],[-0.43493,5.83241],[-0.43666,5.84065],[-0.44191,5.84493],[-0.46569,5.82973],[-0.46599,5.84585],[-0.4985,5.84821],[-0.50035,5.86418],[-0.51889,5.8669],[-0.53104,5.88447],[-0.55285,5.89074],[-0.55754,5.88795],[-0.572,5.90071],[-0.58674,5.8956],[-0.59419,5.90307],[-0.58717,5.91003],[-0.57714,5.91285],[-0.58296,5.92124],[-0.57843,5.92378],[-0.58076,5.93598],[-0.58374,5.94012],[-0.59149,5.93878],[-0.59824,5.94323],[-0.59589,5.95217],[-0.60342,5.95738],[-0.60486,5.96611],[-0.61494,5.96286],[-0.61821,5.96681],[-0.61803,5.97273],[-0.62606,5.97759],[-0.6304,5.98608],[-0.6238,6.00684],[-0.63599,6.01493],[-0.64927,6.01585],[-0.6512,6.02786]]]}},{"type":"Feature","properties":{"display_name":"Birim Central","region":"Eastern","api_district":"Birim Central Municipal","match_resolution":"base"},"geometry":{"type":"Polygon","coordinates":[[[-0.95781,5.95996],[-0.94027,5.94812],[-0.94835,5.9336],[-0.94969,5.91998],[-0.95587,5.91888],[-0.96121,5.92484],[-0.96978,5.9264],[-0.98299,5.90785],[-0.99122,5.90705],[-1.00691,5.93271],[-1.01302,5.92604],[-1.02252,5.92739],[-1.02746,5.92206],[-1.03301,5.92493],[-1.03146,5.91821],[-1.04095,5.9137],[-1.05119,5.92448],[-1.05724,5.92313],[-1.0642,5.92916],[-1.06795,5.92815],[-1.06772,5.93516],[-1.07737,5.94069],[-1.07261,5.94935],[-1.03915,5.9706],[-1.04018,5.98458],[-1.02576,5.98499],[-0.99642,6.01676],[-1.00533,6.01695],[-1.00244,6.03322],[-0.98782,6.03846],[-0.97957,6.0474],[-0.96182,6.01056],[-0.97035,6.00395],[-0.96646,6.0002],[-0.97344,5.99171],[-0.96618,5.9587],[-0.95781,5.95996]]]}},{"type":"Feature","properties":{"display_name":"Birim North","region":"Eastern","api_district":"Birim North District","match_resolution":"base"},"geometry":{"type":"Polygon","coordinates":[[[-0.96618,6.53996],[-0.95489,6.52562],[-0.93915,6.53059],[-0.92652,6.51908],[-0.91706,6.51783],[-0.91271,6.50947],[-0.91367,6.48951],[-0.88841,6.51069],[-0.89255,6.5186],[-0.89049,6.52638],[-0.85302,6.53175],[-0.8458,6.5367],[-0.84034,6.53508],[-0.83479,6.52738],[-0.84201,6.52115],[-0.83586,6.51526],[-0.8377,6.50686],[-0.83258,6.50705],[-0.8201,6.48999],[-0.82034,6.47955],[-0.82316,6.47788],[-0.82242,6.4858],[-0.8289,6.48275],[-0.83485,6.46913],[-0.84636,6.47494],[-0.85849,6.47005],[-0.85773,6.46267],[-0.87675,6.45819],[-0.88534,6.46209],[-0.8824,6.44491],[-0.88669,6.43812],[-0.8843,6.41896],[-0.87499,6.39599],[-0.88369,6.38644],[-0.88102,6.37302],[-0.88921,6.38221],[-0.90952,6.37001],[-0.91038,6.3759],[-0.92659,6.36849],[-0.92093,6.39374],[-0.93726,6.38558],[-0.94862,6.3921],[-0.94783,6.37504],[-0.96008,6.35134],[-0.96166,6.33991],[-0.98594,6.33654],[-0.97349,6.33096],[-0.9623,6.31446],[-0.96331,6.28398],[-0.97181,6.27859],[-0.97843,6.26745],[-0.98784,6.26607],[-0.99952,6.27214],[-1.00623,6.26883],[-1.02075,6.25146],[-0.99096,6.22051],[-0.99048,6.20443],[-0.99588,6.19648],[-1.01347,6.20766],[-1.03539,6.1963],[-1.06264,6.20283],[-1.07332,6.21034],[-1.06848,6.21487],[-1.0703,6.22325],[-1.10031,6.21545],[-1.09792,6.21788],[-1.10837,6.22682],[-1.12186,6.22797],[-1.12548,6.23272],[-1.1214,6.23708],[-1.12536,6.24393],[-1.12355,6.2539],[-1.11632,6.26871],[-1.12799,6.27126],[-1.13145,6.28027],[-1.12691,6.28621],[-1.13865,6.29496],[-1.13711,6.29944],[-1.12777,6.30196],[-1.13232,6.31459],[-1.12553,6.31982],[-1.1122,6.32059],[-1.11993,6.32714],[-1.11052,6.34325],[-1.11425,6.35281],[-1.10507,6.35767],[-1.10276,6.36441],[-1.06832,6.38333],[-1.06894,6.38803],[-1.05614,6.39727],[-1.04185,6.40047],[-1.03812,6.40364],[-1.04104,6.40782],[-1.03562,6.41302],[-1.03115,6.40837],[-1.02361,6.40829],[-1.01982,6.40891],[-1.0198,6.41344],[-1.0103,6.41496],[-1.01639,6.42053],[-1.01292,6.42596],[-1.018,6.43607],[-1.00573,6.44278],[-1.00869,6.44872],[-1.00502,6.45302],[-1.00854,6.45432],[-1.01225,6.4683],[-1.00593,6.47169],[-1.00473,6.4903],[-1.00061,6.50008],[-0.99316,6.50396],[-0.98922,6.51616],[-0.98145,6.52092],[-0.97735,6.51864],[-0.97201,6.52649],[-0.97262,6.53497],[-0.96618,6.53996]]]}},{"type":"Feature","properties":{"display_name":"Birim South","region":"Eastern","api_district":"Birim South District","match_resolution":"base"},"geometry":{"type":"Polygon","coordinates":[[[-1.20614,5.97344],[-1.19545,5.97523],[-1.19894,5.97004],[-1.18695,5.97286],[-1.18399,5.969],[-1.17893,5.97351],[-1.1737,5.96713],[-1.16426,5.96802],[-1.15053,5.9552],[-1.15644,5.95073],[-1.14767,5.9466],[-1.13583,5.95095],[-1.13734,5.95498],[-1.13348,5.9574],[-1.12696,5.95593],[-1.12655,5.95943],[-1.12184,5.95286],[-1.11988,5.95561],[-1.11556,5.95339],[-1.11776,5.95738],[-1.11334,5.95972],[-1.1171,5.96013],[-1.11692,5.96262],[-1.11283,5.96282],[-1.11315,5.96707],[-1.10668,5.96699],[-1.1042,5.96391],[-1.1081,5.96039],[-1.1036,5.96179],[-1.1043,5.95719],[-1.09896,5.95843],[-1.09245,5.95007],[-1.09585,5.95011],[-1.09434,5.94533],[-1.09849,5.94337],[-1.09448,5.93424],[-1.08724,5.93779],[-1.08665,5.94226],[-1.08303,5.93843],[-1.0808,5.94501],[-1.06772,5.93516],[-1.06795,5.92815],[-1.0642,5.92916],[-1.05724,5.92313],[-1.05119,5.92448],[-1.0412,5.91374],[-1.03146,5.91821],[-1.03301,5.92493],[-1.02746,5.92206],[-1.02252,5.92739],[-1.01302,5.92604],[-1.00691,5.93271],[-0.99122,5.90705],[-0.98299,5.90785],[-0.96978,5.9264],[-0.96121,5.92484],[-0.95587,5.91888],[-0.94981,5.92009],[-0.94821,5.91418],[-0.9386,5.91439],[-0.92753,5.92342],[-0.91782,5.90574],[-0.88359,5.89839],[-0.87239,5.88306],[-0.87408,5.87821],[-0.90046,5.87544],[-0.91236,5.88655],[-0.92102,5.88569],[-0.94227,5.87201],[-0.9504,5.855],[-0.98269,5.84226],[-0.99282,5.84798],[-1.02895,5.84661],[-1.12813,5.83439],[-1.16078,5.82395],[-1.16512,5.82664],[-1.16918,5.8397],[-1.16866,5.84576],[-1.15956,5.85172],[-1.16118,5.86091],[-1.16901,5.86563],[-1.16236,5.88922],[-1.16892,5.90973],[-1.17758,5.90853],[-1.19331,5.91777],[-1.19844,5.91661],[-1.22465,5.93547],[-1.21884,5.94236],[-1.2247,5.94586],[-1.22082,5.95563],[-1.22439,5.95767],[-1.21869,5.96357],[-1.22183,5.9739],[-1.21247,5.97547],[-1.21746,5.96691],[-1.21438,5.9682],[-1.2103,5.96294],[-1.20614,5.97344]]]}},{"type":"Feature","properties":{"display_name":"Denkyembour","region":"Eastern","api_district":"Denkyembour District","match_resolution":"base"},"geometry":{"type":"Polygon","coordinates":[[[-0.81595,5.94928],[-0.82049,5.9506],[-0.82111,5.95731],[-0.83,5.96599],[-0.83285,5.97895],[-0.84659,5.98156],[-0.85885,5.99145],[-0.86982,5.99365],[-0.87752,6.00264],[-0.89148,5.99917],[-0.89054,5.992],[-0.90677,5.99707],[-0.91773,5.98316],[-0.91861,5.96594],[-0.92811,5.95929],[-0.93039,5.96318],[-0.93958,5.96453],[-0.94109,5.96],[-0.94973,5.95827],[-0.94971,5.9525],[-0.95781,5.95996],[-0.9661,5.95845],[-0.97344,5.99171],[-0.96646,6.0002],[-0.97035,6.00395],[-0.96182,6.01056],[-0.97957,6.0474],[-0.9727,6.05923],[-0.95185,6.06153],[-0.96541,6.07394],[-0.97518,6.09681],[-0.9471,6.11111],[-0.94463,6.13353],[-0.92817,6.16487],[-0.90056,6.14372],[-0.89009,6.1457],[-0.88204,6.15759],[-0.87678,6.15848],[-0.87483,6.14895],[-0.84986,6.11951],[-0.85145,6.1046],[-0.84567,6.08438],[-0.83754,6.08304],[-0.82837,6.07438],[-0.82028,6.07664],[-0.81996,6.0849],[-0.81199,6.09177],[-0.78797,6.10018],[-0.75535,6.10458],[-0.74017,6.0931],[-0.7188,6.1095],[-0.70683,6.10759],[-0.69013,6.11487],[-0.67231,6.10789],[-0.67038,6.10234],[-0.67375,6.10407],[-0.68045,6.09793],[-0.67256,6.08531],[-0.66803,6.08419],[-0.66982,6.07716],[-0.68053,6.07441],[-0.6683,6.06426],[-0.65881,6.06774],[-0.66376,6.06307],[-0.66209,6.05815],[-0.65354,6.05617],[-0.64969,6.0463],[-0.65491,6.03928],[-0.67126,6.02976],[-0.69019,6.05],[-0.71472,6.04929],[-0.72384,6.04092],[-0.71786,6.03807],[-0.72068,6.02884],[-0.72896,6.02953],[-0.73748,6.01393],[-0.74255,6.01673],[-0.76994,6.00474],[-0.78112,6.01028],[-0.78704,6.00827],[-0.78912,5.99973],[-0.79555,6.0007],[-0.79665,5.98161],[-0.80246,5.97836],[-0.79679,5.97467],[-0.79783,5.96843],[-0.81595,5.94928]]]}},{"type":"Feature","properties":{"display_name":"Fanteakwa North","region":"Eastern","api_district":"Fanteakwa North District","match_resolution":"base"},"geometry":{"type":"Polygon","coordinates":[[[-0.54401,6.51199],[-0.46841,6.5193],[-0.46225,6.52424],[-0.45974,6.52883],[-0.46253,6.53668],[-0.47359,6.54356],[-0.47584,6.55359],[-0.48054,6.55706],[-0.47973,6.56031],[-0.4725,6.55998],[-0.47361,6.56341],[-0.485,6.56592],[-0.48313,6.5731],[-0.48877,6.58065],[-0.49398,6.57991],[-0.49794,6.58974],[-0.49271,6.59413],[-0.50049,6.59684],[-0.49812,6.60552],[-0.48834,6.60421],[-0.47425,6.61871],[-0.47098,6.61601],[-0.46768,6.62166],[-0.45835,6.62332],[-0.45675,6.63162],[-0.44947,6.63321],[-0.44776,6.6376],[-0.42295,6.64143],[-0.41431,6.62474],[-0.39303,6.61796],[-0.38993,6.61266],[-0.36667,6.61098],[-0.3507,6.60215],[-0.33418,6.59848],[-0.33198,6.61819],[-0.33721,6.62628],[-0.33447,6.66744],[-0.2552,6.66679],[-0.21952,6.60105],[-0.17766,6.55767],[-0.18759,6.53622],[-0.19843,6.5308],[-0.20784,6.51536],[-0.20819,6.50938],[-0.19385,6.49436],[-0.19683,6.48473],[-0.20481,6.47663],[-0.22397,6.47883],[-0.23045,6.47456],[-0.23086,6.46453],[-0.23625,6.46384],[-0.24059,6.45669],[-0.24558,6.46138],[-0.25707,6.4575],[-0.27225,6.43642],[-0.2891,6.43471],[-0.29381,6.42613],[-0.30743,6.42656],[-0.31937,6.40583],[-0.3506,6.39738],[-0.35066,6.38734],[-0.34105,6.37258],[-0.32569,6.36354],[-0.32215,6.35348],[-0.33117,6.34241],[-0.34446,6.33817],[-0.35203,6.32996],[-0.39821,6.34167],[-0.45609,6.38034],[-0.48766,6.39106],[-0.47936,6.40141],[-0.46319,6.40836],[-0.4608,6.42368],[-0.49022,6.4501],[-0.54401,6.51199]]]}},{"type":"Feature","properties":{"display_name":"Fanteakwa South","region":"Eastern","api_district":"Fanteakwa South District","match_resolution":"base"},"geometry":{"type":"Polygon","coordinates":[[[-0.20481,6.47663],[-0.20865,6.4682],[-0.21688,6.46651],[-0.21769,6.46149],[-0.23515,6.45322],[-0.23772,6.44917],[-0.23441,6.44112],[-0.24245,6.44106],[-0.24604,6.41708],[-0.26114,6.41074],[-0.27387,6.38135],[-0.28217,6.37227],[-0.29402,6.36728],[-0.29882,6.35455],[-0.30648,6.34854],[-0.30947,6.34183],[-0.30704,6.32563],[-0.28844,6.31313],[-0.29685,6.29747],[-0.30609,6.30376],[-0.32097,6.29572],[-0.32983,6.29782],[-0.33975,6.28633],[-0.36096,6.28605],[-0.37669,6.28],[-0.38798,6.28397],[-0.39704,6.27438],[-0.40553,6.27853],[-0.41646,6.29167],[-0.44548,6.28767],[-0.45846,6.29084],[-0.45901,6.29915],[-0.46802,6.29875],[-0.47716,6.2772],[-0.48873,6.2721],[-0.4847,6.28778],[-0.49381,6.27554],[-0.50056,6.27588],[-0.50673,6.26889],[-0.52426,6.26373],[-0.52489,6.28483],[-0.5189,6.30267],[-0.52724,6.31117],[-0.53594,6.30941],[-0.53681,6.31464],[-0.53129,6.31724],[-0.53072,6.32943],[-0.52029,6.34434],[-0.50794,6.35215],[-0.4941,6.34648],[-0.48933,6.34803],[-0.49041,6.35526],[-0.48556,6.36262],[-0.49105,6.36905],[-0.49623,6.36598],[-0.49445,6.37114],[-0.49912,6.37167],[-0.49201,6.38885],[-0.48766,6.39106],[-0.45609,6.38034],[-0.39821,6.34167],[-0.35203,6.32996],[-0.34446,6.33817],[-0.33117,6.34241],[-0.32215,6.35348],[-0.32569,6.36354],[-0.34105,6.37258],[-0.35066,6.38734],[-0.3506,6.39738],[-0.31937,6.40583],[-0.30743,6.42656],[-0.29381,6.42613],[-0.2891,6.43471],[-0.27225,6.43642],[-0.25707,6.4575],[-0.24558,6.46138],[-0.24059,6.45669],[-0.23625,6.46384],[-0.23086,6.46453],[-0.23045,6.47456],[-0.22397,6.47883],[-0.20481,6.47663]]]}},{"type":"Feature","properties":{"display_name":"Kwaebibirem","region":"Eastern","api_district":"Asene-Manso-Akroso District","match_resolution":"nearest"},"geometry":{"type":"Polygon","coordinates":[[[-0.78343,6.29301],[-0.77066,6.27035],[-0.76826,6.2588],[-0.77569,6.2502],[-0.75919,6.23618],[-0.75091,6.23474],[-0.74833,6.22188],[-0.74182,6.22523],[-0.72202,6.22088],[-0.7111,6.21133],[-0.71031,6.20185],[-0.69545,6.20521],[-0.68629,6.20023],[-0.68476,6.19028],[-0.64073,6.18814],[-0.63144,6.17984],[-0.63313,6.17278],[-0.61787,6.16554],[-0.61742,6.162],[-0.63895,6.14134],[-0.63892,6.13145],[-0.64668,6.1171],[-0.65812,6.11508],[-0.66932,6.10227],[-0.68148,6.11413],[-0.6942,6.11471],[-0.7076,6.10747],[-0.72056,6.10906],[-0.74017,6.0931],[-0.75535,6.10458],[-0.78797,6.10018],[-0.81199,6.09177],[-0.81996,6.0849],[-0.82028,6.07664],[-0.82837,6.07438],[-0.83754,6.08304],[-0.84567,6.08438],[-0.85145,6.1046],[-0.84986,6.11951],[-0.87483,6.14895],[-0.87678,6.15848],[-0.88204,6.15759],[-0.89009,6.1457],[-0.90056,6.14372],[-0.92817,6.16487],[-0.94463,6.13353],[-0.9471,6.11111],[-0.97518,6.09681],[-0.97861,6.10523],[-1.03261,6.07924],[-1.01417,6.16405],[-0.98971,6.21128],[-0.99279,6.22354],[-1.02075,6.25146],[-1.00623,6.26883],[-0.99952,6.27214],[-0.98784,6.26607],[-0.97843,6.26745],[-0.96854,6.28215],[-0.9646,6.2813],[-0.9623,6.31446],[-0.97349,6.33096],[-0.98594,6.33654],[-0.96166,6.33991],[-0.96008,6.35134],[-0.94783,6.37504],[-0.94862,6.3921],[-0.93726,6.38558],[-0.92093,6.39374],[-0.92659,6.36849],[-0.91038,6.3759],[-0.90952,6.37001],[-0.88921,6.38221],[-0.87755,6.36863],[-0.85588,6.35703],[-0.85909,6.34332],[-0.85301,6.33601],[-0.83001,6.32611],[-0.81116,6.31017],[-0.80596,6.30981],[-0.79417,6.2962],[-0.78343,6.29301]]]}},{"type":"Feature","properties":{"display_name":"Kwahu Afram Plains North","region":"Eastern","api_district":"Kwahu Afram Plains North District","match_resolution":"base"},"geometry":{"type":"Polygon","coordinates":[[[-0.14235,7.19537],[-0.10712,7.19506],[-0.09773,7.18487],[-0.08486,7.17924],[-0.06154,7.18809],[-0.05269,7.1964],[-0.02749,7.19131],[0.00441,7.19399],[0.01111,7.18621],[0.0213,7.183],[0.02907,7.18541],[0.05052,7.17201],[0.06741,7.17361],[0.08108,7.18166],[0.09789,7.17767],[0.12325,7.18383],[0.18235,7.17969],[0.23524,7.16706],[0.24251,7.14858],[0.24264,7.12704],[0.22449,7.09935],[0.20288,7.08056],[0.19669,7.0675],[0.19971,7.05159],[0.22135,7.00788],[0.22743,6.97397],[0.20618,6.94249],[0.14782,6.92149],[0.13548,6.90998],[0.12293,6.88943],[0.1198,6.8704],[0.12416,6.84332],[0.13316,6.82908],[0.14487,6.81847],[0.15852,6.81613],[0.19251,6.78932],[0.20018,6.77873],[0.2082,6.75756],[0.20366,6.70329],[0.19903,6.69696],[0.1692,6.68972],[0.12318,6.66598],[0.11037,6.61659],[0.10444,6.56692],[0.00217,6.53615],[-0.01872,6.53925],[-0.06112,6.53339],[-0.09578,6.54265],[-0.09459,6.6297],[-0.0897,6.64048],[-0.09782,6.64737],[-0.09102,6.65857],[-0.09752,6.66709],[-0.08641,6.69046],[-0.09354,6.69925],[-0.11209,6.6984],[-0.08877,6.75432],[-0.08748,6.77293],[-0.07957,6.78302],[-0.07116,6.78678],[-0.10545,6.80591],[-0.10169,6.81434],[-0.12088,6.83306],[-0.13017,6.83593],[-0.13559,6.84712],[-0.16212,6.86094],[-0.16664,6.87481],[-0.16416,6.90401],[-0.15232,6.9122],[-0.1432,6.94324],[-0.1229,6.96443],[-0.11384,6.94938],[-0.10694,6.95896],[-0.10407,6.97521],[-0.12454,6.98572],[-0.12713,6.99723],[-0.12294,7.00146],[-0.12351,7.00868],[-0.11631,7.01507],[-0.12805,7.02533],[-0.136,7.02722],[-0.14127,7.03558],[-0.13387,7.0408],[-0.13393,7.04594],[-0.14697,7.0513],[-0.15244,7.05778],[-0.15071,7.07337],[-0.15712,7.09525],[-0.14759,7.10588],[-0.14954,7.11502],[-0.16064,7.12631],[-0.16934,7.14327],[-0.16943,7.15825],[-0.16361,7.16747],[-0.16586,7.18719],[-0.16158,7.19425],[-0.14864,7.1999],[-0.14235,7.19537]]]}},{"type":"Feature","properties":{"display_name":"Kwahu Afram Plains South","region":"Eastern","api_district":"Kwahu Afram Plains South District","match_resolution":"base"},"geometry":{"type":"Polygon","coordinates":[[[-0.2208,7.21279],[-0.21553,7.19965],[-0.18119,7.20376],[-0.18003,7.19781],[-0.16461,7.20008],[-0.15947,7.19611],[-0.16586,7.18719],[-0.16361,7.16747],[-0.16943,7.15825],[-0.16934,7.14327],[-0.16064,7.12631],[-0.14954,7.11502],[-0.14759,7.10588],[-0.15712,7.09525],[-0.15071,7.07337],[-0.1529,7.05895],[-0.15027,7.05341],[-0.13393,7.04594],[-0.13387,7.0408],[-0.14127,7.03558],[-0.136,7.02722],[-0.12805,7.02533],[-0.11631,7.01507],[-0.12351,7.00868],[-0.12294,7.00146],[-0.12713,6.99723],[-0.12454,6.98572],[-0.10407,6.97521],[-0.10694,6.95896],[-0.11384,6.94938],[-0.1229,6.96443],[-0.1432,6.94324],[-0.15232,6.9122],[-0.16416,6.90401],[-0.16664,6.87481],[-0.16212,6.86094],[-0.13559,6.84712],[-0.13017,6.83593],[-0.12088,6.83306],[-0.10169,6.81434],[-0.10545,6.80591],[-0.07116,6.78678],[-0.07957,6.78302],[-0.08748,6.77293],[-0.08877,6.75432],[-0.11209,6.6984],[-0.09354,6.69925],[-0.08641,6.69046],[-0.09752,6.66709],[-0.09102,6.65857],[-0.09782,6.64737],[-0.0897,6.64048],[-0.09459,6.6297],[-0.09578,6.54265],[-0.12289,6.54367],[-0.17766,6.55767],[-0.21952,6.60105],[-0.2552,6.66679],[-0.36396,6.66804],[-0.40981,6.70128],[-0.46584,6.72032],[-0.51731,6.73131],[-0.55887,6.76321],[-0.60551,6.75758],[-0.6142,6.75993],[-0.63405,6.74035],[-0.64307,6.73697],[-0.64348,6.73256],[-0.65055,6.73434],[-0.6494,6.73669],[-0.65679,6.73996],[-0.65073,6.74124],[-0.6525,6.74365],[-0.64336,6.75618],[-0.6534,6.75412],[-0.65123,6.7634],[-0.65508,6.76611],[-0.65486,6.7727],[-0.66077,6.77579],[-0.65237,6.78644],[-0.64332,6.78749],[-0.64156,6.79498],[-0.65643,6.79318],[-0.65992,6.79628],[-0.67127,6.78693],[-0.67168,6.79652],[-0.69787,6.77729],[-0.6975,6.78646],[-0.68501,6.7945],[-0.69088,6.79382],[-0.6904,6.79649],[-0.66501,6.822],[-0.68303,6.82211],[-0.69606,6.80974],[-0.72016,6.79896],[-0.70229,6.82028],[-0.71831,6.82026],[-0.72201,6.82479],[-0.72677,6.82184],[-0.73265,6.82706],[-0.74397,6.82196],[-0.74671,6.83616],[-0.73124,6.84202],[-0.73706,6.84485],[-0.74534,6.84233],[-0.74855,6.85784],[-0.74483,6.86724],[-0.75543,6.86693],[-0.75716,6.92535],[-0.75324,6.93807],[-0.74195,6.94888],[-0.72277,6.9523],[-0.69341,6.93942],[-0.65228,6.92948],[-0.65868,6.94178],[-0.65755,6.94719],[-0.63697,6.95301],[-0.60084,6.94815],[-0.5853,6.95087],[-0.57412,6.96326],[-0.57422,6.97861],[-0.56656,6.99794],[-0.56472,7.01869],[-0.57986,7.03775],[-0.59101,7.04448],[-0.63539,7.17389],[-0.61932,7.16666],[-0.60955,7.1536],[-0.58283,7.15055],[-0.56123,7.13746],[-0.54183,7.13898],[-0.49467,7.12479],[-0.46139,7.12835],[-0.44163,7.12218],[-0.42632,7.12525],[-0.4203,7.11953],[-0.3878,7.11788],[-0.32176,7.14409],[-0.30026,7.17203],[-0.3064,7.17821],[-0.28809,7.18413],[-0.28716,7.19469],[-0.27909,7.19024],[-0.26737,7.19368],[-0.26015,7.18951],[-0.25748,7.19521],[-0.25053,7.19231],[-0.24849,7.19738],[-0.2208,7.21279]]]}},{"type":"Feature","properties":{"display_name":"Kwahu East","region":"Eastern","api_district":"Kwahu West Municipal","match_resolution":"nearest"},"geometry":{"type":"Polygon","coordinates":[[[-0.74683,6.86923],[-0.74767,6.84535],[-0.74363,6.84141],[-0.73706,6.84485],[-0.73124,6.84202],[-0.74671,6.83616],[-0.74397,6.82196],[-0.73265,6.82706],[-0.72677,6.82184],[-0.72201,6.82479],[-0.71831,6.82026],[-0.70229,6.82028],[-0.72016,6.79896],[-0.69606,6.80974],[-0.68303,6.82211],[-0.66501,6.822],[-0.6904,6.79649],[-0.69088,6.79382],[-0.68501,6.7945],[-0.6975,6.78646],[-0.69787,6.77729],[-0.67168,6.79652],[-0.67127,6.78693],[-0.65932,6.79642],[-0.65643,6.79318],[-0.6435,6.79702],[-0.64066,6.79252],[-0.64398,6.78697],[-0.65237,6.78644],[-0.66077,6.77579],[-0.65486,6.7727],[-0.65508,6.76611],[-0.65123,6.7634],[-0.6534,6.75412],[-0.64432,6.75706],[-0.6444,6.75156],[-0.6525,6.74365],[-0.65103,6.74097],[-0.65659,6.7405],[-0.65528,6.73743],[-0.67032,6.73872],[-0.67069,6.7273],[-0.67731,6.72011],[-0.68383,6.70123],[-0.69366,6.69268],[-0.70297,6.66388],[-0.71059,6.658],[-0.72808,6.62333],[-0.74174,6.61193],[-0.75658,6.61962],[-0.76127,6.63384],[-0.77726,6.61735],[-0.79464,6.61598],[-0.80014,6.62429],[-0.82042,6.61817],[-0.82539,6.61191],[-0.82278,6.59081],[-0.83082,6.59713],[-0.8602,6.60339],[-0.90336,6.59795],[-0.91559,6.60077],[-0.91007,6.61037],[-0.91868,6.62228],[-0.9236,6.64085],[-0.93503,6.63616],[-0.9381,6.64108],[-0.94546,6.63906],[-0.94509,6.62702],[-0.96974,6.61255],[-0.97609,6.61406],[-0.97751,6.63854],[-0.97249,6.6445],[-0.97715,6.65506],[-0.97389,6.68108],[-0.96061,6.69139],[-0.95039,6.70743],[-0.9469,6.72483],[-0.95021,6.7352],[-0.95655,6.73962],[-0.96456,6.7414],[-0.9742,6.73739],[-0.98595,6.74324],[-0.98264,6.74842],[-0.97295,6.75049],[-0.96091,6.74617],[-0.95648,6.75392],[-0.9325,6.75625],[-0.9152,6.76811],[-0.91489,6.7768],[-0.90825,6.7771],[-0.90122,6.78832],[-0.88272,6.77843],[-0.86538,6.78242],[-0.85275,6.77792],[-0.84344,6.77977],[-0.83367,6.7934],[-0.82336,6.78993],[-0.79278,6.78983],[-0.78692,6.79384],[-0.78734,6.79894],[-0.76701,6.83585],[-0.75722,6.84484],[-0.75645,6.86573],[-0.74683,6.86923]]]}},{"type":"Feature","properties":{"display_name":"Kwahu South","region":"Eastern","api_district":"Kwahu South District","match_resolution":"base"},"geometry":{"type":"Polygon","coordinates":[[[-0.33447,6.66744],[-0.33721,6.62628],[-0.33198,6.61819],[-0.33418,6.59848],[-0.3507,6.60215],[-0.36667,6.61098],[-0.38993,6.61266],[-0.39303,6.61796],[-0.41431,6.62474],[-0.42295,6.64143],[-0.44776,6.6376],[-0.44947,6.63321],[-0.45675,6.63162],[-0.45835,6.62332],[-0.46768,6.62166],[-0.47098,6.61601],[-0.47425,6.61871],[-0.48834,6.60421],[-0.49812,6.60552],[-0.50049,6.59684],[-0.49271,6.59413],[-0.49794,6.58974],[-0.49398,6.57991],[-0.48877,6.58065],[-0.48313,6.5731],[-0.485,6.56592],[-0.47361,6.56341],[-0.4725,6.55998],[-0.47973,6.56031],[-0.48054,6.55706],[-0.47584,6.55359],[-0.47359,6.54356],[-0.46253,6.53668],[-0.45974,6.52883],[-0.46225,6.52424],[-0.46841,6.5193],[-0.5446,6.51255],[-0.59263,6.49063],[-0.59564,6.49668],[-0.59296,6.50596],[-0.60142,6.51353],[-0.62382,6.51065],[-0.64057,6.51486],[-0.64893,6.54263],[-0.6639,6.56013],[-0.72819,6.56986],[-0.74581,6.55705],[-0.76976,6.56659],[-0.78246,6.58406],[-0.79565,6.58111],[-0.80221,6.58348],[-0.8141,6.60735],[-0.82257,6.61373],[-0.82042,6.61817],[-0.80014,6.62429],[-0.79464,6.61598],[-0.77726,6.61735],[-0.76127,6.63384],[-0.75658,6.61962],[-0.73981,6.61163],[-0.72808,6.62333],[-0.71059,6.658],[-0.70297,6.66388],[-0.69366,6.69268],[-0.68383,6.70123],[-0.67731,6.72011],[-0.67051,6.72769],[-0.67032,6.73872],[-0.65058,6.73704],[-0.64371,6.73242],[-0.64307,6.73697],[-0.63405,6.74035],[-0.6142,6.75993],[-0.60551,6.75758],[-0.55887,6.76321],[-0.51731,6.73131],[-0.46584,6.72032],[-0.40981,6.70128],[-0.36396,6.66804],[-0.33447,6.66744]]]}},{"type":"Feature","properties":{"display_name":"Kwahu West","region":"Eastern","api_district":"Kwahu West Municipal","match_resolution":"base"},"geometry":{"type":"Polygon","coordinates":[[[-0.82539,6.61191],[-0.81323,6.60601],[-0.80268,6.58387],[-0.79565,6.58111],[-0.78246,6.58406],[-0.76976,6.56659],[-0.74581,6.55705],[-0.72819,6.56986],[-0.6639,6.56013],[-0.64893,6.54263],[-0.64057,6.51486],[-0.62382,6.51065],[-0.60142,6.51353],[-0.59296,6.50596],[-0.59303,6.4992],[-0.60101,6.49059],[-0.60068,6.4815],[-0.60554,6.47603],[-0.61769,6.50239],[-0.62724,6.50634],[-0.6377,6.48358],[-0.65319,6.4799],[-0.65708,6.47108],[-0.68914,6.45591],[-0.68866,6.43538],[-0.69611,6.41445],[-0.70845,6.40161],[-0.71037,6.38723],[-0.7172,6.38015],[-0.71633,6.36885],[-0.72344,6.37663],[-0.72418,6.39149],[-0.738,6.40961],[-0.7324,6.42751],[-0.75016,6.45132],[-0.77479,6.46369],[-0.78296,6.47593],[-0.80128,6.47085],[-0.80308,6.46168],[-0.82925,6.46515],[-0.81905,6.4866],[-0.83131,6.50576],[-0.8377,6.50686],[-0.83586,6.51526],[-0.84201,6.52115],[-0.83479,6.52738],[-0.84002,6.53487],[-0.8458,6.5367],[-0.85302,6.53175],[-0.89049,6.52638],[-0.89255,6.5186],[-0.88841,6.51069],[-0.91367,6.48951],[-0.91271,6.50947],[-0.91706,6.51783],[-0.92652,6.51908],[-0.93915,6.53059],[-0.95489,6.52562],[-0.96618,6.53996],[-0.95654,6.55938],[-0.95035,6.56554],[-0.944,6.56444],[-0.94175,6.57063],[-0.93388,6.57494],[-0.93329,6.5821],[-0.92645,6.58791],[-0.91904,6.58784],[-0.91145,6.59891],[-0.8602,6.60339],[-0.83082,6.59713],[-0.82278,6.59081],[-0.82539,6.61191]]]}},{"type":"Feature","properties":{"display_name":"Lower Manya-Krobo","region":"Eastern","api_district":"Lower Manya Krobo Municipal","match_resolution":"base"},"geometry":{"type":"Polygon","coordinates":[[[-0.00178,6.32309],[0.00873,6.32581],[0.03092,6.3165],[0.02619,6.30577],[0.01112,6.29516],[0.01562,6.27749],[0.02603,6.28355],[0.027,6.29001],[0.03352,6.29453],[0.04701,6.30064],[0.04782,6.29764],[0.04626,6.28877],[0.03871,6.28522],[0.02652,6.26801],[0.02001,6.26653],[0.01781,6.25283],[0.00769,6.2483],[0.00623,6.22632],[-0.01138,6.20645],[0.0035,6.20506],[0.00495,6.1946],[0.01222,6.19299],[0.03037,6.21383],[0.04636,6.21355],[0.06083,6.22179],[0.06737,6.2216],[0.06587,6.21131],[0.05202,6.20863],[0.05133,6.1987],[0.07066,6.18764],[0.07745,6.17322],[0.06773,6.16337],[0.06872,6.15206],[0.0979,6.14784],[0.10512,6.14016],[0.1189,6.13726],[0.12233,6.12754],[0.1399,6.11092],[0.14679,6.10913],[0.14364,6.10088],[0.12627,6.09526],[0.09495,6.09391],[0.09259,6.10322],[0.08931,6.10323],[0.08585,6.09347],[0.07327,6.09302],[0.04232,6.09386],[0.03649,6.1025],[0.03083,6.09733],[0.01439,6.09974],[0.00214,6.10289],[0.00258,6.11276],[-0.00605,6.11537],[-0.00946,6.12304],[-0.02616,6.12683],[-0.03059,6.12358],[-0.04145,6.13771],[-0.03719,6.14263],[-0.04479,6.14942],[-0.04419,6.15904],[-0.05208,6.15682],[-0.05658,6.1462],[-0.06556,6.14313],[-0.06991,6.1461],[-0.06585,6.15442],[-0.075,6.15751],[-0.09003,6.18132],[-0.08451,6.20058],[-0.07085,6.21901],[-0.08038,6.21744],[-0.08592,6.22329],[-0.08185,6.23382],[-0.08525,6.2343],[-0.05864,6.25279],[-0.04283,6.27853],[-0.02906,6.31873],[-0.01709,6.33206],[-0.00692,6.33058],[-0.00178,6.32309]]]}},{"type":"Feature","properties":{"display_name":"New Juaben North","region":"Eastern","api_district":"New Juaben North Municipal","match_resolution":"base"},"geometry":{"type":"Polygon","coordinates":[[[-0.31203,6.20946],[-0.28491,6.18283],[-0.27751,6.17042],[-0.26283,6.16804],[-0.26872,6.16215],[-0.26539,6.14765],[-0.25024,6.13519],[-0.24655,6.12751],[-0.26711,6.10012],[-0.2841,6.10036],[-0.29095,6.0907],[-0.29639,6.0936],[-0.30984,6.08114],[-0.31355,6.08174],[-0.3163,6.09326],[-0.32159,6.09429],[-0.32095,6.09976],[-0.33336,6.10222],[-0.33248,6.10734],[-0.3481,6.11231],[-0.34796,6.1166],[-0.35011,6.11125],[-0.36499,6.1177],[-0.36361,6.12432],[-0.3695,6.1303],[-0.37308,6.14282],[-0.37018,6.15395],[-0.35634,6.16766],[-0.34702,6.16042],[-0.34339,6.17507],[-0.32876,6.17181],[-0.32087,6.17513],[-0.32218,6.17875],[-0.31781,6.18029],[-0.32325,6.19947],[-0.31203,6.20946]]]}},{"type":"Feature","properties":{"display_name":"New Juaben South","region":"Eastern","api_district":"New Juaben South Municipal","match_resolution":"base"},"geometry":{"type":"Polygon","coordinates":[[[-0.2164,6.09689],[-0.22322,6.07337],[-0.22655,6.0711],[-0.23168,6.07591],[-0.23516,6.07303],[-0.25088,6.0446],[-0.26059,6.04248],[-0.26151,6.04594],[-0.2708,6.03849],[-0.28209,6.03808],[-0.28251,6.03219],[-0.29312,6.03798],[-0.29432,6.06205],[-0.28948,6.06834],[-0.29314,6.06726],[-0.30984,6.08114],[-0.29639,6.0936],[-0.29095,6.0907],[-0.2841,6.10036],[-0.26711,6.10012],[-0.24655,6.12751],[-0.23794,6.12145],[-0.23787,6.11483],[-0.23018,6.10384],[-0.2164,6.09689]]]}},{"type":"Feature","properties":{"display_name":"Nsawam Adoagyiri","region":"Eastern","api_district":"Nsawam-Adoagyiri Municipal","match_resolution":"base"},"geometry":{"type":"Polygon","coordinates":[[[-0.34035,5.89829],[-0.33255,5.89],[-0.3354,5.87853],[-0.32819,5.87463],[-0.29464,5.8854],[-0.28968,5.87908],[-0.2766,5.87765],[-0.27513,5.85883],[-0.26979,5.85633],[-0.27394,5.83375],[-0.26736,5.81238],[-0.26986,5.80725],[-0.27465,5.808],[-0.31064,5.78934],[-0.31556,5.78025],[-0.322,5.77955],[-0.32742,5.77249],[-0.33146,5.77886],[-0.34235,5.77763],[-0.3523,5.76626],[-0.36638,5.76236],[-0.38474,5.77632],[-0.3921,5.75818],[-0.41561,5.7757],[-0.4157,5.7876],[-0.42377,5.79081],[-0.42788,5.80393],[-0.42472,5.81457],[-0.40437,5.84607],[-0.39723,5.84825],[-0.39731,5.85228],[-0.36989,5.87165],[-0.38065,5.89101],[-0.36536,5.89657],[-0.34035,5.89829]]]}},{"type":"Feature","properties":{"display_name":"Okere","region":"Eastern","api_district":"Okere District","match_resolution":"base"},"geometry":{"type":"Polygon","coordinates":[[[-0.00961,6.01038],[-0.01262,5.99592],[-0.02885,5.99396],[-0.03556,6.00619],[-0.06423,6.00704],[-0.08326,5.98591],[-0.09609,5.97871],[-0.09728,5.97165],[-0.10646,5.96825],[-0.10345,5.96078],[-0.10542,5.94893],[-0.11959,5.9425],[-0.1147,5.96332],[-0.12676,5.95822],[-0.14261,5.95926],[-0.1487,5.96331],[-0.15298,5.95831],[-0.15052,5.97264],[-0.17303,6.00575],[-0.17891,6.02227],[-0.19751,6.02739],[-0.20256,6.02216],[-0.21113,6.02722],[-0.23167,6.02709],[-0.23497,6.03475],[-0.22922,6.03831],[-0.22774,6.04715],[-0.23677,6.05652],[-0.23272,6.0618],[-0.23767,6.06609],[-0.2357,6.0723],[-0.23168,6.07591],[-0.22655,6.0711],[-0.22322,6.07337],[-0.20062,6.12479],[-0.15592,6.12082],[-0.14666,6.12753],[-0.12779,6.1296],[-0.12345,6.13504],[-0.10395,6.12802],[-0.09392,6.13577],[-0.08552,6.12824],[-0.08302,6.13318],[-0.06601,6.13714],[-0.05999,6.13092],[-0.07529,6.10486],[-0.07251,6.0979],[-0.05903,6.09535],[-0.05035,6.07932],[-0.0442,6.07575],[-0.02804,6.07607],[-0.02397,6.06155],[-0.02877,6.05763],[-0.02637,6.04145],[-0.01555,6.01444],[-0.00961,6.01038]]]}},{"type":"Feature","properties":{"display_name":"Suhum","region":"Eastern","api_district":"Suhum Municipal","match_resolution":"base"},"geometry":{"type":"Polygon","coordinates":[[[-0.36702,6.12854],[-0.36361,6.12432],[-0.36499,6.1177],[-0.35011,6.11125],[-0.34796,6.1166],[-0.3481,6.11231],[-0.33248,6.10734],[-0.33336,6.10222],[-0.32095,6.09976],[-0.32159,6.09429],[-0.31606,6.09297],[-0.31329,6.08147],[-0.30421,6.07954],[-0.29314,6.06726],[-0.28948,6.06834],[-0.29432,6.06205],[-0.29309,6.03789],[-0.26831,6.02051],[-0.27056,6.01819],[-0.26427,6.0123],[-0.26617,6.00832],[-0.26098,6.00104],[-0.27152,5.9911],[-0.28895,5.9583],[-0.30252,5.95387],[-0.32395,5.95505],[-0.33089,5.97326],[-0.35667,5.98334],[-0.36374,5.98239],[-0.36494,5.99571],[-0.37351,6.00165],[-0.38292,5.9965],[-0.39273,6.00727],[-0.39293,6.02905],[-0.3984,6.03216],[-0.4144,6.02792],[-0.4114,6.02007],[-0.42097,6.01954],[-0.42145,6.01236],[-0.42763,6.01173],[-0.43578,6.01933],[-0.44465,5.99705],[-0.44565,5.97479],[-0.45509,5.96833],[-0.46177,5.96891],[-0.46341,5.96502],[-0.47531,5.96393],[-0.48704,5.9723],[-0.49023,5.98937],[-0.50604,6.00783],[-0.50383,6.01116],[-0.53209,6.02032],[-0.54246,6.03682],[-0.54343,6.05438],[-0.557,6.05769],[-0.55166,6.0644],[-0.53574,6.07207],[-0.51719,6.07643],[-0.50468,6.09102],[-0.48466,6.0995],[-0.48369,6.10584],[-0.46686,6.10211],[-0.45997,6.0964],[-0.44872,6.10281],[-0.44245,6.10057],[-0.43789,6.11328],[-0.43135,6.11781],[-0.43405,6.12188],[-0.42968,6.12114],[-0.4157,6.13271],[-0.3959,6.12018],[-0.39101,6.12652],[-0.38413,6.12552],[-0.38035,6.12962],[-0.36702,6.12854]]]}},{"type":"Feature","properties":{"display_name":"Upper Manya","region":"Eastern","api_district":"Fanteakwa South District","match_resolution":"nearest"},"geometry":{"type":"Polygon","coordinates":[[[-0.09578,6.54265],[-0.06112,6.53339],[-0.01872,6.53925],[0.00225,6.53643],[-0.00433,6.40173],[-0.01709,6.33206],[-0.02906,6.31873],[-0.04283,6.27853],[-0.05864,6.25279],[-0.07506,6.2436],[-0.08937,6.22787],[-0.1029,6.22185],[-0.1144,6.25346],[-0.12893,6.24041],[-0.13442,6.22454],[-0.14668,6.22732],[-0.16148,6.22213],[-0.16459,6.21679],[-0.17331,6.219],[-0.18288,6.20971],[-0.188,6.21416],[-0.18762,6.23208],[-0.17967,6.23757],[-0.19111,6.24909],[-0.18715,6.26187],[-0.18042,6.2686],[-0.18268,6.28204],[-0.21909,6.2583],[-0.22048,6.26131],[-0.23509,6.26121],[-0.22875,6.27257],[-0.23033,6.27767],[-0.24784,6.2842],[-0.2545,6.29124],[-0.24688,6.30473],[-0.25706,6.30219],[-0.26679,6.28486],[-0.28629,6.28486],[-0.292,6.29652],[-0.29685,6.29747],[-0.28844,6.31313],[-0.30704,6.32563],[-0.30947,6.34183],[-0.29402,6.36728],[-0.28183,6.37252],[-0.26835,6.38896],[-0.26911,6.39794],[-0.26114,6.41074],[-0.24604,6.41708],[-0.24245,6.44106],[-0.23441,6.44112],[-0.23772,6.44917],[-0.23515,6.45322],[-0.21769,6.46149],[-0.21688,6.46651],[-0.20842,6.46839],[-0.20348,6.48018],[-0.19683,6.48473],[-0.19463,6.49813],[-0.20521,6.50529],[-0.20784,6.51536],[-0.19843,6.5308],[-0.18759,6.53622],[-0.17766,6.55767],[-0.12289,6.54367],[-0.09578,6.54265]]]}},{"type":"Feature","properties":{"display_name":"Upper West Akim","region":"Eastern","api_district":"West Akim Municipal","match_resolution":"nearest"},"geometry":{"type":"Polygon","coordinates":[[[-0.59065,5.88582],[-0.57943,5.88183],[-0.57171,5.88675],[-0.5634,5.87987],[-0.55285,5.89074],[-0.53161,5.88475],[-0.51889,5.8669],[-0.50035,5.86418],[-0.4985,5.84821],[-0.46599,5.84585],[-0.46569,5.82973],[-0.44191,5.84493],[-0.43666,5.84065],[-0.43493,5.83241],[-0.42449,5.83801],[-0.41535,5.83279],[-0.42788,5.80393],[-0.42432,5.79353],[-0.42826,5.79276],[-0.43743,5.80081],[-0.44791,5.78988],[-0.44394,5.77744],[-0.4485,5.778],[-0.4596,5.76807],[-0.49051,5.7542],[-0.49218,5.74678],[-0.5088,5.73558],[-0.51834,5.73775],[-0.52472,5.73387],[-0.55024,5.73887],[-0.55971,5.73595],[-0.56815,5.74032],[-0.57148,5.73513],[-0.58101,5.73686],[-0.62331,5.72097],[-0.63015,5.7219],[-0.6425,5.73481],[-0.65203,5.73726],[-0.68578,5.73953],[-0.69416,5.7323],[-0.70162,5.73206],[-0.70107,5.74411],[-0.69456,5.74552],[-0.70647,5.75724],[-0.70815,5.76516],[-0.70035,5.77007],[-0.69387,5.76435],[-0.685,5.76648],[-0.67306,5.77168],[-0.67297,5.77783],[-0.66376,5.77825],[-0.66384,5.78611],[-0.65872,5.79362],[-0.65172,5.79516],[-0.65642,5.81241],[-0.6534,5.81852],[-0.64565,5.82165],[-0.63305,5.81677],[-0.6326,5.82448],[-0.62709,5.82546],[-0.62568,5.83455],[-0.62109,5.8352],[-0.62428,5.84427],[-0.61838,5.84681],[-0.6192,5.85599],[-0.61452,5.8658],[-0.61856,5.87852],[-0.61042,5.88487],[-0.60789,5.88232],[-0.60159,5.88469],[-0.59456,5.892],[-0.59065,5.88582]]]}},{"type":"Feature","properties":{"display_name":"West Akim","region":"Eastern","api_district":"West Akim Municipal","match_resolution":"base"},"geometry":{"type":"Polygon","coordinates":[[[-0.70815,5.76516],[-0.72038,5.78205],[-0.72551,5.81877],[-0.73958,5.82266],[-0.74932,5.82906],[-0.75403,5.83814],[-0.75915,5.83771],[-0.75674,5.84174],[-0.76208,5.85529],[-0.75648,5.86251],[-0.76362,5.87218],[-0.76176,5.88134],[-0.76625,5.89261],[-0.78176,5.91293],[-0.79423,5.91719],[-0.80976,5.9385],[-0.80897,5.94235],[-0.81618,5.94653],[-0.8105,5.95746],[-0.79783,5.96843],[-0.79679,5.97467],[-0.80246,5.97836],[-0.79665,5.98161],[-0.79555,6.0007],[-0.7887,6.00003],[-0.78704,6.00827],[-0.7786,6.01002],[-0.76994,6.00474],[-0.74255,6.01673],[-0.73777,6.01377],[-0.72896,6.02953],[-0.72148,6.02809],[-0.71884,6.03209],[-0.71786,6.03807],[-0.72366,6.03923],[-0.72288,6.04294],[-0.71447,6.04943],[-0.70242,6.04737],[-0.6965,6.05182],[-0.69019,6.05],[-0.67126,6.02976],[-0.65539,6.04008],[-0.65975,6.02512],[-0.6512,6.02786],[-0.64927,6.01585],[-0.63599,6.01493],[-0.6238,6.00684],[-0.6304,5.98608],[-0.62677,5.97856],[-0.6183,5.97315],[-0.61517,5.96298],[-0.60459,5.96587],[-0.60342,5.95738],[-0.59589,5.95217],[-0.59824,5.94323],[-0.59149,5.93878],[-0.58374,5.94012],[-0.57973,5.93272],[-0.57843,5.92378],[-0.58296,5.92124],[-0.57714,5.91285],[-0.59426,5.90318],[-0.58674,5.8956],[-0.572,5.90071],[-0.55756,5.88613],[-0.5634,5.87987],[-0.57171,5.88675],[-0.57943,5.88183],[-0.58799,5.8836],[-0.59456,5.892],[-0.60159,5.88469],[-0.60789,5.88232],[-0.61042,5.88487],[-0.61856,5.87852],[-0.61452,5.8658],[-0.6192,5.85599],[-0.61757,5.85007],[-0.62428,5.84427],[-0.62109,5.8352],[-0.62568,5.83455],[-0.62709,5.82546],[-0.6326,5.82448],[-0.63305,5.81677],[-0.64565,5.82165],[-0.6534,5.81852],[-0.65642,5.81241],[-0.65172,5.79516],[-0.65872,5.79362],[-0.66384,5.78611],[-0.66282,5.77953],[-0.67297,5.77783],[-0.67306,5.77168],[-0.69216,5.7646],[-0.70035,5.77007],[-0.70815,5.76516]]]}},{"type":"Feature","properties":{"display_name":"Yilo-Krobo","region":"Eastern","api_district":"Yilo Krobo Municipal","match_resolution":"base"},"geometry":{"type":"Polygon","coordinates":[[[-0.25419,6.29093],[-0.24784,6.2842],[-0.23033,6.27767],[-0.22875,6.27257],[-0.23509,6.26121],[-0.22048,6.26131],[-0.21909,6.2583],[-0.18268,6.28204],[-0.18042,6.2686],[-0.18715,6.26187],[-0.19111,6.24909],[-0.17967,6.23757],[-0.18762,6.23208],[-0.188,6.21416],[-0.18288,6.20971],[-0.17331,6.219],[-0.16459,6.21679],[-0.16148,6.22213],[-0.14668,6.22732],[-0.13442,6.22454],[-0.12893,6.24041],[-0.11322,6.25328],[-0.1029,6.22185],[-0.08534,6.23099],[-0.08592,6.22329],[-0.08038,6.21744],[-0.07085,6.21901],[-0.08451,6.20058],[-0.09003,6.18132],[-0.075,6.15751],[-0.06585,6.15442],[-0.06991,6.1461],[-0.06556,6.14313],[-0.05658,6.1462],[-0.05208,6.15682],[-0.04419,6.15904],[-0.04479,6.14942],[-0.03719,6.14263],[-0.04145,6.13771],[-0.03721,6.13074],[-0.03059,6.12358],[-0.02616,6.12683],[-0.00846,6.12238],[-0.00605,6.11537],[0.00258,6.11276],[0.00214,6.10289],[0.03083,6.09733],[0.03859,6.10222],[0.04232,6.09386],[0.0476,6.09316],[0.08585,6.09347],[0.08931,6.10323],[0.09259,6.10322],[0.09495,6.09391],[0.12627,6.09526],[0.14362,6.10078],[0.1045,6.07775],[0.08916,6.06267],[0.06255,6.05974],[0.04036,6.0479],[0.019,6.06187],[0.01818,6.03887],[0.00837,6.02427],[0.00577,6.01205],[-0.00081,6.00771],[-0.01555,6.01444],[-0.02277,6.02881],[-0.02917,6.05304],[-0.02397,6.06155],[-0.02804,6.07607],[-0.0442,6.07575],[-0.05035,6.07932],[-0.05903,6.09535],[-0.07251,6.0979],[-0.07538,6.10633],[-0.05999,6.13092],[-0.06601,6.13714],[-0.08302,6.13318],[-0.08552,6.12824],[-0.09392,6.13577],[-0.10395,6.12802],[-0.12345,6.13504],[-0.12779,6.1296],[-0.14666,6.12753],[-0.15592,6.12082],[-0.20062,6.12479],[-0.21279,6.101],[-0.21215,6.0937],[-0.21679,6.091],[-0.2164,6.09689],[-0.22584,6.10031],[-0.23468,6.10948],[-0.24045,6.12495],[-0.26539,6.14765],[-0.26872,6.16215],[-0.26283,6.16804],[-0.27751,6.17042],[-0.28491,6.18283],[-0.31203,6.20946],[-0.31081,6.25461],[-0.32308,6.25679],[-0.33421,6.26771],[-0.35001,6.26813],[-0.36451,6.2773],[-0.36032,6.28608],[-0.33975,6.28633],[-0.32983,6.29782],[-0.32097,6.29572],[-0.30556,6.30385],[-0.29998,6.29709],[-0.292,6.29652],[-0.28629,6.28486],[-0.27807,6.28294],[-0.26679,6.28486],[-0.25706,6.30219],[-0.24688,6.30473],[-0.25419,6.29093]]]}},{"type":"Feature","properties":{"display_name":"Ablekuma Central","region":"Greater Accra","api_district":"Ablekuma Central Municipal","match_resolution":"base"},"geometry":{"type":"Polygon","coordinates":[[[-0.22279,5.54299],[-0.23425,5.54306],[-0.2335,5.53658],[-0.24851,5.53235],[-0.26177,5.54853],[-0.26304,5.55678],[-0.25621,5.55737],[-0.24018,5.57628],[-0.21526,5.55856],[-0.22267,5.54969],[-0.22279,5.54299]]]}},{"type":"Feature","properties":{"display_name":"Ablekuma North","region":"Greater Accra","api_district":"Ablekuma North Municipal","match_resolution":"base"},"geometry":{"type":"Polygon","coordinates":[[[-0.26387,5.60909],[-0.25621,5.6002],[-0.2476,5.60316],[-0.24523,5.59548],[-0.23692,5.594],[-0.21585,5.60316],[-0.2111,5.5875],[-0.21526,5.55856],[-0.24018,5.57628],[-0.25621,5.55737],[-0.27692,5.55364],[-0.27873,5.56043],[-0.27473,5.56883],[-0.28173,5.573],[-0.28289,5.58426],[-0.26387,5.60909]]]}},{"type":"Feature","properties":{"display_name":"Ablekuma West","region":"Greater Accra","api_district":"Ablekuma West Municipal","match_resolution":"base"},"geometry":{"type":"Polygon","coordinates":[[[-0.26304,5.55678],[-0.26177,5.54853],[-0.24851,5.53235],[-0.2335,5.53658],[-0.23425,5.54306],[-0.2295,5.54405],[-0.21793,5.53877],[-0.21943,5.53077],[-0.2723,5.51887],[-0.27431,5.52567],[-0.27976,5.52607],[-0.27121,5.54046],[-0.27692,5.55364],[-0.26304,5.55678]]]}},{"type":"Feature","properties":{"display_name":"Accra","region":"Greater Accra","api_district":"Accra Metropolitan","match_resolution":"base"},"geometry":{"type":"Polygon","coordinates":[[[-0.22279,5.54299],[-0.22267,5.54969],[-0.21526,5.55856],[-0.2027,5.55856],[-0.19556,5.54383],[-0.20557,5.54053],[-0.20761,5.53318],[-0.21943,5.53077],[-0.21704,5.53581],[-0.22279,5.54299]]]}},{"type":"Feature","properties":{"display_name":"Ada East","region":"Greater Accra","api_district":"Ada East District","match_resolution":"base"},"geometry":{"type":"Polygon","coordinates":[[[0.68797,5.77777],[0.68571,5.77437],[0.67613,5.77734],[0.68016,5.77078],[0.67007,5.76852],[0.45828,5.7888],[0.46212,5.79722],[0.45532,5.79845],[0.45477,5.80119],[0.45951,5.79973],[0.45675,5.80594],[0.4661,5.80967],[0.46411,5.81947],[0.47156,5.83324],[0.48356,5.83454],[0.49063,5.84352],[0.48479,5.84365],[0.47961,5.84943],[0.48396,5.8499],[0.48483,5.85918],[0.48114,5.86289],[0.48574,5.86651],[0.48645,5.87703],[0.49759,5.88837],[0.4941,5.89294],[0.49786,5.91244],[0.49425,5.91721],[0.49837,5.92115],[0.49771,5.93119],[0.50279,5.93469],[0.49829,5.93897],[0.49998,5.9505],[0.49597,5.95797],[0.50491,5.95827],[0.50746,5.96411],[0.4976,5.96676],[0.49849,5.98135],[0.51502,5.98288],[0.52537,5.97883],[0.52404,5.95489],[0.54172,5.9497],[0.54737,5.93503],[0.55041,5.93508],[0.54854,5.93169],[0.55177,5.92901],[0.54794,5.92494],[0.551,5.92029],[0.56103,5.9401],[0.57157,5.93272],[0.57065,5.92985],[0.57606,5.93284],[0.58166,5.92774],[0.58876,5.91867],[0.57457,5.89985],[0.59972,5.89057],[0.60679,5.87687],[0.61907,5.87576],[0.61243,5.87284],[0.61499,5.86458],[0.63152,5.86679],[0.61974,5.85396],[0.62029,5.83426],[0.64289,5.84097],[0.65458,5.82725],[0.65187,5.80522],[0.6777,5.79517],[0.68797,5.77777]]]}},{"type":"Feature","properties":{"display_name":"Ada West","region":"Greater Accra","api_district":"Ada West District","match_resolution":"base"},"geometry":{"type":"Polygon","coordinates":[[[0.51502,5.98288],[0.49849,5.98135],[0.49739,5.97736],[0.4976,5.96676],[0.50594,5.96621],[0.50738,5.96205],[0.50491,5.95827],[0.49597,5.95797],[0.49998,5.9505],[0.49829,5.93897],[0.50279,5.93469],[0.49771,5.93119],[0.49837,5.92115],[0.49425,5.91721],[0.49786,5.91244],[0.4941,5.89294],[0.49759,5.88837],[0.49142,5.88488],[0.48574,5.86651],[0.48114,5.86289],[0.48515,5.85736],[0.48396,5.8499],[0.47961,5.84943],[0.48479,5.84365],[0.49063,5.84352],[0.48961,5.83872],[0.47156,5.83324],[0.46411,5.81947],[0.4661,5.80967],[0.45675,5.80594],[0.45951,5.79973],[0.45477,5.80119],[0.46212,5.79722],[0.45828,5.7888],[0.35109,5.78497],[0.34637,5.81207],[0.3478,5.82702],[0.3587,5.83282],[0.35475,5.83817],[0.35224,5.83661],[0.35329,5.84339],[0.34569,5.85806],[0.34916,5.89165],[0.33781,5.93061],[0.34388,5.95391],[0.36642,5.9604],[0.39459,5.96076],[0.43431,5.97398],[0.44111,5.9827],[0.44105,5.99499],[0.45007,6.00158],[0.46743,5.99831],[0.48071,5.99063],[0.48371,5.99248],[0.48475,5.97548],[0.49198,5.97965],[0.49084,5.99552],[0.51502,5.98288]]]}},{"type":"Feature","properties":{"display_name":"Adenta","region":"Greater Accra","api_district":"Adenta Municipal","match_resolution":"base"},"geometry":{"type":"Polygon","coordinates":[[[-0.11532,5.69423],[-0.06462,5.66505],[-0.14043,5.63554],[-0.15166,5.64506],[-0.15534,5.65973],[-0.15169,5.65975],[-0.15156,5.68592],[-0.17129,5.68633],[-0.17096,5.70789],[-0.1286,5.79484],[-0.11832,5.78541],[-0.12211,5.74257],[-0.12866,5.72639],[-0.12451,5.71007],[-0.11532,5.69423]]]}},{"type":"Feature","properties":{"display_name":"Ashaiman","region":"Greater Accra","api_district":"Ashaiman Municipal","match_resolution":"base"},"geometry":{"type":"Polygon","coordinates":[[[-0.01393,5.68818],[-0.04187,5.67576],[-0.05497,5.69733],[-0.05871,5.69701],[-0.05926,5.70038],[-0.0508,5.70393],[-0.0568,5.71018],[-0.0503,5.72219],[-0.01385,5.71897],[-0.01393,5.68818]]]}},{"type":"Feature","properties":{"display_name":"Ayawaso Central","region":"Greater Accra","api_district":"Ayawaso Central Municipal","match_resolution":"base"},"geometry":{"type":"Polygon","coordinates":[[[-0.19898,5.5751],[-0.2111,5.57244],[-0.20328,5.58812],[-0.19696,5.58423],[-0.19898,5.5751]]]}},{"type":"Feature","properties":{"display_name":"Ayawaso East","region":"Greater Accra","api_district":"Ayawaso East Municipal","match_resolution":"base"},"geometry":{"type":"Polygon","coordinates":[[[-0.17951,5.59727],[-0.19031,5.57201],[-0.19898,5.5751],[-0.19696,5.58423],[-0.20328,5.58812],[-0.20208,5.59951],[-0.19268,5.6073],[-0.17951,5.59727]]]}},{"type":"Feature","properties":{"display_name":"Ayawaso North","region":"Greater Accra","api_district":"Ayawaso North Municipal","match_resolution":"base"},"geometry":{"type":"Polygon","coordinates":[[[-0.2114,5.57687],[-0.21789,5.60806],[-0.21367,5.60611],[-0.21413,5.6115],[-0.20148,5.61255],[-0.19268,5.6073],[-0.20208,5.59951],[-0.20328,5.58812],[-0.2114,5.57687]]]}},{"type":"Feature","properties":{"display_name":"Ayawaso West","region":"Greater Accra","api_district":"Ayawaso West Municipal","match_resolution":"base"},"geometry":{"type":"Polygon","coordinates":[[[-0.15534,5.65973],[-0.15166,5.64506],[-0.14043,5.63554],[-0.13326,5.60618],[-0.15729,5.61814],[-0.15752,5.62908],[-0.17637,5.623],[-0.17951,5.59727],[-0.20148,5.61255],[-0.21413,5.6115],[-0.21367,5.60611],[-0.21789,5.60806],[-0.21714,5.60551],[-0.22128,5.60945],[-0.22327,5.61491],[-0.19933,5.61938],[-0.1886,5.62534],[-0.19584,5.64569],[-0.19579,5.66587],[-0.17736,5.6671],[-0.17859,5.65959],[-0.15534,5.65973]]]}},{"type":"Feature","properties":{"display_name":"Ga Central","region":"Greater Accra","api_district":"Ga Central Municipal","match_resolution":"base"},"geometry":{"type":"Polygon","coordinates":[[[-0.36275,5.59738],[-0.35008,5.61457],[-0.34302,5.63188],[-0.32318,5.64266],[-0.31952,5.65571],[-0.30721,5.65121],[-0.28896,5.63383],[-0.28343,5.63337],[-0.27849,5.63995],[-0.26895,5.63906],[-0.2689,5.63472],[-0.26474,5.63351],[-0.26387,5.60909],[-0.2825,5.58557],[-0.28181,5.57947],[-0.28453,5.57915],[-0.28572,5.58619],[-0.29982,5.58671],[-0.30368,5.59919],[-0.31088,5.60299],[-0.3273,5.59973],[-0.33573,5.6033],[-0.33837,5.59864],[-0.34337,5.60174],[-0.34355,5.59226],[-0.34865,5.58927],[-0.34444,5.58682],[-0.35118,5.58311],[-0.35645,5.58771],[-0.35484,5.59279],[-0.36275,5.59738]]]}},{"type":"Feature","properties":{"display_name":"Ga East","region":"Greater Accra","api_district":"Ga East Municipal","match_resolution":"base"},"geometry":{"type":"Polygon","coordinates":[[[-0.1773,5.78745],[-0.18321,5.7587],[-0.19321,5.75078],[-0.19183,5.73795],[-0.19795,5.73259],[-0.19995,5.71654],[-0.19114,5.69535],[-0.18853,5.69665],[-0.1886,5.68667],[-0.19446,5.68676],[-0.18786,5.66705],[-0.20282,5.65983],[-0.20548,5.66171],[-0.20517,5.64583],[-0.20938,5.64319],[-0.21326,5.64633],[-0.22289,5.63894],[-0.23029,5.61991],[-0.24778,5.64581],[-0.27153,5.6656],[-0.25979,5.67237],[-0.25841,5.71019],[-0.24866,5.69519],[-0.24149,5.7332],[-0.22977,5.75316],[-0.22661,5.75194],[-0.22506,5.74007],[-0.22045,5.74839],[-0.20725,5.75458],[-0.20194,5.76315],[-0.20485,5.76864],[-0.20254,5.7819],[-0.18576,5.79131],[-0.1773,5.78745]]]}},{"type":"Feature","properties":{"display_name":"Ga North","region":"Greater Accra","api_district":"Trobu Municipal","match_resolution":"nearest"},"geometry":{"type":"Polygon","coordinates":[[[-0.26928,5.80474],[-0.2655,5.80763],[-0.25651,5.77786],[-0.24469,5.78517],[-0.23341,5.78434],[-0.24369,5.7577],[-0.22977,5.75316],[-0.24149,5.7332],[-0.24866,5.69519],[-0.25841,5.71019],[-0.25979,5.67237],[-0.27153,5.6656],[-0.24778,5.64581],[-0.23549,5.62725],[-0.24794,5.616],[-0.26406,5.6454],[-0.27186,5.64867],[-0.29281,5.66951],[-0.30595,5.70098],[-0.31663,5.71202],[-0.32772,5.73449],[-0.34046,5.76882],[-0.34657,5.77407],[-0.33146,5.77886],[-0.32742,5.77249],[-0.30344,5.79371],[-0.27465,5.808],[-0.26928,5.80474]]]}},{"type":"Feature","properties":{"display_name":"Ga South","region":"Greater Accra","api_district":"Ga South Municipal","match_resolution":"base"},"geometry":{"type":"Polygon","coordinates":[[[-0.42596,5.60433],[-0.42798,5.61843],[-0.44648,5.63091],[-0.48264,5.64766],[-0.49713,5.64663],[-0.49367,5.65429],[-0.49973,5.66823],[-0.50919,5.68309],[-0.51846,5.6864],[-0.5201,5.70499],[-0.50828,5.71365],[-0.51132,5.73421],[-0.4954,5.74729],[-0.48298,5.74957],[-0.48046,5.74545],[-0.46745,5.74227],[-0.43344,5.73976],[-0.42786,5.72747],[-0.40564,5.7061],[-0.4009,5.68688],[-0.39491,5.68834],[-0.39073,5.6826],[-0.37408,5.68405],[-0.36888,5.68144],[-0.36779,5.66954],[-0.36282,5.66655],[-0.3566,5.67083],[-0.34808,5.66282],[-0.35295,5.64418],[-0.36072,5.63425],[-0.35419,5.61986],[-0.35831,5.61671],[-0.35709,5.60853],[-0.36674,5.60493],[-0.38974,5.60697],[-0.39755,5.6127],[-0.42596,5.60433]]]}},{"type":"Feature","properties":{"display_name":"Ga West","region":"Greater Accra","api_district":"Ga West Municipal","match_resolution":"base"},"geometry":{"type":"Polygon","coordinates":[[[-0.43743,5.80081],[-0.4157,5.7876],[-0.4141,5.7733],[-0.3921,5.75818],[-0.38474,5.77632],[-0.36688,5.76243],[-0.3523,5.76626],[-0.34817,5.77421],[-0.34046,5.76882],[-0.32772,5.73449],[-0.31663,5.71202],[-0.30595,5.70098],[-0.29281,5.66951],[-0.27186,5.64867],[-0.26406,5.6454],[-0.24794,5.616],[-0.26387,5.60909],[-0.26474,5.63351],[-0.2689,5.63472],[-0.26895,5.63906],[-0.27849,5.63995],[-0.28343,5.63337],[-0.28896,5.63383],[-0.30721,5.65121],[-0.31952,5.65571],[-0.32318,5.64266],[-0.34302,5.63188],[-0.35008,5.61457],[-0.35732,5.60944],[-0.35827,5.61686],[-0.35419,5.61986],[-0.36072,5.63425],[-0.35295,5.64418],[-0.34825,5.65825],[-0.34979,5.66506],[-0.3566,5.67083],[-0.36282,5.66655],[-0.36779,5.66954],[-0.36888,5.68144],[-0.37408,5.68405],[-0.39073,5.6826],[-0.39491,5.68834],[-0.4009,5.68688],[-0.40564,5.7061],[-0.42786,5.72747],[-0.43344,5.73976],[-0.46745,5.74227],[-0.48046,5.74545],[-0.48298,5.74957],[-0.49255,5.74843],[-0.49051,5.7542],[-0.4596,5.76807],[-0.4485,5.778],[-0.44394,5.77744],[-0.44791,5.78988],[-0.43743,5.80081]]]}},{"type":"Feature","properties":{"display_name":"Korle-Klottey","region":"Greater Accra","api_district":"Korle Klottey Municipal","match_resolution":"base"},"geometry":{"type":"Polygon","coordinates":[[[-0.19508,5.57569],[-0.17738,5.56496],[-0.17409,5.54981],[-0.19556,5.54383],[-0.2027,5.55856],[-0.21526,5.55856],[-0.21466,5.57126],[-0.19508,5.57569]]]}},{"type":"Feature","properties":{"display_name":"Kpone-Katamanso","region":"Greater Accra","api_district":"Tema Metropolitan","match_resolution":"nearest"},"geometry":{"type":"Polygon","coordinates":[[[-0.12182,5.87993],[-0.11191,5.87206],[-0.10208,5.87169],[-0.09113,5.86477],[-0.07574,5.84656],[-0.06063,5.84534],[-0.06558,5.83421],[-0.06984,5.83356],[-0.07145,5.82106],[-0.0614,5.79922],[-0.00124,5.74131],[0.04038,5.73194],[0.07244,5.71376],[0.07195,5.70659],[0.06721,5.70568],[0.06981,5.70417],[0.06728,5.69309],[0.04516,5.67512],[0.04349,5.66345],[0.03253,5.65643],[0.02295,5.6723],[0.00376,5.66428],[-0.00816,5.68616],[-0.01593,5.68546],[-0.01299,5.69135],[-0.01385,5.71897],[-0.0503,5.72219],[-0.0568,5.71018],[-0.0508,5.70393],[-0.05926,5.70038],[-0.05894,5.69687],[-0.07877,5.69003],[-0.07785,5.67467],[-0.11681,5.6961],[-0.12866,5.72639],[-0.12211,5.74257],[-0.12387,5.75057],[-0.1179,5.77631],[-0.11832,5.78541],[-0.1286,5.79484],[-0.12259,5.81177],[-0.12488,5.81967],[-0.13089,5.82302],[-0.13972,5.81019],[-0.14346,5.8128],[-0.1505,5.80993],[-0.15503,5.81468],[-0.14927,5.83041],[-0.15089,5.83829],[-0.1647,5.83937],[-0.14393,5.85492],[-0.13767,5.85117],[-0.12988,5.85288],[-0.12685,5.87542],[-0.12182,5.87993]]]}},{"type":"Feature","properties":{"display_name":"Krowor","region":"Greater Accra","api_district":"Krowor Municipal","match_resolution":"base"},"geometry":{"type":"Polygon","coordinates":[[[-0.12785,5.6408],[-0.11485,5.64457],[-0.09115,5.62936],[-0.07466,5.62455],[-0.0705,5.62129],[-0.07289,5.61426],[-0.06527,5.61585],[-0.06416,5.61067],[-0.05507,5.60825],[-0.07357,5.59004],[-0.09867,5.58105],[-0.0902,5.59083],[-0.09969,5.60821],[-0.10003,5.61665],[-0.10715,5.62154],[-0.10732,5.62964],[-0.11631,5.6396],[-0.12529,5.63791],[-0.12785,5.6408]]]}},{"type":"Feature","properties":{"display_name":"La-Dade-Kotopon","region":"Greater Accra","api_district":"La-Dade Kotopon Municipal","match_resolution":"base"},"geometry":{"type":"Polygon","coordinates":[[[-0.13326,5.60618],[-0.1316,5.59129],[-0.13637,5.57801],[-0.13063,5.57425],[-0.13387,5.56331],[-0.17409,5.54981],[-0.17738,5.56496],[-0.19031,5.57201],[-0.18113,5.59026],[-0.17637,5.623],[-0.15752,5.62908],[-0.15729,5.61814],[-0.13326,5.60618]]]}},{"type":"Feature","properties":{"display_name":"La-Nkwantanang-Madina","region":"Greater Accra","api_district":"La Nkwantanang-Madina Municipal","match_resolution":"base"},"geometry":{"type":"Polygon","coordinates":[[[-0.12259,5.81177],[-0.13082,5.78783],[-0.17096,5.70789],[-0.17129,5.68633],[-0.15156,5.68592],[-0.15169,5.65975],[-0.17859,5.65959],[-0.17736,5.6671],[-0.18786,5.66705],[-0.19076,5.67467],[-0.19446,5.68676],[-0.1886,5.68667],[-0.18853,5.69665],[-0.19114,5.69535],[-0.19995,5.71654],[-0.19795,5.73259],[-0.19183,5.73795],[-0.19321,5.75078],[-0.18321,5.7587],[-0.18145,5.77963],[-0.17723,5.78293],[-0.17821,5.78872],[-0.18576,5.79131],[-0.17231,5.80504],[-0.17232,5.81396],[-0.15503,5.81468],[-0.1505,5.80993],[-0.14346,5.8128],[-0.13972,5.81019],[-0.13089,5.82302],[-0.12488,5.81967],[-0.12259,5.81177]]]}},{"type":"Feature","properties":{"display_name":"Ledzokuku","region":"Greater Accra","api_district":"Ledzokuku Municipal","match_resolution":"base"},"geometry":{"type":"Polygon","coordinates":[[[-0.14043,5.63554],[-0.12785,5.6408],[-0.12529,5.63791],[-0.11631,5.6396],[-0.10732,5.62964],[-0.10715,5.62154],[-0.10003,5.61665],[-0.09969,5.60821],[-0.0902,5.59083],[-0.10225,5.57494],[-0.13387,5.56331],[-0.13071,5.57527],[-0.13632,5.57872],[-0.13152,5.60021],[-0.14043,5.63554]]]}},{"type":"Feature","properties":{"display_name":"Ningo-Prampram","region":"Greater Accra","api_district":"Ningo-Prampram District","match_resolution":"base"},"geometry":{"type":"Polygon","coordinates":[[[-0.06063,5.84534],[-0.03019,5.83388],[-0.01954,5.83601],[-0.01729,5.82767],[0.0069,5.82108],[0.07187,5.82716],[0.09596,5.85069],[0.11841,5.83332],[0.17396,5.85661],[0.20323,5.88324],[0.22113,5.91388],[0.23877,5.92993],[0.34076,5.93568],[0.33781,5.93084],[0.33981,5.91664],[0.34979,5.88559],[0.34569,5.85806],[0.35329,5.84339],[0.35224,5.83661],[0.35475,5.83817],[0.35871,5.8318],[0.34788,5.82753],[0.34637,5.81207],[0.35109,5.78497],[0.31386,5.78075],[0.25277,5.76632],[0.21916,5.74637],[0.18483,5.74339],[0.14106,5.72377],[0.12447,5.70689],[0.06728,5.69309],[0.06981,5.70417],[0.06721,5.70568],[0.07328,5.71045],[0.06594,5.72012],[0.04038,5.73194],[-0.00124,5.74131],[-0.0614,5.79922],[-0.07145,5.82106],[-0.06984,5.83356],[-0.06558,5.83421],[-0.06063,5.84534]]]}},{"type":"Feature","properties":{"display_name":"Okaikwei North","region":"Greater Accra","api_district":"Okaikwei North Municipal","match_resolution":"base"},"geometry":{"type":"Polygon","coordinates":[[[-0.23549,5.62725],[-0.22966,5.62018],[-0.22664,5.63443],[-0.21326,5.64633],[-0.20938,5.64319],[-0.20517,5.64583],[-0.20548,5.66171],[-0.19769,5.66374],[-0.1886,5.62534],[-0.19933,5.61938],[-0.22327,5.61491],[-0.21585,5.60316],[-0.23009,5.59518],[-0.24523,5.59548],[-0.2476,5.60316],[-0.25621,5.6002],[-0.26352,5.60924],[-0.24794,5.616],[-0.23549,5.62725]]]}},{"type":"Feature","properties":{"display_name":"Shai Osudoku","region":"Greater Accra","api_district":"Shai-Osudoku District","match_resolution":"base"},"geometry":{"type":"Polygon","coordinates":[[[0.23336,6.11006],[0.2663,6.09561],[0.28145,6.08384],[0.29547,6.05729],[0.33785,6.04719],[0.33177,6.03391],[0.34866,6.02216],[0.33983,6.01915],[0.32972,5.99664],[0.34086,5.98915],[0.35334,5.9866],[0.34076,5.93568],[0.23877,5.92993],[0.22113,5.91388],[0.20323,5.88324],[0.17396,5.85661],[0.11841,5.83332],[0.09596,5.85069],[0.07187,5.82716],[0.04253,5.82215],[0.00354,5.82142],[-0.00327,5.82626],[-0.01729,5.82767],[-0.01954,5.83601],[-0.03019,5.83388],[-0.06253,5.84623],[-0.07038,5.8445],[-0.09113,5.86477],[-0.10208,5.87169],[-0.11191,5.87206],[-0.12216,5.88017],[-0.08371,5.90696],[-0.06093,5.93293],[-0.0063,5.97117],[-0.00464,5.98564],[-0.0148,5.99716],[-0.01373,6.00134],[-0.00961,6.01038],[-0.00081,6.00771],[0.00577,6.01205],[0.00837,6.02427],[0.01818,6.03887],[0.019,6.06187],[0.04036,6.0479],[0.06255,6.05974],[0.08978,6.06287],[0.1045,6.07775],[0.14193,6.09937],[0.14679,6.10913],[0.19093,6.0968],[0.23336,6.11006]]]}},{"type":"Feature","properties":{"display_name":"Tema","region":"Greater Accra","api_district":"Tema Metropolitan","match_resolution":"base"},"geometry":{"type":"Polygon","coordinates":[[[-0.04528,5.6109],[-0.04506,5.63857],[-0.0327,5.65371],[-0.03237,5.67947],[-0.01098,5.68772],[-0.00174,5.67875],[0.00376,5.66428],[0.02295,5.6723],[0.02945,5.66622],[0.03235,5.65475],[0.02722,5.64532],[0.01723,5.64232],[0.00415,5.62441],[-0.04528,5.6109]]]}},{"type":"Feature","properties":{"display_name":"Tema West","region":"Greater Accra","api_district":"Tema West Municipal","match_resolution":"base"},"geometry":{"type":"Polygon","coordinates":[[[-0.11749,5.64512],[-0.06462,5.66505],[-0.07785,5.67467],[-0.07912,5.6896],[-0.06697,5.69655],[-0.05497,5.69733],[-0.04187,5.67576],[-0.03237,5.67947],[-0.0327,5.65371],[-0.04506,5.63857],[-0.04528,5.6109],[-0.05263,5.60786],[-0.06416,5.61067],[-0.06527,5.61585],[-0.07289,5.61426],[-0.0705,5.62129],[-0.07466,5.62455],[-0.09115,5.62936],[-0.11749,5.64512]]]}},{"type":"Feature","properties":{"display_name":"Weija Gbawe","region":"Greater Accra","api_district":"Weija-Gbawe Municipal","match_resolution":"base"},"geometry":{"type":"Polygon","coordinates":[[[-0.4036,5.50895],[-0.416,5.53765],[-0.41083,5.55534],[-0.39991,5.56565],[-0.42612,5.60316],[-0.41849,5.60738],[-0.39755,5.6127],[-0.38974,5.60697],[-0.36674,5.60493],[-0.35709,5.60853],[-0.36275,5.59738],[-0.35484,5.59279],[-0.35645,5.58771],[-0.35118,5.58311],[-0.34444,5.58682],[-0.34865,5.58927],[-0.34355,5.59226],[-0.34337,5.60174],[-0.33837,5.59864],[-0.33573,5.6033],[-0.3273,5.59973],[-0.31088,5.60299],[-0.30368,5.59919],[-0.29982,5.58671],[-0.28572,5.58619],[-0.28173,5.573],[-0.27485,5.56933],[-0.27873,5.56009],[-0.27121,5.54046],[-0.27976,5.52607],[-0.27431,5.52567],[-0.2723,5.51887],[-0.3584,5.49764],[-0.40539,5.47045],[-0.40667,5.47807],[-0.40041,5.48603],[-0.40441,5.4917],[-0.4036,5.50895]]]}},{"type":"Feature","properties":{"display_name":"Bunkpurugu Nakpanduri","region":"North East","api_district":"Bunkpurugu-Nakpayili District","match_resolution":"override"},"geometry":{"type":"Polygon","coordinates":[[[0.18845,10.41843],[0.19809,10.38662],[0.19396,10.38415],[0.19073,10.38807],[0.18846,10.38076],[0.18317,10.38281],[0.17947,10.37845],[0.17815,10.38136],[0.16947,10.37731],[0.16808,10.37253],[0.15816,10.3732],[0.15549,10.36446],[0.16001,10.35885],[0.15588,10.35817],[0.15704,10.35508],[0.14838,10.35681],[0.14341,10.34852],[0.13003,10.34913],[0.13113,10.34614],[0.12641,10.34672],[0.12066,10.33996],[0.11287,10.3406],[0.10481,10.32229],[0.08555,10.30969],[0.05624,10.30722],[0.04785,10.33851],[0.06459,10.36103],[0.06946,10.38309],[0.04557,10.40532],[0.04046,10.40598],[0.04314,10.42815],[0.03339,10.46363],[0.02462,10.47034],[0.01389,10.48759],[-0.01925,10.50179],[-0.14403,10.52593],[-0.16756,10.53781],[-0.2191,10.52517],[-0.22134,10.54623],[-0.20691,10.5601],[-0.2011,10.55848],[-0.19009,10.57835],[-0.20069,10.58503],[-0.21255,10.58666],[-0.22722,10.59722],[-0.24433,10.64372],[-0.23002,10.65555],[-0.2049,10.65763],[-0.18282,10.6701],[-0.17897,10.66758],[-0.17405,10.67213],[-0.16334,10.67068],[-0.16148,10.67448],[-0.15354,10.67153],[-0.13995,10.68229],[-0.12285,10.6856],[-0.10399,10.70508],[-0.0904,10.7119],[-0.07162,10.6738],[-0.0593,10.63236],[-0.01567,10.62352],[-0.01179,10.61585],[0.04125,10.60156],[0.04288,10.59423],[0.05624,10.58355],[0.06044,10.56163],[0.1177,10.54129],[0.12795,10.53004],[0.14355,10.52566],[0.15066,10.48761],[0.15919,10.4736],[0.1545,10.4653],[0.16468,10.4534],[0.17206,10.45106],[0.16671,10.44134],[0.1696,10.42931],[0.18224,10.42297],[0.1852,10.41706],[0.18845,10.41843]]]}},{"type":"Feature","properties":{"display_name":"Chereponi","region":"North East","api_district":"Chereponi District","match_resolution":"base"},"geometry":{"type":"Polygon","coordinates":[[[0.07166,9.96635],[0.07177,9.97713],[0.06295,9.99397],[0.06371,9.99965],[0.06903,10.00191],[0.08271,9.99819],[0.10949,10.00506],[0.11955,10.01698],[0.12443,10.03884],[0.12254,10.04547],[0.11889,10.0455],[0.11822,10.06165],[0.11327,10.07049],[0.11831,10.08259],[0.11236,10.09497],[0.11233,10.10826],[0.10589,10.11867],[0.11132,10.13101],[0.09825,10.13761],[0.09126,10.15208],[0.08743,10.15103],[0.07938,10.15837],[0.07316,10.17163],[0.06424,10.17208],[0.06091,10.18012],[0.06604,10.20091],[0.07713,10.20525],[0.08532,10.21415],[0.07634,10.22831],[0.09101,10.24348],[0.09,10.24982],[0.0821,10.25602],[0.07742,10.28837],[0.07373,10.29511],[0.05807,10.29392],[0.05639,10.30761],[0.08555,10.30969],[0.10481,10.32229],[0.11287,10.3406],[0.12066,10.33996],[0.12641,10.34672],[0.13113,10.34614],[0.13003,10.34913],[0.14341,10.34852],[0.14838,10.35681],[0.15704,10.35508],[0.15588,10.35817],[0.16001,10.35885],[0.15549,10.36446],[0.15816,10.3732],[0.16808,10.37253],[0.16968,10.37748],[0.17815,10.38136],[0.18033,10.37852],[0.1836,10.38292],[0.18801,10.3805],[0.19073,10.38807],[0.19396,10.38415],[0.1979,10.38638],[0.19407,10.40267],[0.20178,10.40693],[0.2094,10.40538],[0.20515,10.41831],[0.21178,10.41683],[0.21031,10.42156],[0.21717,10.42655],[0.22063,10.4248],[0.21758,10.42237],[0.22652,10.4219],[0.23378,10.41343],[0.24346,10.41577],[0.25083,10.4092],[0.25957,10.40779],[0.26837,10.41009],[0.26657,10.41564],[0.27042,10.41546],[0.2729,10.42076],[0.28547,10.42147],[0.29003,10.40914],[0.29796,10.40953],[0.30017,10.40278],[0.30008,10.39083],[0.29013,10.37649],[0.30277,10.36947],[0.30761,10.37113],[0.31436,10.36001],[0.31531,10.33779],[0.32076,10.334],[0.32812,10.33949],[0.33346,10.33639],[0.33781,10.32505],[0.32351,10.32004],[0.32237,10.31343],[0.31703,10.30987],[0.32499,10.30683],[0.33239,10.31152],[0.34802,10.30756],[0.35299,10.31393],[0.36645,10.31058],[0.3907,10.31591],[0.39762,10.30951],[0.39686,10.30446],[0.38311,10.3],[0.3845,10.29705],[0.37673,10.29113],[0.37802,10.28677],[0.37284,10.28845],[0.3728,10.28317],[0.36923,10.28474],[0.38164,10.27392],[0.36224,10.26292],[0.36116,10.22238],[0.35503,10.21333],[0.35016,10.16803],[0.36296,10.13999],[0.352,10.11091],[0.35528,10.09177],[0.36446,10.08525],[0.39518,10.08095],[0.41732,10.05903],[0.4104,10.02171],[0.40203,10.02035],[0.39414,10.02614],[0.3757,10.02698],[0.36523,10.03501],[0.36024,10.02943],[0.364,10.01628],[0.35704,9.99709],[0.35904,9.98711],[0.36968,9.96397],[0.38608,9.95043],[0.38641,9.93784],[0.36512,9.93214],[0.36256,9.94059],[0.35341,9.94765],[0.34832,9.94853],[0.34694,9.93849],[0.32504,9.94402],[0.32449,9.9631],[0.31097,9.95992],[0.30374,9.97716],[0.27649,9.97405],[0.26984,9.97106],[0.26302,9.95897],[0.25908,9.96381],[0.23355,9.95627],[0.22663,9.9607],[0.20647,9.96042],[0.18974,9.96649],[0.18732,9.96801],[0.19068,9.97425],[0.18376,9.97961],[0.1759,9.97864],[0.15544,9.9861],[0.13945,9.97152],[0.13006,9.95672],[0.12709,9.97171],[0.11908,9.96923],[0.11222,9.97213],[0.10687,9.96736],[0.09898,9.97328],[0.08505,9.9651],[0.07822,9.96849],[0.07166,9.96635]]]}},{"type":"Feature","properties":{"display_name":"East Mamprusi","region":"North East","api_district":"East Mamprusi Municipal","match_resolution":"base"},"geometry":{"type":"Polygon","coordinates":[[[-0.00675,10.33053],[-0.019,10.32859],[-0.02777,10.31623],[-0.0301,10.28917],[-0.0248,10.27122],[-0.07258,10.29517],[-0.08822,10.29503],[-0.08654,10.28971],[-0.09356,10.26949],[-0.11835,10.28804],[-0.14933,10.29523],[-0.16614,10.28105],[-0.19533,10.27666],[-0.203,10.26581],[-0.2383,10.28785],[-0.25572,10.28533],[-0.26105,10.27813],[-0.26943,10.27623],[-0.29554,10.29139],[-0.30986,10.29098],[-0.35278,10.27507],[-0.35948,10.2617],[-0.3859,10.29793],[-0.45535,10.30167],[-0.48396,10.32746],[-0.48877,10.32265],[-0.49429,10.326],[-0.50445,10.31793],[-0.50572,10.30785],[-0.52149,10.32745],[-0.53604,10.32426],[-0.55184,10.33606],[-0.59031,10.34816],[-0.59493,10.37324],[-0.61539,10.39538],[-0.61277,10.41117],[-0.61771,10.42178],[-0.6595,10.41702],[-0.65056,10.45876],[-0.6537,10.47045],[-0.67048,10.481],[-0.66214,10.50113],[-0.66758,10.52697],[-0.65405,10.54848],[-0.64073,10.55559],[-0.63064,10.55266],[-0.61545,10.55518],[-0.59359,10.54612],[-0.57873,10.54928],[-0.56773,10.56465],[-0.55395,10.57175],[-0.52514,10.5577],[-0.51595,10.5605],[-0.50829,10.56717],[-0.50722,10.60697],[-0.49779,10.62386],[-0.46817,10.61802],[-0.46098,10.60765],[-0.44358,10.5997],[-0.39617,10.60823],[-0.36555,10.62515],[-0.35519,10.62534],[-0.34752,10.61904],[-0.33859,10.61949],[-0.33144,10.62554],[-0.31404,10.62109],[-0.2998,10.63357],[-0.28681,10.63857],[-0.28477,10.63433],[-0.28129,10.63943],[-0.27024,10.63805],[-0.27031,10.63483],[-0.26209,10.63154],[-0.25953,10.6371],[-0.24458,10.64386],[-0.22722,10.59722],[-0.21255,10.58666],[-0.20069,10.58503],[-0.19009,10.57835],[-0.2011,10.55848],[-0.20621,10.56038],[-0.21782,10.55199],[-0.22256,10.53581],[-0.2191,10.52517],[-0.22072,10.50445],[-0.21511,10.50265],[-0.21295,10.49478],[-0.21522,10.48458],[-0.21165,10.48171],[-0.2149,10.47393],[-0.21236,10.4707],[-0.21672,10.46342],[-0.21143,10.45176],[-0.21238,10.43628],[-0.19591,10.41355],[-0.18582,10.40844],[-0.17948,10.39072],[-0.18436,10.38306],[-0.18039,10.37445],[-0.17571,10.37795],[-0.167,10.36636],[-0.15849,10.36495],[-0.15518,10.36037],[-0.15305,10.36265],[-0.14329,10.35483],[-0.09883,10.33999],[-0.08723,10.34082],[-0.07603,10.3544],[-0.05138,10.36307],[-0.04344,10.35417],[-0.03547,10.35742],[-0.02659,10.34912],[-0.00933,10.34914],[-0.00363,10.33491],[-0.00675,10.33053]]]}},{"type":"Feature","properties":{"display_name":"Mamprugu Moagduri","region":"North East","api_district":"Mamprugu-Moagduri District","match_resolution":"base"},"geometry":{"type":"Polygon","coordinates":[[[-1.58768,10.07786],[-1.58578,10.08205],[-1.58996,10.08867],[-1.58645,10.1005],[-1.59525,10.1067],[-1.59241,10.1152],[-1.60051,10.13273],[-1.62155,10.13321],[-1.6359,10.15469],[-1.65984,10.1657],[-1.66343,10.18637],[-1.6522,10.19783],[-1.64785,10.21531],[-1.57689,10.34673],[-1.51783,10.40582],[-1.47487,10.43325],[-1.46863,10.44282],[-1.44815,10.45512],[-1.44537,10.46163],[-1.43401,10.46772],[-1.42939,10.46366],[-1.41811,10.46601],[-1.41153,10.47735],[-1.40094,10.48426],[-1.37398,10.46287],[-1.37419,10.45821],[-1.38031,10.45653],[-1.36245,10.43541],[-1.36488,10.42918],[-1.37276,10.42743],[-1.36386,10.42224],[-1.36667,10.41389],[-1.37363,10.40575],[-1.38486,10.40533],[-1.38135,10.39038],[-1.37325,10.38178],[-1.3504,10.3731],[-1.34328,10.35248],[-1.34818,10.34725],[-1.34164,10.34337],[-1.33631,10.34778],[-1.32491,10.34011],[-1.32636,10.33206],[-1.29774,10.32447],[-1.28909,10.32624],[-1.28522,10.32205],[-1.27314,10.32122],[-1.27279,10.32686],[-1.26896,10.32549],[-1.27176,10.31452],[-1.25618,10.30328],[-1.25635,10.28547],[-1.25362,10.27782],[-1.24863,10.27837],[-1.24769,10.27471],[-1.24333,10.27644],[-1.2471,10.28126],[-1.24151,10.27821],[-1.23897,10.28667],[-1.22824,10.2869],[-1.23194,10.29263],[-1.22291,10.29518],[-1.22411,10.30255],[-1.2176,10.30833],[-1.21108,10.32406],[-1.21402,10.34428],[-1.23211,10.36702],[-1.23203,10.38699],[-1.22701,10.39165],[-1.16559,10.41256],[-1.13332,10.45816],[-1.09755,10.48322],[-1.07175,10.49043],[-1.07318,10.47185],[-1.06192,10.46858],[-1.06009,10.46301],[-1.06424,10.45142],[-1.07434,10.44372],[-1.08265,10.44399],[-1.08291,10.43585],[-1.07718,10.4289],[-1.08085,10.42116],[-1.06736,10.40728],[-1.06735,10.37994],[-1.06101,10.38313],[-1.05298,10.37384],[-1.05546,10.36004],[-1.06779,10.34925],[-1.08209,10.34916],[-1.087,10.33677],[-1.08315,10.33173],[-1.06457,10.32731],[-1.06019,10.30909],[-1.04277,10.31054],[-1.02365,10.29768],[-1.03232,10.2922],[-1.0467,10.29697],[-1.04723,10.28371],[-1.03214,10.26867],[-1.00945,10.26319],[-1.01561,10.24771],[-1.00945,10.22798],[-1.01293,10.22258],[-1.02508,10.22276],[-1.02883,10.21365],[-1.0265,10.20427],[-1.02249,10.2048],[-1.01757,10.21409],[-1.0132,10.21391],[-1.01088,10.20197],[-1.00418,10.19879],[-1.00945,10.19295],[-1.02936,10.18384],[-1.04642,10.18613],[-1.05793,10.15759],[-1.07222,10.17339],[-1.09445,10.18453],[-1.11071,10.18709],[-1.12346,10.15073],[-1.13125,10.14121],[-1.1221,10.13021],[-1.12618,10.11536],[-1.13066,10.11265],[-1.13986,10.1193],[-1.21023,10.08843],[-1.24141,10.03546],[-1.23608,10.03138],[-1.23763,10.02641],[-1.2562,10.03551],[-1.26493,10.0315],[-1.2763,10.03163],[-1.27951,10.03798],[-1.28767,10.03548],[-1.30628,10.05444],[-1.31015,10.06604],[-1.32253,10.06593],[-1.35503,10.07972],[-1.36832,10.08904],[-1.36963,10.09459],[-1.38317,10.0901],[-1.40595,10.09408],[-1.4119,10.08908],[-1.43675,10.1034],[-1.4674,10.10364],[-1.50531,10.08329],[-1.5174,10.0866],[-1.53273,10.07373],[-1.54633,10.07053],[-1.55132,10.0928],[-1.55737,10.09779],[-1.55862,10.09139],[-1.57936,10.08942],[-1.582,10.08111],[-1.58768,10.07786]]]}},{"type":"Feature","properties":{"display_name":"West Mamprusi","region":"North East","api_district":"West Mamprusi Municipal","match_resolution":"base"},"geometry":{"type":"Polygon","coordinates":[[[-1.06602,10.49726],[-1.05379,10.49945],[-1.04163,10.52041],[-1.02046,10.53353],[-1.00836,10.538],[-0.97943,10.53224],[-0.96536,10.53685],[-0.95917,10.5288],[-0.94818,10.53377],[-0.93152,10.52477],[-0.91581,10.52846],[-0.91013,10.52497],[-0.90895,10.51887],[-0.91769,10.50441],[-0.93484,10.48642],[-0.93321,10.48096],[-0.92677,10.4804],[-0.89062,10.51852],[-0.90854,10.56109],[-0.90922,10.57587],[-0.87459,10.59526],[-0.86114,10.59172],[-0.85436,10.58077],[-0.84328,10.57463],[-0.83785,10.60124],[-0.82364,10.60093],[-0.79592,10.62173],[-0.79435,10.65062],[-0.77633,10.65205],[-0.75557,10.64027],[-0.73728,10.64968],[-0.72441,10.6516],[-0.71221,10.64159],[-0.706,10.62182],[-0.70912,10.61654],[-0.71796,10.61534],[-0.71819,10.60562],[-0.69381,10.58888],[-0.68574,10.56763],[-0.70639,10.54261],[-0.715,10.53742],[-0.71618,10.53091],[-0.711,10.52429],[-0.70486,10.52363],[-0.7009,10.53501],[-0.68987,10.54253],[-0.68146,10.52664],[-0.66679,10.52653],[-0.66214,10.50113],[-0.67048,10.481],[-0.6537,10.47045],[-0.65056,10.45876],[-0.6595,10.41702],[-0.61771,10.42178],[-0.61277,10.41117],[-0.61539,10.39538],[-0.59493,10.37324],[-0.59031,10.34816],[-0.55184,10.33606],[-0.53604,10.32426],[-0.52195,10.32766],[-0.5199,10.32179],[-0.51186,10.31903],[-0.50359,10.30331],[-0.50562,10.2924],[-0.49697,10.28129],[-0.50031,10.27598],[-0.49782,10.27106],[-0.50527,10.27044],[-0.50127,10.25899],[-0.51073,10.25268],[-0.499,10.23742],[-0.50289,10.24064],[-0.50962,10.23667],[-0.51226,10.24297],[-0.51518,10.24172],[-0.51399,10.24824],[-0.51936,10.24595],[-0.52194,10.23398],[-0.53248,10.25385],[-0.5343,10.26712],[-0.54113,10.26145],[-0.54667,10.24795],[-0.54689,10.23557],[-0.54157,10.23263],[-0.5411,10.22572],[-0.5476,10.2105],[-0.58076,10.17667],[-0.58997,10.17338],[-0.59911,10.16021],[-0.62562,10.1655],[-0.62452,10.17293],[-0.63199,10.17595],[-0.63367,10.18384],[-0.64351,10.19014],[-0.65275,10.18066],[-0.65204,10.19168],[-0.65786,10.19196],[-0.66733,10.17952],[-0.6814,10.18088],[-0.68289,10.18974],[-0.68995,10.18218],[-0.69397,10.18854],[-0.69938,10.17981],[-0.71034,10.17736],[-0.71106,10.18442],[-0.71824,10.17892],[-0.71234,10.17493],[-0.71535,10.17139],[-0.71161,10.16293],[-0.73255,10.17066],[-0.73718,10.16724],[-0.73167,10.16217],[-0.73342,10.15992],[-0.74463,10.16729],[-0.75008,10.15932],[-0.76399,10.16513],[-0.77477,10.15365],[-0.78026,10.1562],[-0.78338,10.14186],[-0.78693,10.15182],[-0.7941,10.14554],[-0.7998,10.15628],[-0.80404,10.15524],[-0.81783,10.12535],[-0.82191,10.12489],[-0.82125,10.11819],[-0.83703,10.12181],[-0.83718,10.13201],[-0.85437,10.12814],[-0.8559,10.12441],[-0.84905,10.11486],[-0.85652,10.11174],[-0.85792,10.10385],[-0.86847,10.0957],[-0.85795,10.08544],[-0.86968,10.07612],[-0.86468,10.05574],[-0.88181,10.05966],[-0.88141,10.04861],[-0.8881,10.05218],[-0.89037,10.04928],[-0.88608,10.03543],[-0.89497,10.03387],[-0.89542,10.01948],[-0.90494,10.02507],[-0.91011,10.02354],[-0.91211,10.01242],[-0.90608,10.01288],[-0.9125,10.00947],[-0.91945,10.01309],[-0.92154,10.00023],[-0.93155,10.01057],[-0.93778,10.01151],[-0.94297,9.99799],[-0.94033,9.98997],[-0.95339,9.99294],[-0.96229,9.99059],[-0.97264,9.96474],[-0.97039,9.95634],[-0.98262,9.96308],[-0.98524,9.95226],[-0.98095,9.94444],[-0.99212,9.94347],[-0.99083,9.95191],[-1.00236,9.96725],[-0.99769,9.97663],[-0.98754,9.98394],[-0.99152,9.99184],[-0.98805,10.00151],[-1.00231,10.01042],[-1.00266,10.01847],[-1.01268,10.02809],[-1.01488,10.04157],[-1.02667,10.06285],[-1.02406,10.07453],[-1.01085,10.07829],[-1.01205,10.09287],[-1.02106,10.10067],[-1.03186,10.09794],[-1.07006,10.10586],[-1.06108,10.11254],[-1.06214,10.12109],[-1.0866,10.12147],[-1.09323,10.13055],[-1.09336,10.13855],[-1.08625,10.15229],[-1.07949,10.15671],[-1.06358,10.15528],[-1.05605,10.15906],[-1.04642,10.18613],[-1.02936,10.18384],[-1.00418,10.19879],[-1.01088,10.20197],[-1.01427,10.21444],[-1.02249,10.2048],[-1.02865,10.20586],[-1.02606,10.22196],[-1.01293,10.22258],[-1.00945,10.22798],[-1.01561,10.24771],[-1.00945,10.26319],[-1.03214,10.26867],[-1.04723,10.28371],[-1.0467,10.29697],[-1.03232,10.2922],[-1.02365,10.29768],[-1.04277,10.31054],[-1.06019,10.30909],[-1.06457,10.32731],[-1.08315,10.33173],[-1.087,10.33677],[-1.08387,10.34783],[-1.06779,10.34925],[-1.05412,10.36243],[-1.05466,10.37871],[-1.06101,10.38313],[-1.06735,10.37994],[-1.06736,10.40728],[-1.08014,10.41931],[-1.07718,10.4289],[-1.08291,10.43585],[-1.08148,10.44575],[-1.07434,10.44372],[-1.06424,10.45142],[-1.06031,10.46186],[-1.06102,10.46787],[-1.06978,10.46884],[-1.07398,10.47442],[-1.07175,10.49043],[-1.06602,10.49726]]]}},{"type":"Feature","properties":{"display_name":"Yunyoo-Nasuan","region":"North East","api_district":"Yunyoo-Nasuan District","match_resolution":"base"},"geometry":{"type":"Polygon","coordinates":[[[0.0484,10.33984],[0.04897,10.34269],[0.03248,10.33589],[0.02916,10.33874],[0.02434,10.33232],[-0.00675,10.33053],[-0.00363,10.33491],[-0.00933,10.34914],[-0.02659,10.34912],[-0.03547,10.35742],[-0.04344,10.35417],[-0.04893,10.36163],[-0.05623,10.36343],[-0.07026,10.35394],[-0.07603,10.3544],[-0.08723,10.34082],[-0.1008,10.34017],[-0.10056,10.34285],[-0.11995,10.34601],[-0.16676,10.3662],[-0.17571,10.37795],[-0.18028,10.37433],[-0.18436,10.38306],[-0.17948,10.39072],[-0.18582,10.40844],[-0.19591,10.41355],[-0.21238,10.43628],[-0.21143,10.45176],[-0.21672,10.46342],[-0.21165,10.48171],[-0.21522,10.48458],[-0.21266,10.48996],[-0.21511,10.50265],[-0.22112,10.50662],[-0.2191,10.52517],[-0.16756,10.53781],[-0.14403,10.52593],[-0.01925,10.50179],[0.01389,10.48759],[0.02462,10.47034],[0.03339,10.46363],[0.04314,10.42815],[0.04046,10.40598],[0.04557,10.40532],[0.06946,10.38309],[0.06459,10.36103],[0.0484,10.33984]]]}},{"type":"Feature","properties":{"display_name":"Gushegu","region":"Northern","api_district":"Gushegu Municipal","match_resolution":"base"},"geometry":{"type":"Polygon","coordinates":[[[0.04897,10.34269],[0.05807,10.29392],[0.07373,10.29511],[0.07742,10.28837],[0.0821,10.25602],[0.09,10.24982],[0.09101,10.24348],[0.07634,10.22831],[0.08532,10.21415],[0.07713,10.20525],[0.06604,10.20091],[0.06091,10.18012],[0.06424,10.17208],[0.07316,10.17163],[0.07938,10.15837],[0.08743,10.15103],[0.09126,10.15208],[0.09825,10.13761],[0.11146,10.1307],[0.10589,10.11867],[0.11233,10.10826],[0.11061,10.10249],[0.11857,10.08134],[0.1133,10.07655],[0.11327,10.07049],[0.11822,10.06165],[0.11889,10.0455],[0.12254,10.04547],[0.1243,10.04],[0.1246,10.02893],[0.10941,10.00502],[0.08271,9.99819],[0.06903,10.00191],[0.06371,9.99965],[0.06295,9.99397],[0.07177,9.97713],[0.07123,9.96556],[0.0622,9.96778],[0.04314,9.95566],[0.02435,9.9516],[0.02467,9.93134],[0.0164,9.92773],[0.0122,9.91798],[0.01574,9.903],[0.00566,9.89939],[0.0028,9.88435],[-0.00552,9.87433],[-0.0015,9.86874],[-0.01219,9.86769],[-0.01957,9.8608],[-0.01778,9.84172],[-0.02246,9.83195],[-0.00902,9.82871],[0.00575,9.81308],[-0.02263,9.8007],[-0.04066,9.80259],[-0.04653,9.79835],[-0.04741,9.79186],[-0.05386,9.78932],[-0.07052,9.79285],[-0.08197,9.79003],[-0.09778,9.79677],[-0.11216,9.79451],[-0.11519,9.79225],[-0.11793,9.76346],[-0.11102,9.7536],[-0.14549,9.74432],[-0.15999,9.75093],[-0.18119,9.75405],[-0.17614,9.74954],[-0.18303,9.74112],[-0.17329,9.72642],[-0.22881,9.71757],[-0.24669,9.72094],[-0.26093,9.70253],[-0.25712,9.67274],[-0.2662,9.66466],[-0.26572,9.64954],[-0.27976,9.62561],[-0.26832,9.5897],[-0.29544,9.57916],[-0.32352,9.58459],[-0.34637,9.56535],[-0.35788,9.54916],[-0.40431,9.53064],[-0.41022,9.52501],[-0.41233,9.50738],[-0.45998,9.50601],[-0.46592,9.51587],[-0.47257,9.5185],[-0.4819,9.5167],[-0.49503,9.50498],[-0.50458,9.50384],[-0.50705,9.50992],[-0.49875,9.51621],[-0.49904,9.53173],[-0.50236,9.5399],[-0.49998,9.5452],[-0.50675,9.55258],[-0.50836,9.56498],[-0.48557,9.5948],[-0.50215,9.62659],[-0.49332,9.63386],[-0.48793,9.65076],[-0.47694,9.66549],[-0.47743,9.68448],[-0.47293,9.69345],[-0.48388,9.72207],[-0.47561,9.7394],[-0.46874,9.74277],[-0.47163,9.74741],[-0.45808,9.77692],[-0.474,9.77954],[-0.47824,9.78434],[-0.49149,9.78349],[-0.49411,9.80405],[-0.4798,9.82316],[-0.4734,9.82069],[-0.46586,9.82546],[-0.45599,9.82099],[-0.44548,9.82541],[-0.43693,9.8187],[-0.42828,9.82052],[-0.42314,9.81211],[-0.40436,9.81401],[-0.39824,9.82407],[-0.38638,9.82987],[-0.37662,9.82889],[-0.36856,9.8426],[-0.35325,9.84508],[-0.34484,9.8577],[-0.29984,9.88307],[-0.30206,9.92012],[-0.31277,9.93363],[-0.30278,9.94507],[-0.28089,9.95485],[-0.27502,9.96796],[-0.27611,9.97979],[-0.27228,9.98097],[-0.27515,9.98788],[-0.2806,9.98686],[-0.28921,10.00269],[-0.29005,10.04063],[-0.29736,10.04239],[-0.29518,10.04665],[-0.29945,10.04643],[-0.30201,10.05224],[-0.29098,10.05974],[-0.26776,10.05811],[-0.24689,10.07639],[-0.23303,10.08063],[-0.24038,10.10968],[-0.24914,10.1159],[-0.2494,10.11812],[-0.2378,10.11261],[-0.23262,10.11408],[-0.22922,10.10703],[-0.20788,10.10618],[-0.20237,10.09521],[-0.19598,10.09361],[-0.19213,10.0848],[-0.18246,10.08309],[-0.17435,10.07075],[-0.1627,10.07763],[-0.14694,10.07719],[-0.13608,10.08611],[-0.13578,10.10494],[-0.15055,10.14101],[-0.1603,10.13963],[-0.1721,10.15799],[-0.18366,10.16328],[-0.1689,10.17147],[-0.15846,10.18872],[-0.14496,10.20073],[-0.14542,10.20542],[-0.13803,10.20895],[-0.14232,10.21827],[-0.13967,10.22764],[-0.11424,10.24145],[-0.12806,10.26379],[-0.13112,10.292],[-0.11684,10.28721],[-0.09402,10.26942],[-0.08654,10.28971],[-0.08822,10.29503],[-0.0721,10.29507],[-0.0248,10.27122],[-0.02958,10.30081],[-0.02777,10.31623],[-0.019,10.32859],[0.02434,10.33232],[0.02916,10.33874],[0.03343,10.33595],[0.04897,10.34269]]]}},{"type":"Feature","properties":{"display_name":"Karaga","region":"Northern","api_district":"Karaga District","match_resolution":"base"},"geometry":{"type":"Polygon","coordinates":[[[-0.50693,9.50965],[-0.51558,9.51493],[-0.52351,9.5305],[-0.54091,9.5196],[-0.61241,9.52765],[-0.61195,9.55311],[-0.60227,9.56696],[-0.60217,9.57421],[-0.59544,9.57612],[-0.59213,9.58299],[-0.62036,9.61473],[-0.63216,9.61923],[-0.6316,9.63245],[-0.62553,9.63412],[-0.62467,9.63954],[-0.63391,9.64221],[-0.64056,9.64963],[-0.63847,9.65637],[-0.64491,9.6583],[-0.64636,9.66846],[-0.66031,9.68648],[-0.65962,9.69322],[-0.6753,9.68877],[-0.68886,9.70274],[-0.69622,9.72047],[-0.69123,9.72931],[-0.69199,9.73715],[-0.6975,9.74201],[-0.7042,9.76794],[-0.70156,9.78046],[-0.68358,9.79347],[-0.69192,9.81919],[-0.70541,9.81652],[-0.70987,9.81934],[-0.71682,9.81488],[-0.72256,9.82069],[-0.72855,9.81654],[-0.73309,9.82125],[-0.73825,9.81731],[-0.74755,9.81814],[-0.74579,9.8285],[-0.75046,9.83771],[-0.73654,9.84772],[-0.73872,9.85379],[-0.77195,9.86417],[-0.79793,9.86761],[-0.81766,9.87702],[-0.81404,9.88091],[-0.80723,9.87806],[-0.7974,9.88458],[-0.78953,9.89818],[-0.79285,9.8991],[-0.79015,9.90365],[-0.76862,9.91415],[-0.77011,9.9308],[-0.76686,9.94123],[-0.7488,9.97142],[-0.73386,9.97671],[-0.72036,10.00269],[-0.70906,10.00269],[-0.70618,10.04089],[-0.68252,10.04015],[-0.67822,10.03279],[-0.67832,10.04675],[-0.68909,10.05438],[-0.68599,10.0658],[-0.68889,10.07395],[-0.67908,10.08138],[-0.67606,10.0961],[-0.65307,10.10656],[-0.64842,10.12186],[-0.65735,10.13855],[-0.66314,10.14221],[-0.66156,10.15686],[-0.66818,10.16688],[-0.66269,10.18594],[-0.65304,10.19247],[-0.65275,10.18066],[-0.64351,10.19014],[-0.63367,10.18384],[-0.63199,10.17595],[-0.62452,10.17293],[-0.62562,10.1655],[-0.59911,10.16021],[-0.58997,10.17338],[-0.58076,10.17667],[-0.5476,10.2105],[-0.5411,10.22572],[-0.54157,10.23263],[-0.54689,10.23557],[-0.54667,10.24795],[-0.54113,10.26145],[-0.5343,10.26712],[-0.53248,10.25385],[-0.52194,10.23398],[-0.51936,10.24595],[-0.51399,10.24824],[-0.51518,10.24172],[-0.51226,10.24297],[-0.50962,10.23667],[-0.50289,10.24064],[-0.499,10.23742],[-0.51073,10.25268],[-0.50127,10.25899],[-0.50515,10.27067],[-0.49771,10.27137],[-0.50031,10.27598],[-0.49701,10.28149],[-0.50562,10.2924],[-0.50314,10.29539],[-0.50609,10.31256],[-0.49429,10.326],[-0.48877,10.32265],[-0.4815,10.32627],[-0.45535,10.30167],[-0.3859,10.29793],[-0.35948,10.2617],[-0.35375,10.26799],[-0.35461,10.27388],[-0.33016,10.28473],[-0.32328,10.28418],[-0.31571,10.29077],[-0.29554,10.29139],[-0.26943,10.27623],[-0.26105,10.27813],[-0.25572,10.28533],[-0.2383,10.28785],[-0.203,10.26581],[-0.19533,10.27666],[-0.16614,10.28105],[-0.15204,10.2947],[-0.13,10.29158],[-0.12806,10.26379],[-0.11424,10.24145],[-0.13967,10.22764],[-0.14232,10.21827],[-0.13803,10.20895],[-0.14542,10.20542],[-0.14496,10.20073],[-0.15846,10.18872],[-0.1689,10.17147],[-0.18366,10.16328],[-0.1721,10.15799],[-0.1603,10.13963],[-0.15055,10.14101],[-0.13578,10.10494],[-0.13608,10.08611],[-0.14694,10.07719],[-0.1627,10.07763],[-0.17435,10.07075],[-0.18246,10.08309],[-0.19213,10.0848],[-0.19598,10.09361],[-0.20237,10.09521],[-0.20788,10.10618],[-0.22922,10.10703],[-0.23262,10.11408],[-0.2378,10.11261],[-0.2494,10.11812],[-0.24038,10.10968],[-0.23303,10.08063],[-0.24689,10.07639],[-0.26776,10.05811],[-0.29098,10.05974],[-0.30201,10.05224],[-0.29945,10.04643],[-0.29518,10.04665],[-0.29736,10.04239],[-0.29005,10.04063],[-0.28921,10.00269],[-0.2806,9.98686],[-0.27515,9.98788],[-0.27228,9.98097],[-0.27611,9.97979],[-0.27502,9.96796],[-0.28089,9.95485],[-0.30278,9.94507],[-0.31277,9.93363],[-0.30206,9.92012],[-0.29984,9.88307],[-0.34484,9.8577],[-0.35325,9.84508],[-0.36856,9.8426],[-0.37662,9.82889],[-0.38638,9.82987],[-0.39824,9.82407],[-0.40436,9.81401],[-0.42314,9.81211],[-0.42828,9.82052],[-0.43693,9.8187],[-0.44548,9.82541],[-0.45599,9.82099],[-0.46586,9.82546],[-0.4734,9.82069],[-0.4798,9.82316],[-0.49518,9.80233],[-0.49149,9.78349],[-0.47824,9.78434],[-0.474,9.77954],[-0.45808,9.77692],[-0.47163,9.74741],[-0.46874,9.74277],[-0.47561,9.7394],[-0.48388,9.72207],[-0.47293,9.69345],[-0.47743,9.68448],[-0.47694,9.66549],[-0.48793,9.65076],[-0.49332,9.63386],[-0.50215,9.62659],[-0.48557,9.5948],[-0.50836,9.56498],[-0.50675,9.55258],[-0.49998,9.5452],[-0.50236,9.5399],[-0.49857,9.52143],[-0.49999,9.51381],[-0.50693,9.50965]]]}},{"type":"Feature","properties":{"display_name":"Kpandai","region":"Northern","api_district":"Kpandai District","match_resolution":"base"},"geometry":{"type":"Polygon","coordinates":[[[-0.19748,8.54685],[-0.1886,8.54024],[-0.18652,8.54726],[-0.17456,8.55316],[-0.16863,8.55002],[-0.16232,8.55908],[-0.15644,8.54472],[-0.12095,8.54759],[-0.12269,8.54265],[-0.11862,8.53956],[-0.09142,8.54434],[-0.06927,8.55414],[-0.05472,8.55423],[-0.03596,8.54855],[-0.0076,8.54744],[0.00385,8.53369],[0.04981,8.53176],[0.06249,8.52612],[0.07788,8.52867],[0.08284,8.52584],[0.09389,8.50166],[0.1208,8.48539],[0.08158,8.46078],[0.09074,8.44543],[0.09288,8.42746],[0.08649,8.40324],[0.10472,8.39008],[0.12482,8.38282],[0.16532,8.39111],[0.20748,8.4101],[0.22298,8.40711],[0.24433,8.38646],[0.24275,8.3541],[0.23533,8.34383],[0.20346,8.3413],[0.18577,8.32638],[0.19802,8.29147],[0.19386,8.25328],[0.16294,8.24153],[0.14489,8.24086],[0.12322,8.23244],[0.1299,8.21458],[0.11668,8.21772],[0.11521,8.22914],[0.10791,8.2239],[0.09586,8.23033],[0.0795,8.22249],[0.08575,8.23302],[0.09429,8.23277],[0.10437,8.23903],[0.08065,8.28002],[0.06009,8.28202],[0.05275,8.29063],[0.03341,8.296],[0.01058,8.29764],[-0.00259,8.32053],[-0.03674,8.33319],[-0.04084,8.33981],[-0.04033,8.34963],[-0.04821,8.35221],[-0.06431,8.35118],[-0.06772,8.33984],[-0.08433,8.33732],[-0.0874,8.33243],[-0.11027,8.33591],[-0.11412,8.29729],[-0.1255,8.27236],[-0.14273,8.27208],[-0.14686,8.28984],[-0.15818,8.29767],[-0.16363,8.31279],[-0.18412,8.3378],[-0.18714,8.35802],[-0.19606,8.34773],[-0.21025,8.35064],[-0.21789,8.33848],[-0.23796,8.34293],[-0.24795,8.33373],[-0.26319,8.33582],[-0.26655,8.32709],[-0.27777,8.31985],[-0.30858,8.321],[-0.32654,8.33935],[-0.30704,8.35792],[-0.29903,8.35294],[-0.25907,8.34936],[-0.25254,8.35252],[-0.24929,8.38034],[-0.22082,8.44001],[-0.21879,8.45552],[-0.23348,8.45743],[-0.24285,8.47267],[-0.21935,8.47498],[-0.21286,8.46802],[-0.21009,8.48678],[-0.20058,8.48161],[-0.19508,8.4833],[-0.20823,8.49464],[-0.20452,8.49716],[-0.19941,8.522],[-0.20648,8.52675],[-0.20623,8.5387],[-0.19748,8.54685]]]}},{"type":"Feature","properties":{"display_name":"Kumbungu","region":"Northern","api_district":"Kumbungu District","match_resolution":"base"},"geometry":{"type":"Polygon","coordinates":[[[-1.17431,9.78978],[-1.174,9.80786],[-1.16903,9.81456],[-1.1726,9.82448],[-1.16392,9.83732],[-1.16006,9.85652],[-1.16389,9.87391],[-1.17208,9.87967],[-1.18219,9.89798],[-1.17632,9.92329],[-1.17846,9.94965],[-1.16257,9.95221],[-1.12669,9.92952],[-1.10765,9.92729],[-1.12441,9.95945],[-1.13989,9.96794],[-1.14206,9.98],[-1.1564,9.97729],[-1.18033,9.99194],[-1.1969,9.99398],[-1.20856,10.00543],[-1.22704,10.00796],[-1.23925,10.02281],[-1.23608,10.03138],[-1.24141,10.03546],[-1.21023,10.08843],[-1.13986,10.1193],[-1.13066,10.11265],[-1.12618,10.11536],[-1.1221,10.13021],[-1.13125,10.14121],[-1.12346,10.15073],[-1.11071,10.18709],[-1.10249,10.18639],[-1.07222,10.17339],[-1.05793,10.15759],[-1.07949,10.15671],[-1.08625,10.15229],[-1.09372,10.13664],[-1.08889,10.12218],[-1.06214,10.12109],[-1.06108,10.11254],[-1.07006,10.10586],[-1.03186,10.09794],[-1.02106,10.10067],[-1.01205,10.09287],[-1.01085,10.07829],[-1.02406,10.07453],[-1.02618,10.06008],[-1.01488,10.04157],[-1.01268,10.02809],[-1.00266,10.01847],[-1.00231,10.01042],[-0.98826,10.00218],[-0.99152,9.99184],[-0.98708,9.98511],[-0.99769,9.97663],[-1.00218,9.96504],[-0.99083,9.95191],[-0.99212,9.94347],[-0.98442,9.94542],[-0.97954,9.94152],[-1.01802,9.91867],[-1.00464,9.89446],[-1.01647,9.89008],[-1.02533,9.89871],[-1.02677,9.88943],[-1.02244,9.87495],[-1.00337,9.8599],[-1.00833,9.86016],[-0.99925,9.85919],[-0.99615,9.85204],[-0.98255,9.85595],[-0.97481,9.84817],[-0.9703,9.82995],[-0.97639,9.81767],[-0.97192,9.80571],[-0.96376,9.79805],[-0.95031,9.8025],[-0.94711,9.77846],[-0.93902,9.76653],[-0.94495,9.75784],[-0.94414,9.73727],[-0.95725,9.73687],[-0.96441,9.72245],[-0.97661,9.71997],[-0.98064,9.71541],[-0.97783,9.71018],[-0.96388,9.70344],[-0.96383,9.69785],[-0.97484,9.68932],[-0.98126,9.69383],[-0.98894,9.69344],[-1.00119,9.67738],[-0.9642,9.6586],[-0.93071,9.66203],[-0.9209,9.63299],[-0.91002,9.62117],[-0.90973,9.60884],[-0.91328,9.60504],[-0.90407,9.58253],[-0.90854,9.57375],[-0.89743,9.57349],[-0.88353,9.56563],[-0.88404,9.55429],[-0.8917,9.5439],[-0.89061,9.53226],[-0.89784,9.51834],[-0.88817,9.50788],[-0.89717,9.49519],[-0.89094,9.48504],[-0.91168,9.47573],[-0.91259,9.46672],[-0.92369,9.46917],[-0.93389,9.46382],[-0.93402,9.45733],[-0.94303,9.4569],[-0.96602,9.4187],[-0.99353,9.41897],[-0.99865,9.41696],[-0.99744,9.40893],[-0.99969,9.41045],[-1.00984,9.43754],[-1.01897,9.44093],[-1.03227,9.45673],[-1.03324,9.47263],[-1.0387,9.47913],[-1.05098,9.48082],[-1.04702,9.49189],[-1.05624,9.50046],[-1.05498,9.51005],[-1.06834,9.51639],[-1.06321,9.52469],[-1.07036,9.53036],[-1.06438,9.53955],[-1.06497,9.54629],[-1.06742,9.55183],[-1.07347,9.55173],[-1.07529,9.56945],[-1.08152,9.57507],[-1.07226,9.58016],[-1.09663,9.60055],[-1.10482,9.59934],[-1.1099,9.60599],[-1.13765,9.60499],[-1.14811,9.63884],[-1.14771,9.65201],[-1.14429,9.65571],[-1.16908,9.66903],[-1.17417,9.66907],[-1.18144,9.66141],[-1.19136,9.6649],[-1.17616,9.69182],[-1.16029,9.70015],[-1.16029,9.70733],[-1.15359,9.71366],[-1.16084,9.72429],[-1.15337,9.73826],[-1.15819,9.74149],[-1.15612,9.75849],[-1.16382,9.76636],[-1.16326,9.7803],[-1.17431,9.78978]]]}},{"type":"Feature","properties":{"display_name":"Mion","region":"Northern","api_district":"Mion District","match_resolution":"base"},"geometry":{"type":"MultiPolygon","coordinates":[[[[0.17526,9.14846],[0.15267,9.15171],[0.13416,9.13534],[0.1135,9.12893],[0.12385,9.10917],[0.12354,9.09892],[0.10233,9.10666],[0.07892,9.10608],[0.07105,9.09997],[0.06501,9.10425],[0.06565,9.11149],[0.04413,9.13557],[0.03593,9.13385],[0.03061,9.13696],[0.0337,9.14644],[0.02598,9.148],[0.02278,9.15452],[0.02759,9.15944],[0.04864,9.16338],[0.05313,9.18241],[0.05029,9.21102],[0.06802,9.2115],[0.08483,9.19878],[0.10591,9.20346],[0.1249,9.19371],[0.14148,9.19741],[0.17185,9.19533],[0.17502,9.19071],[0.16732,9.16407],[0.17526,9.14846]]],[[[-0.02617,9.80059],[-0.02846,9.7889],[-0.02506,9.75457],[-0.03915,9.75587],[-0.04633,9.75102],[-0.06536,9.74881],[-0.07585,9.73486],[-0.07772,9.72458],[-0.08526,9.718],[-0.10323,9.70898],[-0.10272,9.70508],[-0.13565,9.7019],[-0.14496,9.69577],[-0.15291,9.68186],[-0.15863,9.68464],[-0.17443,9.67659],[-0.1752,9.6668],[-0.17144,9.6519],[-0.15231,9.64728],[-0.12975,9.62773],[-0.12239,9.62517],[-0.09778,9.62951],[-0.09476,9.624],[-0.08899,9.62363],[-0.08662,9.61734],[-0.09062,9.60794],[-0.08186,9.60634],[-0.08428,9.59638],[-0.07244,9.58635],[-0.06574,9.58886],[-0.06813,9.57515],[-0.06076,9.57501],[-0.06273,9.56616],[-0.05167,9.56364],[-0.05761,9.54693],[-0.06171,9.54698],[-0.06527,9.55585],[-0.06992,9.54704],[-0.06978,9.53779],[-0.07415,9.53326],[-0.07127,9.51771],[-0.08121,9.52454],[-0.08449,9.52069],[-0.08062,9.50761],[-0.09848,9.49817],[-0.09821,9.49501],[-0.08989,9.49261],[-0.10326,9.46283],[-0.10284,9.45742],[-0.09411,9.45438],[-0.08276,9.43776],[-0.05595,9.43492],[-0.05981,9.42527],[-0.05269,9.41986],[-0.05021,9.41216],[-0.04614,9.41357],[-0.04522,9.39907],[-0.04021,9.39352],[-0.04431,9.38864],[-0.03874,9.38384],[-0.04855,9.36806],[-0.05863,9.36916],[-0.06897,9.37593],[-0.08665,9.34595],[-0.07114,9.33209],[-0.07464,9.32603],[-0.07274,9.32035],[-0.06268,9.31621],[-0.06705,9.3078],[-0.05786,9.30185],[-0.05319,9.30591],[-0.043,9.30459],[-0.04155,9.29395],[-0.05087,9.28524],[-0.04624,9.28058],[-0.03782,9.28346],[-0.02924,9.27317],[-0.0379,9.26755],[-0.03104,9.26021],[-0.03483,9.2549],[-0.02989,9.24982],[-0.03421,9.24309],[-0.02656,9.24071],[-0.02827,9.22327],[-0.02103,9.22009],[-0.02271,9.2155],[-0.03404,9.21308],[-0.03902,9.19604],[-0.04519,9.19196],[-0.05329,9.19338],[-0.0568,9.18711],[-0.04533,9.17062],[-0.05193,9.17096],[-0.056,9.16664],[-0.06775,9.17397],[-0.07401,9.1692],[-0.06372,9.16137],[-0.05763,9.14675],[-0.05359,9.1475],[-0.05819,9.1221],[-0.0668,9.12025],[-0.06754,9.13141],[-0.08399,9.12596],[-0.08745,9.13343],[-0.09505,9.13188],[-0.103,9.13783],[-0.10815,9.1282],[-0.11454,9.12894],[-0.11681,9.12439],[-0.12928,9.12593],[-0.13316,9.13197],[-0.14424,9.12881],[-0.14421,9.13418],[-0.14744,9.12754],[-0.15302,9.12979],[-0.15938,9.12064],[-0.16993,9.12191],[-0.17731,9.11418],[-0.18005,9.10283],[-0.18624,9.10439],[-0.18921,9.11296],[-0.21825,9.10851],[-0.22359,9.12122],[-0.23102,9.12336],[-0.23718,9.11786],[-0.24731,9.12303],[-0.2501,9.12926],[-0.25845,9.12637],[-0.28204,9.13778],[-0.28189,9.14531],[-0.28713,9.14825],[-0.28655,9.15488],[-0.29026,9.15488],[-0.2943,9.17657],[-0.30808,9.18106],[-0.30934,9.19341],[-0.31731,9.19724],[-0.32399,9.20929],[-0.34036,9.21119],[-0.35864,9.22344],[-0.39082,9.2354],[-0.42632,9.22271],[-0.4359,9.23095],[-0.50707,9.2586],[-0.51188,9.26513],[-0.51101,9.27402],[-0.51951,9.2822],[-0.5351,9.27463],[-0.54366,9.27509],[-0.55309,9.28446],[-0.56226,9.28627],[-0.56033,9.30115],[-0.54934,9.31315],[-0.5511,9.31924],[-0.53558,9.32661],[-0.53016,9.35865],[-0.52509,9.36293],[-0.53468,9.37668],[-0.53295,9.38853],[-0.54431,9.38572],[-0.54913,9.39443],[-0.56545,9.39227],[-0.57796,9.39691],[-0.57526,9.41657],[-0.56467,9.42155],[-0.5654,9.4329],[-0.57816,9.45334],[-0.57878,9.46577],[-0.59862,9.47741],[-0.60312,9.51793],[-0.61241,9.52765],[-0.54091,9.5196],[-0.52351,9.5305],[-0.51558,9.51493],[-0.50431,9.50374],[-0.49503,9.50498],[-0.4819,9.5167],[-0.47257,9.5185],[-0.46592,9.51587],[-0.45998,9.50601],[-0.41233,9.50738],[-0.41022,9.52501],[-0.40431,9.53064],[-0.35788,9.54916],[-0.34637,9.56535],[-0.32352,9.58459],[-0.29544,9.57916],[-0.26832,9.5897],[-0.27976,9.62561],[-0.26572,9.64954],[-0.2662,9.66466],[-0.25712,9.67274],[-0.26093,9.70253],[-0.24669,9.72094],[-0.22881,9.71757],[-0.17329,9.72642],[-0.18303,9.74112],[-0.17614,9.74954],[-0.18119,9.75405],[-0.15999,9.75093],[-0.14549,9.74432],[-0.11102,9.7536],[-0.11793,9.76346],[-0.11519,9.79225],[-0.11216,9.79451],[-0.09778,9.79677],[-0.08197,9.79003],[-0.07052,9.79285],[-0.05386,9.78932],[-0.04741,9.79186],[-0.04653,9.79835],[-0.04066,9.80259],[-0.02617,9.80059]]]]}},{"type":"Feature","properties":{"display_name":"Nanton","region":"Northern","api_district":"Nanton District","match_resolution":"base"},"geometry":{"type":"Polygon","coordinates":[[[-0.61241,9.52765],[-0.60312,9.51793],[-0.59862,9.47741],[-0.57878,9.46577],[-0.57816,9.45334],[-0.5654,9.4329],[-0.56492,9.42121],[-0.58008,9.41358],[-0.67232,9.4787],[-0.68903,9.47],[-0.69228,9.47577],[-0.71494,9.46138],[-0.71417,9.46651],[-0.73234,9.4726],[-0.75143,9.48728],[-0.76204,9.47733],[-0.77595,9.47858],[-0.78021,9.47477],[-0.79087,9.48211],[-0.80409,9.47548],[-0.80872,9.47791],[-0.81697,9.47456],[-0.82081,9.47829],[-0.81237,9.51472],[-0.82754,9.52545],[-0.81475,9.54415],[-0.81127,9.56417],[-0.78806,9.58646],[-0.78037,9.6251],[-0.76611,9.62979],[-0.72927,9.65322],[-0.72927,9.66962],[-0.71738,9.68485],[-0.68898,9.70366],[-0.6753,9.68877],[-0.65962,9.69322],[-0.66031,9.68648],[-0.64636,9.66846],[-0.64491,9.6583],[-0.63847,9.65637],[-0.64056,9.64963],[-0.63391,9.64221],[-0.62467,9.63954],[-0.62553,9.63412],[-0.6316,9.63245],[-0.63216,9.61923],[-0.62036,9.61473],[-0.59232,9.5836],[-0.59544,9.57612],[-0.60217,9.57421],[-0.60227,9.56696],[-0.61195,9.55311],[-0.61241,9.52765]]]}},{"type":"Feature","properties":{"display_name":"Nanumba North","region":"Northern","api_district":"Nanumba North Municipal","match_resolution":"base"},"geometry":{"type":"Polygon","coordinates":[[[0.0429,9.23834],[0.05313,9.18241],[0.05001,9.16602],[0.04655,9.16206],[0.02392,9.15767],[0.02299,9.15176],[0.0337,9.14644],[0.03282,9.13453],[0.04299,9.1366],[0.05314,9.12716],[0.06565,9.11149],[0.06722,9.10145],[0.07221,9.1],[0.07892,9.10608],[0.10233,9.10666],[0.12354,9.09892],[0.12385,9.10917],[0.1135,9.12893],[0.13416,9.13534],[0.15267,9.15171],[0.17526,9.14846],[0.17973,9.13905],[0.20953,9.12416],[0.25396,9.0804],[0.2539,9.0719],[0.24566,9.06354],[0.22615,9.07231],[0.195,9.07684],[0.1895,9.06181],[0.1999,9.03977],[0.23097,9.04353],[0.24904,9.04074],[0.27252,9.04936],[0.28976,9.04959],[0.29861,9.04441],[0.3038,9.03559],[0.29471,9.01577],[0.2837,9.01017],[0.26828,9.02259],[0.2532,9.02157],[0.24359,9.00051],[0.22272,8.97538],[0.20423,8.97351],[0.18368,8.96471],[0.17962,8.95235],[0.18801,8.91989],[0.17608,8.9144],[0.17141,8.92387],[0.15913,8.92764],[0.15862,8.93144],[0.15054,8.93164],[0.15157,8.90049],[0.1441,8.894],[0.13789,8.8796],[0.10334,8.88689],[0.09203,8.88189],[0.07153,8.88409],[0.07069,8.85873],[0.06365,8.84678],[0.05186,8.8463],[0.04551,8.85042],[0.03694,8.86738],[0.0391,8.8768],[0.05873,8.88419],[0.05359,8.92225],[0.0405,8.92211],[0.02931,8.91508],[0.00355,8.90895],[-0.01053,8.92198],[-0.01972,8.92268],[-0.01711,8.92926],[-0.03476,8.92596],[-0.0405,8.91968],[-0.03925,8.91503],[-0.01973,8.90256],[-0.02989,8.85349],[-0.09721,8.82776],[-0.08508,8.79997],[-0.09819,8.78485],[-0.0993,8.77542],[-0.0848,8.78254],[-0.07408,8.78116],[-0.05484,8.78707],[-0.0639,8.79519],[-0.06094,8.79942],[-0.05043,8.79777],[-0.04387,8.78625],[-0.04548,8.78062],[-0.05388,8.7786],[-0.05689,8.75844],[-0.05214,8.75481],[-0.05646,8.74597],[-0.06155,8.74702],[-0.0816,8.7317],[-0.0815,8.72607],[-0.08934,8.72793],[-0.10305,8.72185],[-0.11067,8.71062],[-0.11907,8.7089],[-0.11992,8.69957],[-0.12913,8.69945],[-0.13003,8.69144],[-0.13434,8.68821],[-0.1448,8.68975],[-0.15821,8.67798],[-0.1656,8.68046],[-0.17139,8.67841],[-0.17279,8.67349],[-0.18193,8.67508],[-0.19482,8.67099],[-0.20368,8.65858],[-0.21379,8.65926],[-0.22157,8.64636],[-0.23269,8.64493],[-0.23823,8.63736],[-0.24811,8.63939],[-0.25666,8.62814],[-0.26615,8.6321],[-0.27941,8.62027],[-0.29404,8.61986],[-0.32742,8.60594],[-0.3344,8.59121],[-0.34493,8.58388],[-0.35358,8.58526],[-0.35926,8.59458],[-0.35816,8.59943],[-0.37148,8.58696],[-0.37338,8.59804],[-0.38295,8.59227],[-0.39101,8.59535],[-0.39626,8.59303],[-0.40239,8.60444],[-0.40748,8.59778],[-0.41106,8.59899],[-0.40919,8.6072],[-0.41239,8.6101],[-0.41511,8.60778],[-0.4172,8.61379],[-0.4125,8.62591],[-0.42145,8.65013],[-0.43045,8.64325],[-0.43484,8.64425],[-0.43273,8.65883],[-0.43945,8.65943],[-0.44054,8.66409],[-0.44709,8.66241],[-0.45369,8.67557],[-0.45961,8.67852],[-0.45981,8.67495],[-0.46994,8.67177],[-0.47589,8.68308],[-0.48511,8.68249],[-0.48487,8.70155],[-0.49022,8.70434],[-0.49064,8.71144],[-0.48745,8.72374],[-0.47238,8.73443],[-0.4577,8.7214],[-0.4481,8.72947],[-0.43074,8.7165],[-0.43165,8.72835],[-0.4122,8.73389],[-0.40835,8.73177],[-0.41423,8.71857],[-0.41239,8.70813],[-0.40756,8.71549],[-0.40572,8.70706],[-0.39658,8.713],[-0.38683,8.71141],[-0.3874,8.70878],[-0.38101,8.71137],[-0.38378,8.72403],[-0.36883,8.72255],[-0.36591,8.73482],[-0.37285,8.74325],[-0.35862,8.7481],[-0.35374,8.7544],[-0.34583,8.75843],[-0.33966,8.75587],[-0.32944,8.74211],[-0.31454,8.75073],[-0.31441,8.76504],[-0.30773,8.76993],[-0.30944,8.78559],[-0.30464,8.78707],[-0.30654,8.79559],[-0.30322,8.79481],[-0.29715,8.80589],[-0.29947,8.80907],[-0.29534,8.81072],[-0.29937,8.81928],[-0.30799,8.82047],[-0.31661,8.81623],[-0.32109,8.81927],[-0.32267,8.83413],[-0.33433,8.83696],[-0.33836,8.84528],[-0.34287,8.84637],[-0.34465,8.85549],[-0.33887,8.86101],[-0.34403,8.86254],[-0.33878,8.86734],[-0.33314,8.86637],[-0.33048,8.85893],[-0.32686,8.86306],[-0.31036,8.85826],[-0.29966,8.86081],[-0.3001,8.86489],[-0.29508,8.8657],[-0.30267,8.87885],[-0.30202,8.88568],[-0.29521,8.88874],[-0.29104,8.88545],[-0.28793,8.89244],[-0.27953,8.89603],[-0.28098,8.90125],[-0.25589,8.90087],[-0.24387,8.90857],[-0.24862,8.91744],[-0.2375,8.92027],[-0.24208,8.93083],[-0.23648,8.94007],[-0.23362,8.9363],[-0.22201,8.93575],[-0.21317,8.946],[-0.20034,8.94776],[-0.19547,8.97517],[-0.20283,8.99842],[-0.20603,8.99856],[-0.204,9.00469],[-0.21238,9.01196],[-0.20937,9.01243],[-0.20882,9.02719],[-0.21841,9.0328],[-0.21187,9.04564],[-0.21305,9.05148],[-0.20396,9.06284],[-0.21302,9.07894],[-0.20796,9.08291],[-0.20722,9.10444],[-0.18921,9.11296],[-0.18624,9.10439],[-0.18005,9.10283],[-0.17731,9.11418],[-0.16993,9.12191],[-0.15938,9.12064],[-0.15302,9.12979],[-0.14744,9.12754],[-0.14421,9.13418],[-0.14424,9.12881],[-0.13316,9.13197],[-0.12928,9.12593],[-0.11681,9.12439],[-0.11454,9.12894],[-0.10815,9.1282],[-0.10202,9.13782],[-0.09505,9.13188],[-0.08745,9.13343],[-0.08399,9.12596],[-0.06754,9.13141],[-0.0668,9.12025],[-0.05819,9.1221],[-0.05359,9.1475],[-0.05763,9.14675],[-0.06372,9.16137],[-0.07401,9.1692],[-0.06775,9.17397],[-0.056,9.16664],[-0.05193,9.17096],[-0.04533,9.17062],[-0.0568,9.18711],[-0.05329,9.19338],[-0.04519,9.19196],[-0.03894,9.19611],[-0.03373,9.21339],[-0.02222,9.21624],[-0.02143,9.22166],[-0.02827,9.22327],[-0.02635,9.24027],[-0.03421,9.24309],[-0.02989,9.25003],[-0.0348,9.25546],[-0.02973,9.26],[0.03318,9.24936],[0.0429,9.23834]]]}},{"type":"Feature","properties":{"display_name":"Nanumba South","region":"Northern","api_district":"Nanumba South District","match_resolution":"base"},"geometry":{"type":"Polygon","coordinates":[[[-0.35779,8.59022],[-0.35358,8.58526],[-0.34216,8.58505],[-0.3344,8.59121],[-0.32742,8.60594],[-0.29404,8.61986],[-0.27941,8.62027],[-0.26615,8.6321],[-0.25666,8.62814],[-0.24811,8.63939],[-0.23823,8.63736],[-0.23269,8.64493],[-0.22157,8.64636],[-0.21379,8.65926],[-0.20368,8.65858],[-0.19482,8.67099],[-0.18193,8.67508],[-0.17279,8.67349],[-0.17139,8.67841],[-0.1656,8.68046],[-0.15821,8.67798],[-0.1448,8.68975],[-0.13434,8.68821],[-0.13003,8.69144],[-0.12913,8.69945],[-0.11992,8.69957],[-0.11907,8.7089],[-0.11067,8.71062],[-0.10305,8.72185],[-0.08934,8.72793],[-0.0815,8.72607],[-0.0816,8.7317],[-0.06155,8.74702],[-0.05646,8.74597],[-0.05214,8.75481],[-0.05689,8.75844],[-0.05388,8.7786],[-0.04548,8.78062],[-0.04387,8.78625],[-0.05043,8.79777],[-0.06094,8.79942],[-0.0639,8.79519],[-0.05484,8.78707],[-0.07408,8.78116],[-0.0848,8.78254],[-0.0993,8.77542],[-0.09819,8.78485],[-0.08508,8.79997],[-0.09721,8.82776],[-0.02989,8.85349],[-0.01973,8.90256],[-0.03925,8.91503],[-0.0405,8.91968],[-0.03476,8.92596],[-0.01711,8.92926],[-0.01972,8.92268],[-0.01053,8.92198],[0.00355,8.90895],[0.02931,8.91508],[0.0405,8.92211],[0.05359,8.92225],[0.05873,8.88419],[0.0391,8.8768],[0.03694,8.86738],[0.04551,8.85042],[0.05186,8.8463],[0.06365,8.84678],[0.07069,8.85873],[0.07153,8.88409],[0.09203,8.88189],[0.10334,8.88689],[0.13789,8.8796],[0.1441,8.894],[0.15157,8.90049],[0.15054,8.93164],[0.15862,8.93144],[0.15913,8.92764],[0.17141,8.92387],[0.17608,8.9144],[0.18444,8.91676],[0.18793,8.92541],[0.17932,8.95591],[0.18368,8.96471],[0.20944,8.9749],[0.22192,8.97482],[0.24104,8.99823],[0.25614,8.9986],[0.27439,9.00702],[0.28192,9.00626],[0.31714,8.98764],[0.31187,8.98388],[0.31177,8.97627],[0.291,8.95951],[0.26932,8.92682],[0.27362,8.87807],[0.27876,8.87468],[0.28717,8.84607],[0.31388,8.82665],[0.32384,8.83095],[0.32236,8.86654],[0.37278,8.82821],[0.37833,8.81144],[0.38979,8.8052],[0.37969,8.79166],[0.38195,8.778],[0.37875,8.77201],[0.38934,8.76178],[0.39625,8.76151],[0.39661,8.75712],[0.39921,8.76172],[0.40114,8.7567],[0.39681,8.75381],[0.37438,8.75475],[0.38473,8.74497],[0.38268,8.73925],[0.37502,8.73567],[0.3465,8.74105],[0.35999,8.72051],[0.34355,8.71858],[0.34301,8.72772],[0.33896,8.73032],[0.3241,8.72826],[0.31407,8.73447],[0.30072,8.72618],[0.29791,8.74246],[0.29273,8.74117],[0.29219,8.7329],[0.28708,8.73347],[0.28135,8.72413],[0.26967,8.73115],[0.26978,8.74005],[0.26281,8.74104],[0.25872,8.74694],[0.24403,8.74076],[0.23921,8.75111],[0.23162,8.75343],[0.22094,8.74966],[0.21429,8.75504],[0.19962,8.7443],[0.187,8.74714],[0.18596,8.74062],[0.18054,8.74594],[0.18091,8.76183],[0.17094,8.76469],[0.17469,8.77059],[0.16841,8.77446],[0.16537,8.75614],[0.18191,8.72198],[0.18129,8.71279],[0.13895,8.66917],[0.13588,8.65353],[0.13775,8.64135],[0.14691,8.62963],[0.16986,8.61584],[0.17094,8.59603],[0.148,8.58854],[0.12813,8.60503],[0.11198,8.59682],[0.08284,8.52584],[0.07788,8.52867],[0.06249,8.52612],[0.04981,8.53176],[0.00385,8.53369],[-0.0076,8.54744],[-0.03596,8.54855],[-0.05534,8.55427],[-0.06927,8.55414],[-0.09142,8.54434],[-0.11862,8.53956],[-0.12269,8.54265],[-0.12095,8.54759],[-0.15644,8.54472],[-0.16294,8.55908],[-0.16863,8.55002],[-0.17456,8.55316],[-0.18652,8.54726],[-0.1863,8.54223],[-0.19022,8.54015],[-0.19595,8.54341],[-0.19731,8.55301],[-0.21469,8.55269],[-0.2227,8.57052],[-0.22917,8.56738],[-0.23417,8.57216],[-0.23904,8.55919],[-0.25793,8.55527],[-0.26007,8.54659],[-0.26567,8.54694],[-0.26964,8.54206],[-0.26914,8.55067],[-0.27768,8.55753],[-0.28945,8.54383],[-0.29733,8.54151],[-0.29366,8.54786],[-0.29838,8.54685],[-0.30436,8.5349],[-0.31044,8.53899],[-0.31216,8.52748],[-0.31843,8.5357],[-0.32251,8.53145],[-0.33295,8.53365],[-0.33545,8.53061],[-0.34979,8.55995],[-0.34365,8.56854],[-0.35604,8.57122],[-0.36366,8.58147],[-0.35779,8.59022]]]}},{"type":"Feature","properties":{"display_name":"Saboba","region":"Northern","api_district":"Yendi Municipal","match_resolution":"nearest"},"geometry":{"type":"Polygon","coordinates":[[[0.0622,9.96778],[0.07822,9.96849],[0.08505,9.9651],[0.09898,9.97328],[0.10687,9.96736],[0.11222,9.97213],[0.11908,9.96923],[0.12709,9.97171],[0.13006,9.95672],[0.13945,9.97152],[0.15544,9.9861],[0.1759,9.97864],[0.18376,9.97961],[0.19068,9.97425],[0.18732,9.96801],[0.18974,9.96649],[0.20647,9.96042],[0.22663,9.9607],[0.23355,9.95627],[0.25908,9.96381],[0.26302,9.95897],[0.26984,9.97106],[0.27649,9.97405],[0.30385,9.97715],[0.31097,9.95992],[0.32449,9.9631],[0.32504,9.94402],[0.34694,9.93849],[0.3497,9.94868],[0.36451,9.93574],[0.3657,9.93217],[0.3558,9.92381],[0.35138,9.90416],[0.35126,9.88241],[0.35814,9.84851],[0.34876,9.82573],[0.34027,9.81725],[0.34038,9.80627],[0.33147,9.79879],[0.33544,9.7786],[0.32536,9.77357],[0.32986,9.75879],[0.31866,9.72774],[0.32363,9.72255],[0.33789,9.72132],[0.34585,9.71447],[0.35139,9.69302],[0.35058,9.67586],[0.36319,9.67343],[0.36267,9.66862],[0.36819,9.66607],[0.36509,9.66075],[0.36914,9.65221],[0.37549,9.65387],[0.37676,9.64351],[0.38203,9.64492],[0.37265,9.60815],[0.38289,9.59161],[0.36833,9.57724],[0.35182,9.57266],[0.33443,9.57923],[0.31845,9.57586],[0.28954,9.5771],[0.26573,9.56735],[0.25335,9.57474],[0.23956,9.57442],[0.23457,9.54806],[0.24299,9.52401],[0.25516,9.51881],[0.29005,9.52362],[0.30598,9.51533],[0.31058,9.5065],[0.28886,9.48946],[0.27592,9.48873],[0.26704,9.47894],[0.25433,9.4782],[0.23473,9.48814],[0.22898,9.48721],[0.22869,9.46309],[0.24682,9.44358],[0.24694,9.43827],[0.23163,9.43554],[0.22267,9.44324],[0.21588,9.44361],[0.21137,9.43656],[0.19898,9.43132],[0.18515,9.43378],[0.18309,9.43758],[0.15483,9.43926],[0.14225,9.44984],[0.13864,9.45993],[0.14507,9.46807],[0.15142,9.52908],[0.15925,9.54102],[0.15651,9.55204],[0.1391,9.57351],[0.13204,9.57478],[0.11143,9.56548],[0.11064,9.57347],[0.10155,9.57814],[0.09117,9.5729],[0.0803,9.57798],[0.07672,9.59824],[0.08033,9.60533],[0.08591,9.60581],[0.0802,9.62029],[0.06749,9.63084],[0.05875,9.63164],[0.05439,9.63765],[0.04736,9.63722],[0.03378,9.6449],[0.06287,9.68241],[0.07597,9.69302],[0.05123,9.70079],[0.04832,9.70738],[0.03545,9.71236],[0.03009,9.72035],[0.00237,9.72888],[-0.02511,9.75335],[-0.02663,9.7999],[0.00583,9.8134],[-0.00902,9.82871],[-0.02246,9.83195],[-0.01778,9.84172],[-0.01957,9.8608],[-0.01219,9.86769],[-0.0015,9.86874],[-0.00552,9.87433],[0.0028,9.88435],[0.00566,9.89939],[0.01574,9.903],[0.0122,9.91798],[0.0164,9.92773],[0.02467,9.93134],[0.02441,9.95169],[0.04314,9.95566],[0.0622,9.96778]],[[0.37032,9.61823],[0.36998,9.61871],[0.36962,9.61909],[0.37032,9.61823]],[[0.3715,9.61267],[0.37095,9.61537],[0.37131,9.61321],[0.3715,9.61267]]]}},{"type":"Feature","properties":{"display_name":"Sagnerigu","region":"Northern","api_district":"Sagnarigu Municipal","match_resolution":"override"},"geometry":{"type":"Polygon","coordinates":[[[-0.94939,9.40436],[-0.96572,9.41989],[-0.94483,9.4552],[-0.93979,9.45953],[-0.93402,9.45733],[-0.93389,9.46382],[-0.92369,9.46917],[-0.91259,9.46672],[-0.91305,9.47454],[-0.89801,9.47948],[-0.89025,9.48664],[-0.89717,9.49519],[-0.88817,9.50788],[-0.89784,9.51834],[-0.89061,9.53226],[-0.8917,9.5439],[-0.88367,9.55545],[-0.88416,9.56746],[-0.86607,9.55632],[-0.85918,9.56154],[-0.85359,9.55556],[-0.81477,9.54475],[-0.82754,9.52545],[-0.81237,9.51472],[-0.82081,9.47829],[-0.81697,9.47456],[-0.80872,9.47791],[-0.80553,9.47513],[-0.7904,9.4821],[-0.77917,9.47511],[-0.78049,9.43639],[-0.81784,9.41897],[-0.83393,9.40718],[-0.83684,9.40709],[-0.83437,9.41791],[-0.84119,9.41641],[-0.83875,9.42213],[-0.84201,9.42207],[-0.84245,9.42733],[-0.8542,9.4217],[-0.86344,9.40991],[-0.87629,9.40932],[-0.87388,9.4035],[-0.94939,9.40436]]]}},{"type":"Feature","properties":{"display_name":"Savelugu","region":"Northern","api_district":"Savelugu Municipal","match_resolution":"base"},"geometry":{"type":"Polygon","coordinates":[[[-0.86607,9.55632],[-0.89743,9.57349],[-0.90854,9.57375],[-0.90407,9.58253],[-0.91328,9.60504],[-0.90973,9.60884],[-0.91002,9.62117],[-0.9209,9.63299],[-0.93071,9.66203],[-0.9642,9.6586],[-1.00119,9.67738],[-0.98894,9.69344],[-0.98126,9.69383],[-0.97484,9.68932],[-0.96383,9.69785],[-0.96388,9.70344],[-0.97783,9.71018],[-0.98064,9.71541],[-0.97661,9.71997],[-0.96441,9.72245],[-0.95725,9.73687],[-0.94414,9.73727],[-0.94495,9.75784],[-0.93897,9.76623],[-0.94711,9.77846],[-0.95031,9.8025],[-0.96376,9.79805],[-0.97219,9.80635],[-0.97639,9.81767],[-0.9703,9.82995],[-0.97481,9.84817],[-0.98255,9.85595],[-0.99615,9.85204],[-0.99925,9.85919],[-1.00429,9.85882],[-1.00139,9.8599],[-1.0057,9.85905],[-1.00869,9.86048],[-1.00337,9.8599],[-1.02294,9.87578],[-1.02716,9.89656],[-1.02432,9.89885],[-1.01647,9.89008],[-1.00483,9.89418],[-1.01835,9.9181],[-0.98,9.93983],[-0.98483,9.94964],[-0.98478,9.96067],[-0.98066,9.96289],[-0.97039,9.95634],[-0.97264,9.96474],[-0.96229,9.99059],[-0.95339,9.99294],[-0.94033,9.98997],[-0.94297,9.99799],[-0.93778,10.01151],[-0.93155,10.01057],[-0.92154,10.00023],[-0.91945,10.01309],[-0.9125,10.00947],[-0.90608,10.01288],[-0.91211,10.01242],[-0.91011,10.02354],[-0.90494,10.02507],[-0.89542,10.01948],[-0.89497,10.03387],[-0.88608,10.03543],[-0.89037,10.04928],[-0.8881,10.05218],[-0.88141,10.04861],[-0.88181,10.05966],[-0.86468,10.05574],[-0.86968,10.07612],[-0.85795,10.08544],[-0.86847,10.0957],[-0.85792,10.10385],[-0.85652,10.11174],[-0.84905,10.11486],[-0.8559,10.12441],[-0.85437,10.12814],[-0.83718,10.13201],[-0.83703,10.12181],[-0.82125,10.11819],[-0.82191,10.12489],[-0.81783,10.12535],[-0.80348,10.15553],[-0.79914,10.15557],[-0.79549,10.14582],[-0.78662,10.15162],[-0.78291,10.14194],[-0.78026,10.1562],[-0.77477,10.15365],[-0.76399,10.16513],[-0.75008,10.15932],[-0.74463,10.16729],[-0.73342,10.15992],[-0.73167,10.16217],[-0.73718,10.16724],[-0.73255,10.17066],[-0.71161,10.16293],[-0.71535,10.17139],[-0.71234,10.17493],[-0.71883,10.17717],[-0.71419,10.18283],[-0.71072,10.18417],[-0.70816,10.17717],[-0.69826,10.18044],[-0.69448,10.18844],[-0.68743,10.18278],[-0.68289,10.18974],[-0.6814,10.18088],[-0.66673,10.17962],[-0.66818,10.16688],[-0.66147,10.15594],[-0.66314,10.14221],[-0.65735,10.13855],[-0.64842,10.12186],[-0.65307,10.10656],[-0.67606,10.0961],[-0.67908,10.08138],[-0.68889,10.07395],[-0.68599,10.0658],[-0.68909,10.05438],[-0.67832,10.04675],[-0.67822,10.03279],[-0.68252,10.04015],[-0.70618,10.04089],[-0.70906,10.00269],[-0.72036,10.00269],[-0.73386,9.97671],[-0.7488,9.97142],[-0.76686,9.94123],[-0.77011,9.9308],[-0.76862,9.91415],[-0.79015,9.90365],[-0.79285,9.8991],[-0.78953,9.89818],[-0.7974,9.88458],[-0.80723,9.87806],[-0.81404,9.88091],[-0.81766,9.87702],[-0.79793,9.86761],[-0.77195,9.86417],[-0.73872,9.85379],[-0.73654,9.84772],[-0.75046,9.83771],[-0.74579,9.8285],[-0.74755,9.81814],[-0.73825,9.81731],[-0.73309,9.82125],[-0.72855,9.81654],[-0.72256,9.82069],[-0.71682,9.81488],[-0.70987,9.81934],[-0.70541,9.81652],[-0.69192,9.81919],[-0.68358,9.79347],[-0.70156,9.78046],[-0.7042,9.76794],[-0.6975,9.74201],[-0.69199,9.73715],[-0.69123,9.72931],[-0.69622,9.72047],[-0.68894,9.70373],[-0.71738,9.68485],[-0.72927,9.66962],[-0.72927,9.65322],[-0.76611,9.62979],[-0.78037,9.6251],[-0.78806,9.58646],[-0.81127,9.56417],[-0.81477,9.54468],[-0.85359,9.55556],[-0.85918,9.56154],[-0.86607,9.55632]]]}},{"type":"Feature","properties":{"display_name":"Tamale","region":"Northern","api_district":"Tamale","match_resolution":"exact"},"geometry":{"type":"Polygon","coordinates":[[[-0.5757,9.41517],[-0.57796,9.39691],[-0.56545,9.39227],[-0.54913,9.39443],[-0.54431,9.38572],[-0.53295,9.38853],[-0.53468,9.37668],[-0.52509,9.36293],[-0.53016,9.35865],[-0.53558,9.32661],[-0.5511,9.31924],[-0.54934,9.31315],[-0.56033,9.30115],[-0.56226,9.28627],[-0.56918,9.29195],[-0.58011,9.31645],[-0.59442,9.32872],[-0.60456,9.32298],[-0.61014,9.31135],[-0.61724,9.31253],[-0.62703,9.30701],[-0.63642,9.31039],[-0.63266,9.31566],[-0.63511,9.31879],[-0.65415,9.31521],[-0.68409,9.32547],[-0.68905,9.31014],[-0.71451,9.32624],[-0.71777,9.31364],[-0.71157,9.30595],[-0.71433,9.29589],[-0.71048,9.2901],[-0.69735,9.285],[-0.69402,9.2782],[-0.70844,9.28712],[-0.76443,9.29599],[-0.79548,9.30893],[-0.8059,9.3189],[-0.82284,9.31157],[-0.83281,9.2973],[-0.84242,9.29964],[-0.8484,9.2967],[-0.84915,9.30426],[-0.85968,9.30642],[-0.86986,9.30635],[-0.87972,9.29993],[-0.88511,9.31039],[-0.92636,9.29631],[-0.94912,9.29798],[-0.96077,9.30616],[-0.9626,9.33426],[-0.94505,9.34607],[-0.96054,9.3682],[-0.95954,9.38032],[-0.95334,9.38238],[-0.94641,9.40068],[-0.94939,9.40436],[-0.87388,9.4035],[-0.87629,9.40932],[-0.86344,9.40991],[-0.8542,9.4217],[-0.84245,9.42733],[-0.84201,9.42207],[-0.83875,9.42213],[-0.84119,9.41641],[-0.83437,9.41791],[-0.83684,9.40709],[-0.83393,9.40718],[-0.81784,9.41897],[-0.78049,9.43639],[-0.77917,9.47511],[-0.77595,9.47858],[-0.76204,9.47733],[-0.75461,9.48652],[-0.73759,9.47892],[-0.73234,9.4726],[-0.71417,9.46651],[-0.71494,9.46138],[-0.69228,9.47577],[-0.68903,9.47],[-0.67232,9.4787],[-0.58269,9.41339],[-0.5757,9.41517]]]}},{"type":"Feature","properties":{"display_name":"Tatale Sanguli","region":"Northern","api_district":"Tatale-Sanguli District","match_resolution":"base"},"geometry":{"type":"Polygon","coordinates":[[[0.41536,9.50243],[0.43005,9.49797],[0.44641,9.50144],[0.46231,9.49443],[0.46353,9.49018],[0.49026,9.4862],[0.50306,9.47526],[0.50072,9.47209],[0.50575,9.46751],[0.50397,9.45798],[0.49509,9.45186],[0.50064,9.43743],[0.51956,9.43973],[0.52449,9.43155],[0.54879,9.42204],[0.55331,9.42376],[0.55745,9.41042],[0.56659,9.4056],[0.56313,9.35449],[0.55276,9.34566],[0.56299,9.32446],[0.55978,9.30574],[0.53968,9.30631],[0.53739,9.30184],[0.54055,9.30116],[0.51587,9.27284],[0.50795,9.25459],[0.51889,9.22928],[0.53905,9.21354],[0.52187,9.19339],[0.51451,9.16876],[0.50475,9.16043],[0.50305,9.15389],[0.4959,9.1561],[0.47692,9.14431],[0.48112,9.14078],[0.48534,9.12335],[0.4859,9.09866],[0.47848,9.09922],[0.45937,9.07242],[0.46431,9.07201],[0.46258,9.05527],[0.45629,9.05514],[0.45547,9.0356],[0.46312,9.03408],[0.46508,9.023],[0.4704,9.01925],[0.46982,9.00764],[0.49416,8.95729],[0.50745,8.94945],[0.5147,8.93545],[0.50894,8.9179],[0.51268,8.91407],[0.51226,8.90258],[0.52757,8.87779],[0.5202,8.87226],[0.51718,8.86416],[0.52148,8.85886],[0.51966,8.85321],[0.50887,8.85546],[0.50732,8.84745],[0.49622,8.84015],[0.50146,8.82914],[0.49693,8.8276],[0.49543,8.82046],[0.50028,8.81477],[0.49161,8.80088],[0.47237,8.79966],[0.46868,8.79212],[0.45923,8.80209],[0.45865,8.81058],[0.44781,8.81083],[0.44309,8.802],[0.4302,8.79611],[0.43105,8.79061],[0.43938,8.79316],[0.43988,8.78557],[0.42564,8.77993],[0.4212,8.79132],[0.40293,8.79376],[0.39781,8.79019],[0.39392,8.79602],[0.38439,8.79113],[0.38154,8.79417],[0.39324,8.81081],[0.3916,8.81373],[0.40101,8.82219],[0.39865,8.83879],[0.40285,8.84556],[0.3964,8.8673],[0.40218,8.89231],[0.40728,8.89506],[0.41344,8.90845],[0.42721,8.91788],[0.42627,8.92865],[0.43401,8.9354],[0.44134,8.96138],[0.44886,8.97365],[0.42553,8.98653],[0.40936,8.9871],[0.39853,8.99198],[0.3953,9.00297],[0.39937,9.01556],[0.39828,9.02797],[0.39209,9.03336],[0.37748,9.025],[0.36573,9.02571],[0.36229,9.032],[0.36644,9.03863],[0.3693,9.1011],[0.38131,9.10594],[0.37194,9.11414],[0.37507,9.12136],[0.39073,9.12624],[0.42699,9.12348],[0.44394,9.13103],[0.42301,9.14798],[0.41725,9.15606],[0.41711,9.16412],[0.4043,9.172],[0.39791,9.18091],[0.4031,9.18483],[0.40235,9.19763],[0.40863,9.21782],[0.40671,9.24304],[0.42789,9.27104],[0.46033,9.29617],[0.46812,9.30707],[0.47135,9.31536],[0.46691,9.33775],[0.43308,9.35281],[0.42473,9.35017],[0.40198,9.32988],[0.37911,9.32809],[0.36336,9.33604],[0.36797,9.37436],[0.34927,9.37487],[0.311,9.35557],[0.3016,9.35948],[0.29198,9.35569],[0.27714,9.36112],[0.25961,9.34393],[0.25286,9.33995],[0.24704,9.34197],[0.24544,9.33871],[0.23625,9.34548],[0.24116,9.35253],[0.2382,9.35977],[0.21208,9.36921],[0.20818,9.38438],[0.21787,9.40741],[0.21699,9.4217],[0.22605,9.43246],[0.24694,9.43827],[0.25902,9.43418],[0.26212,9.42836],[0.2699,9.43158],[0.26889,9.42848],[0.27384,9.42729],[0.28745,9.4305],[0.28901,9.43452],[0.30479,9.43837],[0.31266,9.44632],[0.32217,9.44915],[0.32698,9.44681],[0.33761,9.45188],[0.34791,9.47785],[0.3437,9.48825],[0.35963,9.49918],[0.38945,9.49159],[0.40773,9.49412],[0.41536,9.50243]]]}},{"type":"Feature","properties":{"display_name":"Tolon","region":"Northern","api_district":"Tolon District","match_resolution":"base"},"geometry":{"type":"Polygon","coordinates":[[[-1.24251,9.28476],[-1.24208,9.29027],[-1.25695,9.30788],[-1.2548,9.31026],[-1.25898,9.31978],[-1.26907,9.33073],[-1.26077,9.33144],[-1.26484,9.34202],[-1.2546,9.35286],[-1.25815,9.36067],[-1.24588,9.38594],[-1.24307,9.41936],[-1.25013,9.42748],[-1.28129,9.50989],[-1.29537,9.51932],[-1.31166,9.53802],[-1.31377,9.5488],[-1.37359,9.60947],[-1.36729,9.61781],[-1.32939,9.63384],[-1.33021,9.64392],[-1.31741,9.64799],[-1.31461,9.65334],[-1.32511,9.65606],[-1.31905,9.66711],[-1.31956,9.68428],[-1.32482,9.68882],[-1.32529,9.698],[-1.33874,9.70605],[-1.35005,9.72967],[-1.34668,9.73379],[-1.34955,9.74604],[-1.34536,9.7489],[-1.35083,9.76614],[-1.3477,9.77731],[-1.35154,9.79437],[-1.34777,9.8055],[-1.32924,9.80816],[-1.32279,9.79975],[-1.30871,9.80108],[-1.31382,9.8065],[-1.31421,9.81626],[-1.3076,9.82303],[-1.30926,9.81782],[-1.30505,9.81121],[-1.28528,9.80171],[-1.27424,9.80179],[-1.26946,9.80457],[-1.26318,9.82429],[-1.25346,9.82323],[-1.23831,9.82846],[-1.21812,9.81241],[-1.21305,9.79842],[-1.19494,9.79598],[-1.18669,9.80031],[-1.18158,9.79708],[-1.16326,9.7803],[-1.16382,9.76636],[-1.15612,9.75849],[-1.15819,9.74149],[-1.15337,9.73826],[-1.16084,9.72429],[-1.15359,9.71366],[-1.16029,9.70733],[-1.16029,9.70015],[-1.17616,9.69182],[-1.19136,9.6649],[-1.18144,9.66141],[-1.17417,9.66907],[-1.16908,9.66903],[-1.14429,9.65571],[-1.14771,9.65201],[-1.14811,9.63884],[-1.13765,9.60499],[-1.1099,9.60599],[-1.10482,9.59934],[-1.09663,9.60055],[-1.07226,9.58016],[-1.08152,9.57507],[-1.07529,9.56945],[-1.07347,9.55173],[-1.06742,9.55183],[-1.06497,9.54629],[-1.06438,9.53955],[-1.07036,9.53036],[-1.06321,9.52469],[-1.06834,9.51639],[-1.05498,9.51005],[-1.05624,9.50046],[-1.04702,9.49189],[-1.05098,9.48082],[-1.0387,9.47913],[-1.03324,9.47263],[-1.03227,9.45673],[-1.01897,9.44093],[-1.00984,9.43754],[-0.99969,9.41045],[-0.99744,9.40893],[-0.99919,9.41576],[-0.99573,9.41839],[-0.96572,9.41989],[-0.94641,9.40068],[-0.95334,9.38238],[-0.95954,9.38032],[-0.96054,9.3682],[-0.94505,9.34607],[-0.95665,9.33527],[-0.97647,9.33656],[-1.01962,9.31335],[-1.01357,9.32973],[-1.04073,9.34476],[-1.051,9.33973],[-1.05776,9.32792],[-1.07705,9.32629],[-1.07975,9.32154],[-1.09551,9.31541],[-1.09949,9.30916],[-1.10629,9.30818],[-1.10918,9.31438],[-1.12044,9.31835],[-1.14308,9.31748],[-1.15626,9.32124],[-1.16605,9.31768],[-1.16524,9.32124],[-1.1721,9.32116],[-1.18379,9.31015],[-1.19622,9.30859],[-1.19675,9.30377],[-1.20333,9.30855],[-1.21255,9.30284],[-1.21268,9.29834],[-1.22779,9.29619],[-1.23054,9.29058],[-1.24251,9.28476]]]}},{"type":"Feature","properties":{"display_name":"Yendi","region":"Northern","api_district":"Yendi Municipal","match_resolution":"base"},"geometry":{"type":"Polygon","coordinates":[[[-0.02506,9.75457],[-0.00082,9.73079],[0.01281,9.72769],[0.01916,9.72115],[0.03009,9.72035],[0.03545,9.71236],[0.04832,9.70738],[0.05123,9.70079],[0.07597,9.69302],[0.06287,9.68241],[0.03378,9.6449],[0.04736,9.63722],[0.05439,9.63765],[0.05875,9.63164],[0.06749,9.63084],[0.0802,9.62029],[0.08591,9.60581],[0.08033,9.60533],[0.07672,9.59824],[0.0803,9.57798],[0.09117,9.5729],[0.10155,9.57814],[0.11064,9.57347],[0.11143,9.56548],[0.13204,9.57478],[0.1391,9.57351],[0.15651,9.55204],[0.15925,9.54102],[0.15142,9.52908],[0.14507,9.46807],[0.13864,9.45993],[0.14225,9.44984],[0.15483,9.43926],[0.18309,9.43758],[0.18515,9.43378],[0.19898,9.43132],[0.21137,9.43656],[0.21588,9.44361],[0.22267,9.44324],[0.23153,9.43634],[0.21699,9.4217],[0.21787,9.40741],[0.20818,9.38438],[0.20918,9.37645],[0.21208,9.36921],[0.22844,9.36562],[0.24084,9.35618],[0.23625,9.34548],[0.24942,9.33535],[0.25117,9.3215],[0.25974,9.31741],[0.25717,9.28967],[0.24875,9.28876],[0.24481,9.29787],[0.23451,9.30223],[0.18601,9.30479],[0.17893,9.27106],[0.18067,9.24196],[0.19067,9.23434],[0.21256,9.23841],[0.21972,9.22974],[0.19209,9.19777],[0.17502,9.19071],[0.16763,9.19611],[0.14148,9.19741],[0.1249,9.19371],[0.10591,9.20346],[0.08483,9.19878],[0.07249,9.21065],[0.05029,9.21102],[0.0429,9.23834],[0.03318,9.24936],[0.01351,9.25479],[0.00247,9.25261],[-0.01513,9.25914],[-0.03092,9.25822],[-0.0379,9.26755],[-0.0294,9.2734],[-0.03782,9.28346],[-0.04624,9.28058],[-0.05087,9.28524],[-0.04155,9.29395],[-0.043,9.30459],[-0.05319,9.30591],[-0.05786,9.30185],[-0.06705,9.3078],[-0.06268,9.31621],[-0.07274,9.32035],[-0.07464,9.32603],[-0.07114,9.33209],[-0.08665,9.34595],[-0.06897,9.37593],[-0.05863,9.36916],[-0.04855,9.36806],[-0.03899,9.38159],[-0.04431,9.38864],[-0.04021,9.39352],[-0.04529,9.39931],[-0.04538,9.41205],[-0.05021,9.41216],[-0.05269,9.41986],[-0.05981,9.42527],[-0.05595,9.43492],[-0.08276,9.43776],[-0.09411,9.45438],[-0.10284,9.45742],[-0.10326,9.46283],[-0.08989,9.49261],[-0.09821,9.49501],[-0.09848,9.49817],[-0.08062,9.50761],[-0.08449,9.52069],[-0.08121,9.52454],[-0.07127,9.51771],[-0.07415,9.53326],[-0.06978,9.53779],[-0.06992,9.54704],[-0.06527,9.55585],[-0.06171,9.54698],[-0.05761,9.54693],[-0.05167,9.56364],[-0.06273,9.56616],[-0.06076,9.57501],[-0.06813,9.57515],[-0.06574,9.58886],[-0.07244,9.58635],[-0.08428,9.59638],[-0.08186,9.60634],[-0.09062,9.60794],[-0.08662,9.61734],[-0.08899,9.62363],[-0.09476,9.624],[-0.09778,9.62951],[-0.12239,9.62517],[-0.14084,9.63474],[-0.15231,9.64728],[-0.17144,9.6519],[-0.17443,9.67659],[-0.15863,9.68464],[-0.15291,9.68186],[-0.14496,9.69577],[-0.13565,9.7019],[-0.10272,9.70508],[-0.10323,9.70898],[-0.07864,9.7235],[-0.07497,9.73647],[-0.06382,9.74967],[-0.04633,9.75102],[-0.03915,9.75587],[-0.02506,9.75457]]]}},{"type":"Feature","properties":{"display_name":"Zabzu-gu","region":"Northern","api_district":"Zabzugu District","match_resolution":"override"},"geometry":{"type":"Polygon","coordinates":[[[0.24104,8.99823],[0.2544,9.02236],[0.26828,9.02259],[0.28556,9.01009],[0.29471,9.01577],[0.3038,9.03559],[0.29599,9.04681],[0.28474,9.05041],[0.24904,9.04074],[0.23097,9.04353],[0.20242,9.03844],[0.1961,9.04531],[0.18933,9.06435],[0.195,9.07684],[0.22615,9.07231],[0.2433,9.06342],[0.25072,9.0667],[0.25439,9.07692],[0.25103,9.08548],[0.20953,9.12416],[0.17973,9.13905],[0.16845,9.15745],[0.17179,9.18837],[0.19209,9.19777],[0.21972,9.22974],[0.21256,9.23841],[0.19067,9.23434],[0.18067,9.24196],[0.17893,9.27106],[0.18601,9.30479],[0.23451,9.30223],[0.24481,9.29787],[0.24875,9.28876],[0.25628,9.28892],[0.25974,9.31741],[0.25117,9.3215],[0.24647,9.34169],[0.2536,9.34007],[0.27714,9.36112],[0.29198,9.35569],[0.3016,9.35948],[0.311,9.35557],[0.34927,9.37487],[0.36797,9.37436],[0.36336,9.33604],[0.37911,9.32809],[0.40198,9.32988],[0.42473,9.35017],[0.43308,9.35281],[0.43781,9.34797],[0.4471,9.34909],[0.46422,9.34003],[0.47075,9.31187],[0.46033,9.29617],[0.42789,9.27104],[0.40842,9.24657],[0.40863,9.21782],[0.40235,9.19763],[0.4031,9.18483],[0.39791,9.18091],[0.4043,9.172],[0.41711,9.16412],[0.41725,9.15606],[0.42301,9.14798],[0.44394,9.13103],[0.42666,9.12344],[0.37899,9.124],[0.37191,9.11442],[0.38053,9.10406],[0.3693,9.1011],[0.36644,9.03863],[0.36288,9.02791],[0.37748,9.025],[0.39209,9.03336],[0.39828,9.02797],[0.39937,9.01556],[0.3953,9.00297],[0.39853,8.99198],[0.40936,8.9871],[0.42553,8.98653],[0.44886,8.97365],[0.44134,8.96138],[0.43401,8.9354],[0.42627,8.92865],[0.42721,8.91788],[0.41344,8.90845],[0.40728,8.89506],[0.40218,8.89231],[0.3964,8.8673],[0.40285,8.84556],[0.39865,8.83879],[0.40101,8.82219],[0.3916,8.81373],[0.39079,8.80706],[0.38167,8.80851],[0.37278,8.82821],[0.32323,8.86622],[0.321,8.86225],[0.32514,8.83882],[0.32027,8.82796],[0.31388,8.82665],[0.28717,8.84607],[0.27876,8.87468],[0.27362,8.87807],[0.27375,8.9004],[0.26779,8.92228],[0.291,8.95951],[0.31177,8.97627],[0.31187,8.98388],[0.31723,8.98746],[0.28192,9.00626],[0.27439,9.00702],[0.25614,8.9986],[0.24104,8.99823]]]}},{"type":"Feature","properties":{"display_name":"Biakoye","region":"Oti","api_district":"Biakoye District","match_resolution":"base"},"geometry":{"type":"Polygon","coordinates":[[[0.39862,7.69446],[0.41915,7.69288],[0.42183,7.68842],[0.4239,7.61411],[0.41982,7.53055],[0.40724,7.51659],[0.39011,7.50908],[0.38834,7.4892],[0.39203,7.47541],[0.38712,7.47262],[0.3877,7.46509],[0.38346,7.46419],[0.37128,7.4332],[0.35446,7.42887],[0.34569,7.42232],[0.34701,7.39604],[0.33502,7.38532],[0.33305,7.37838],[0.32649,7.37763],[0.32532,7.37013],[0.32896,7.36303],[0.35055,7.36288],[0.35461,7.35835],[0.36489,7.36454],[0.37022,7.3619],[0.37171,7.36772],[0.37628,7.36542],[0.38326,7.36987],[0.40882,7.35633],[0.44436,7.36171],[0.44292,7.3766],[0.45645,7.39756],[0.47095,7.40606],[0.47316,7.34546],[0.47015,7.33004],[0.46638,7.32821],[0.47943,7.29232],[0.46518,7.28968],[0.44856,7.29773],[0.45202,7.28485],[0.4454,7.28157],[0.44836,7.2771],[0.44096,7.2774],[0.43534,7.28455],[0.42711,7.28088],[0.41549,7.2661],[0.3916,7.22658],[0.37121,7.15423],[0.35747,7.13165],[0.35022,7.12654],[0.33857,7.13058],[0.33977,7.11585],[0.32809,7.09735],[0.3285,7.0892],[0.3158,7.09593],[0.22449,7.09935],[0.24264,7.12704],[0.24251,7.14858],[0.23524,7.16706],[0.18235,7.17969],[0.18257,7.19321],[0.21499,7.31],[0.20837,7.35088],[0.19857,7.36797],[0.17892,7.38095],[0.1727,7.38045],[0.12407,7.40644],[0.1346,7.41588],[0.17029,7.41567],[0.17895,7.42211],[0.18264,7.43224],[0.24356,7.46709],[0.2576,7.46561],[0.28041,7.48303],[0.3029,7.48773],[0.29957,7.49368],[0.30346,7.49693],[0.29971,7.49843],[0.30043,7.50613],[0.30647,7.5045],[0.30509,7.51106],[0.31009,7.51854],[0.30529,7.52078],[0.30666,7.52527],[0.31198,7.5257],[0.31028,7.53379],[0.30388,7.53984],[0.3142,7.53905],[0.31503,7.53559],[0.32712,7.54661],[0.32455,7.5532],[0.32848,7.56061],[0.32221,7.56656],[0.33031,7.57365],[0.32695,7.57823],[0.32067,7.57864],[0.3251,7.58392],[0.31997,7.58918],[0.33671,7.59681],[0.3287,7.60648],[0.33331,7.61184],[0.33183,7.61938],[0.34496,7.62963],[0.34391,7.63937],[0.35033,7.64983],[0.34713,7.65435],[0.35375,7.65976],[0.35228,7.66742],[0.37077,7.67815],[0.3705,7.68466],[0.37785,7.69159],[0.37766,7.68521],[0.39862,7.69446]]]}},{"type":"Feature","properties":{"display_name":"Jasikan","region":"Oti","api_district":"Jasikan District","match_resolution":"base"},"geometry":{"type":"Polygon","coordinates":[[[0.41982,7.53055],[0.48543,7.51499],[0.52136,7.52014],[0.51895,7.51246],[0.52408,7.50275],[0.52309,7.49364],[0.52853,7.49104],[0.52605,7.48286],[0.52988,7.4811],[0.5212,7.47382],[0.52146,7.46502],[0.52498,7.46359],[0.5189,7.46082],[0.52235,7.45933],[0.52112,7.45469],[0.53213,7.45718],[0.53387,7.44978],[0.53059,7.4473],[0.53425,7.44716],[0.53207,7.44343],[0.53742,7.43467],[0.53588,7.4263],[0.54359,7.42166],[0.55309,7.40518],[0.57313,7.39474],[0.59865,7.4002],[0.60117,7.40785],[0.60615,7.40572],[0.61959,7.41333],[0.62934,7.40411],[0.64466,7.39793],[0.64815,7.37896],[0.64323,7.37497],[0.6589,7.31665],[0.64323,7.27974],[0.64419,7.26298],[0.60632,7.26647],[0.58358,7.27806],[0.58079,7.28857],[0.5741,7.28777],[0.57709,7.28408],[0.57327,7.28104],[0.57169,7.26757],[0.56285,7.26819],[0.56093,7.25965],[0.54905,7.24645],[0.54862,7.2389],[0.54091,7.23317],[0.54271,7.2251],[0.53568,7.22003],[0.51933,7.22047],[0.52121,7.23467],[0.51709,7.23968],[0.53356,7.24733],[0.54169,7.27144],[0.5405,7.29552],[0.53418,7.30511],[0.52253,7.29764],[0.50507,7.3009],[0.49143,7.29014],[0.47943,7.29232],[0.46638,7.32821],[0.47015,7.33004],[0.47316,7.34546],[0.47095,7.40606],[0.45645,7.39756],[0.44292,7.3766],[0.44436,7.36171],[0.40882,7.35633],[0.38326,7.36987],[0.37628,7.36542],[0.37171,7.36772],[0.37022,7.3619],[0.36489,7.36454],[0.35461,7.35835],[0.35055,7.36288],[0.32896,7.36303],[0.32611,7.37713],[0.33305,7.37838],[0.33502,7.38532],[0.34701,7.39604],[0.34447,7.42043],[0.35446,7.42887],[0.37128,7.4332],[0.38346,7.46419],[0.3877,7.46509],[0.38712,7.47262],[0.39203,7.47541],[0.38834,7.4892],[0.39011,7.50908],[0.40724,7.51659],[0.41982,7.53055]]]}},{"type":"Feature","properties":{"display_name":"Kadjebi","region":"Oti","api_district":"Kadjebi District","match_resolution":"base"},"geometry":{"type":"MultiPolygon","coordinates":[[[[0.61976,7.90047],[0.622,7.87798],[0.62742,7.8682],[0.62701,7.85957],[0.62402,7.84229],[0.61978,7.83745],[0.6174,7.80669],[0.62142,7.79952],[0.61709,7.79621],[0.62946,7.79446],[0.62688,7.78862],[0.63091,7.76762],[0.61911,7.76434],[0.61988,7.75745],[0.61309,7.75663],[0.61144,7.75283],[0.61688,7.74487],[0.62349,7.71407],[0.63008,7.70623],[0.61959,7.7032],[0.60879,7.71091],[0.5907,7.703],[0.58283,7.6569],[0.58595,7.62393],[0.55352,7.60715],[0.5436,7.60807],[0.51837,7.59226],[0.52725,7.58936],[0.52905,7.58422],[0.52136,7.52014],[0.48543,7.51499],[0.41982,7.53055],[0.4239,7.61411],[0.42183,7.68842],[0.43042,7.69226],[0.43801,7.68672],[0.44454,7.69079],[0.44224,7.71065],[0.44847,7.72843],[0.44322,7.74978],[0.44787,7.7533],[0.44255,7.76168],[0.44948,7.7749],[0.45309,7.79658],[0.44799,7.80057],[0.45021,7.80852],[0.44344,7.81304],[0.44612,7.81736],[0.44203,7.82748],[0.4503,7.83763],[0.46234,7.82568],[0.46672,7.83235],[0.47845,7.8282],[0.48395,7.83036],[0.47711,7.83604],[0.48461,7.84504],[0.48564,7.85631],[0.48841,7.85557],[0.4908,7.86324],[0.49706,7.86228],[0.49738,7.87051],[0.50078,7.86868],[0.50248,7.87371],[0.50788,7.87463],[0.50685,7.89071],[0.50379,7.89439],[0.49294,7.89183],[0.49709,7.89738],[0.49183,7.90006],[0.50317,7.90475],[0.50265,7.91062],[0.50881,7.91528],[0.5167,7.91579],[0.53355,7.9085],[0.5629,7.92043],[0.56947,7.91061],[0.57276,7.91201],[0.58635,7.90194],[0.58925,7.90494],[0.59371,7.89975],[0.61976,7.90047]]],[[[0.62011,7.90034],[0.62216,7.90148],[0.62404,7.9012],[0.62011,7.90034]]],[[[0.62717,7.90166],[0.62608,7.90142],[0.62656,7.90159],[0.62717,7.90166]]]]}},{"type":"Feature","properties":{"display_name":"Krachi East","region":"Oti","api_district":"Guan District","match_resolution":"nearest"},"geometry":{"type":"Polygon","coordinates":[[[0.49183,7.90006],[0.49709,7.89738],[0.49294,7.89183],[0.50379,7.89439],[0.50685,7.89071],[0.50788,7.87463],[0.50248,7.87371],[0.50078,7.86868],[0.49738,7.87051],[0.49706,7.86228],[0.4908,7.86324],[0.48841,7.85557],[0.48564,7.85631],[0.48461,7.84504],[0.47711,7.83604],[0.48406,7.83051],[0.47845,7.8282],[0.46672,7.83235],[0.46234,7.82568],[0.4503,7.83763],[0.44203,7.82748],[0.44612,7.81736],[0.44344,7.81304],[0.45021,7.80852],[0.44799,7.80057],[0.45202,7.80004],[0.45327,7.79315],[0.44255,7.76168],[0.44787,7.7533],[0.44322,7.74978],[0.44847,7.72843],[0.44224,7.71065],[0.44463,7.69096],[0.43801,7.68672],[0.43042,7.69226],[0.42106,7.6884],[0.41915,7.69288],[0.40213,7.69482],[0.37766,7.68521],[0.37785,7.69159],[0.3705,7.68466],[0.37077,7.67815],[0.35228,7.66742],[0.35375,7.65976],[0.34713,7.65435],[0.35033,7.64983],[0.34391,7.63937],[0.34496,7.62963],[0.33183,7.61938],[0.33331,7.61184],[0.3287,7.60648],[0.33671,7.59681],[0.31997,7.58918],[0.3251,7.58392],[0.32067,7.57864],[0.32695,7.57823],[0.33031,7.57365],[0.32221,7.56656],[0.32848,7.56061],[0.32455,7.5532],[0.32712,7.54661],[0.31503,7.53559],[0.3142,7.53905],[0.30388,7.53984],[0.31028,7.53379],[0.31198,7.5257],[0.30666,7.52527],[0.30529,7.52078],[0.31009,7.51854],[0.30509,7.51106],[0.30647,7.5045],[0.30043,7.50613],[0.29971,7.49843],[0.30346,7.49693],[0.29957,7.49368],[0.3029,7.48773],[0.28041,7.48303],[0.2576,7.46561],[0.24356,7.46709],[0.18264,7.43224],[0.17895,7.42211],[0.17029,7.41567],[0.1346,7.41588],[0.12407,7.40644],[0.09097,7.42927],[0.08324,7.44843],[0.07711,7.48206],[0.04304,7.53903],[0.00944,7.57842],[-0.01429,7.62606],[-0.01519,7.68399],[0.01447,7.6913],[0.03731,7.71223],[0.04439,7.74019],[0.06725,7.76812],[0.07784,7.79432],[0.0766,7.83287],[0.05988,7.83334],[0.06776,7.85634],[0.07343,7.90472],[0.06566,7.95042],[0.10367,7.97365],[0.11637,7.99437],[0.11865,8.0149],[0.07429,8.05332],[0.07629,8.06432],[0.08968,8.07443],[0.14044,8.06995],[0.17295,8.08826],[0.19393,8.09336],[0.197,8.10922],[0.17656,8.11587],[0.1573,8.13392],[0.14771,8.15537],[0.15256,8.16124],[0.15185,8.16726],[0.16434,8.17164],[0.17555,8.18195],[0.17832,8.1942],[0.1939,8.19072],[0.20307,8.196],[0.21306,8.1948],[0.2198,8.20191],[0.23077,8.2005],[0.24578,8.20656],[0.26651,8.19553],[0.26639,8.20211],[0.27192,8.20431],[0.27278,8.19944],[0.27916,8.19631],[0.27433,8.19607],[0.27765,8.19116],[0.27547,8.18746],[0.28414,8.18911],[0.29215,8.1831],[0.29829,8.18513],[0.30811,8.18073],[0.31729,8.16642],[0.31202,8.14357],[0.30303,8.12891],[0.2849,8.11561],[0.27654,8.11753],[0.25925,8.10787],[0.24148,8.10669],[0.2527,8.10026],[0.25444,8.09498],[0.26387,8.09378],[0.2572,8.09175],[0.25687,8.08702],[0.26828,8.0714],[0.28277,8.06468],[0.30492,8.06629],[0.31182,8.05346],[0.31124,8.04168],[0.35185,8.01684],[0.4069,7.97555],[0.40464,7.96599],[0.41265,7.96972],[0.41641,7.96587],[0.4332,7.96513],[0.43705,7.95627],[0.45089,7.96459],[0.45825,7.96069],[0.45976,7.95535],[0.46986,7.95514],[0.4755,7.94674],[0.46822,7.93339],[0.47338,7.93124],[0.47258,7.92511],[0.48972,7.91174],[0.49183,7.90006]]]}},{"type":"Feature","properties":{"display_name":"Krachi Nchumuru","region":"Oti","api_district":"Krachi Nchumuru District","match_resolution":"base"},"geometry":{"type":"Polygon","coordinates":[[[0.17832,8.1942],[0.17852,8.18569],[0.16434,8.17164],[0.15185,8.16726],[0.15256,8.16124],[0.14771,8.15537],[0.1573,8.13392],[0.17656,8.11587],[0.197,8.10922],[0.19393,8.09336],[0.17295,8.08826],[0.14044,8.06995],[0.10611,8.07532],[0.08645,8.072],[0.03098,8.10174],[0.0159,8.10475],[-0.04442,8.10183],[-0.05937,8.09805],[-0.07499,8.08122],[-0.08258,8.08041],[-0.09458,8.05656],[-0.12634,8.05165],[-0.14613,8.04085],[-0.15508,8.03062],[-0.17317,8.02465],[-0.21467,8.03094],[-0.24058,8.0496],[-0.24883,8.07703],[-0.29488,8.11733],[-0.31933,8.13043],[-0.38469,8.15277],[-0.35415,8.16615],[-0.35157,8.17255],[-0.35861,8.18568],[-0.34863,8.20166],[-0.36854,8.20105],[-0.38493,8.19499],[-0.38968,8.19869],[-0.39077,8.21085],[-0.38751,8.22406],[-0.37824,8.22842],[-0.36023,8.2309],[-0.31929,8.22677],[-0.28069,8.24554],[-0.27476,8.22951],[-0.25944,8.21627],[-0.23785,8.21787],[-0.23264,8.21296],[-0.22429,8.21285],[-0.21894,8.21792],[-0.1986,8.2193],[-0.18851,8.23174],[-0.17309,8.22891],[-0.16552,8.23816],[-0.16939,8.25349],[-0.15069,8.26477],[-0.14572,8.2723],[-0.1242,8.27299],[-0.11412,8.29729],[-0.11027,8.33591],[-0.0874,8.33243],[-0.08433,8.33732],[-0.06772,8.33984],[-0.06431,8.35118],[-0.04821,8.35221],[-0.04033,8.34963],[-0.04084,8.33981],[-0.03674,8.33319],[-0.00259,8.32053],[0.01058,8.29764],[0.03341,8.296],[0.05275,8.29063],[0.06009,8.28202],[0.08065,8.28002],[0.10437,8.23903],[0.09429,8.23277],[0.08575,8.23302],[0.0795,8.22249],[0.09586,8.23033],[0.10791,8.2239],[0.11521,8.22914],[0.11668,8.21772],[0.1299,8.21458],[0.14462,8.1977],[0.17832,8.1942]]]}},{"type":"Feature","properties":{"display_name":"Krachi West","region":"Oti","api_district":"Dambai Municipal","match_resolution":"nearest"},"geometry":{"type":"Polygon","coordinates":[[[0.08645,8.072],[0.07629,8.06432],[0.07429,8.05332],[0.11865,8.0149],[0.11637,7.99437],[0.10367,7.97365],[0.06566,7.95042],[0.07343,7.90472],[0.06776,7.85634],[0.05988,7.83334],[0.0766,7.83287],[0.07784,7.79432],[0.06725,7.76812],[0.04439,7.74019],[0.03731,7.71223],[0.01447,7.6913],[-0.01519,7.68399],[0.00251,7.71756],[0.00413,7.74238],[-0.01451,7.75691],[-0.07727,7.74722],[-0.10008,7.75037],[-0.11095,7.76022],[-0.12645,7.78819],[-0.13623,7.82493],[-0.1454,7.90305],[-0.14171,7.93511],[-0.13651,7.93975],[-0.13493,7.94854],[-0.14114,7.95838],[-0.17383,7.95741],[-0.17017,7.96982],[-0.14415,8.00545],[-0.14153,8.01786],[-0.15508,8.03062],[-0.14613,8.04085],[-0.12634,8.05165],[-0.09458,8.05656],[-0.08258,8.08041],[-0.07499,8.08122],[-0.05937,8.09805],[-0.04442,8.10183],[-0.03464,8.1002],[-0.02686,8.10449],[-0.00024,8.10632],[0.03098,8.10174],[0.08645,8.072]]]}},{"type":"Feature","properties":{"display_name":"Nkwanta North","region":"Oti","api_district":"Nkwanta North District","match_resolution":"base"},"geometry":{"type":"Polygon","coordinates":[[[0.08284,8.52584],[0.11198,8.59682],[0.12813,8.60503],[0.148,8.58854],[0.17094,8.59603],[0.16986,8.61584],[0.14691,8.62963],[0.13775,8.64135],[0.13588,8.65353],[0.13895,8.66917],[0.18071,8.71068],[0.18203,8.72165],[0.16537,8.75614],[0.16931,8.77481],[0.17469,8.77059],[0.17094,8.76469],[0.18091,8.76183],[0.18054,8.74594],[0.18559,8.74076],[0.187,8.74714],[0.19962,8.7443],[0.21429,8.75504],[0.22094,8.74966],[0.23162,8.75343],[0.23921,8.75111],[0.24403,8.74076],[0.25872,8.74694],[0.26281,8.74104],[0.26978,8.74005],[0.26967,8.73115],[0.28185,8.72403],[0.28692,8.73333],[0.29219,8.7329],[0.29273,8.74117],[0.29791,8.74246],[0.30072,8.72618],[0.31461,8.73447],[0.3241,8.72826],[0.34144,8.72933],[0.34355,8.71858],[0.35816,8.71855],[0.35954,8.72575],[0.34634,8.74093],[0.37426,8.73565],[0.38351,8.74062],[0.4717,8.59969],[0.45762,8.59883],[0.44771,8.58713],[0.42235,8.58287],[0.40222,8.56064],[0.38601,8.55209],[0.37074,8.55071],[0.3665,8.53607],[0.35796,8.53514],[0.36285,8.52594],[0.34276,8.52024],[0.34116,8.51418],[0.33068,8.50808],[0.31591,8.50659],[0.32047,8.49935],[0.31885,8.4946],[0.32479,8.48948],[0.31663,8.49004],[0.31385,8.48127],[0.30155,8.48056],[0.30012,8.47457],[0.307,8.46934],[0.30186,8.46447],[0.30618,8.46092],[0.29445,8.45755],[0.29746,8.4487],[0.28848,8.45005],[0.28957,8.4401],[0.28338,8.43778],[0.28718,8.43267],[0.28101,8.42998],[0.30074,8.41791],[0.29513,8.41377],[0.28619,8.41559],[0.28437,8.4037],[0.27742,8.39385],[0.29073,8.3897],[0.28451,8.37297],[0.28936,8.36299],[0.27784,8.36326],[0.28279,8.35088],[0.29106,8.34922],[0.28523,8.34165],[0.28843,8.33396],[0.28215,8.32826],[0.27395,8.33268],[0.24067,8.3338],[0.22753,8.34219],[0.23533,8.34383],[0.24275,8.3541],[0.24433,8.38646],[0.22298,8.40711],[0.20748,8.4101],[0.16532,8.39111],[0.12482,8.38282],[0.10472,8.39008],[0.08649,8.40324],[0.09288,8.42746],[0.09074,8.44543],[0.08158,8.46078],[0.1208,8.48539],[0.09389,8.50166],[0.08284,8.52584]]]}},{"type":"Feature","properties":{"display_name":"Nkwanta South","region":"Oti","api_district":"Nkwanta South Municipal","match_resolution":"base"},"geometry":{"type":"Polygon","coordinates":[[[0.62806,7.9018],[0.59371,7.89975],[0.58925,7.90494],[0.58635,7.90194],[0.57276,7.91201],[0.56947,7.91061],[0.5629,7.92043],[0.53355,7.9085],[0.5167,7.91579],[0.50881,7.91528],[0.50265,7.91062],[0.50317,7.90475],[0.49113,7.90048],[0.48972,7.91174],[0.47258,7.92511],[0.47338,7.93124],[0.46822,7.93339],[0.4755,7.94674],[0.46986,7.95514],[0.45976,7.95535],[0.45825,7.96069],[0.45089,7.96459],[0.43705,7.95627],[0.4332,7.96513],[0.41641,7.96587],[0.41265,7.96972],[0.40464,7.96599],[0.4069,7.97555],[0.35185,8.01684],[0.31124,8.04168],[0.31182,8.05346],[0.30492,8.06629],[0.28277,8.06468],[0.26828,8.0714],[0.25687,8.08702],[0.2572,8.09175],[0.26387,8.09378],[0.25444,8.09498],[0.2527,8.10026],[0.24148,8.10669],[0.25925,8.10787],[0.27654,8.11753],[0.2849,8.11561],[0.30303,8.12891],[0.31202,8.14357],[0.31729,8.16642],[0.30811,8.18073],[0.29829,8.18513],[0.29215,8.1831],[0.28414,8.18911],[0.27547,8.18746],[0.27765,8.19116],[0.27433,8.19607],[0.27916,8.19631],[0.27278,8.19944],[0.27164,8.20435],[0.266,8.20146],[0.26651,8.19553],[0.24578,8.20656],[0.23077,8.2005],[0.2198,8.20191],[0.21306,8.1948],[0.20307,8.196],[0.1939,8.19072],[0.14462,8.1977],[0.13301,8.20733],[0.12322,8.23244],[0.14489,8.24086],[0.16294,8.24153],[0.19386,8.25328],[0.19802,8.29147],[0.19659,8.30171],[0.18519,8.32273],[0.19028,8.33339],[0.20346,8.3413],[0.21429,8.34247],[0.22753,8.34219],[0.24067,8.3338],[0.27395,8.33268],[0.28215,8.32826],[0.28843,8.33396],[0.28523,8.34165],[0.29106,8.34922],[0.28279,8.35088],[0.27742,8.35883],[0.27794,8.36332],[0.28462,8.36115],[0.29059,8.3656],[0.28451,8.37297],[0.29073,8.3897],[0.27742,8.39385],[0.28437,8.4037],[0.28619,8.41559],[0.29513,8.41377],[0.30074,8.41791],[0.28101,8.42998],[0.28718,8.43267],[0.28338,8.43778],[0.28957,8.4401],[0.28848,8.45005],[0.29746,8.4487],[0.29445,8.45755],[0.30618,8.46092],[0.30186,8.46447],[0.307,8.46934],[0.30012,8.47457],[0.30155,8.48056],[0.31385,8.48127],[0.31663,8.49004],[0.32479,8.48948],[0.31885,8.4946],[0.32047,8.49935],[0.31591,8.50659],[0.33068,8.50808],[0.34116,8.51418],[0.34276,8.52024],[0.36285,8.52594],[0.35796,8.53514],[0.3665,8.53607],[0.37074,8.55071],[0.38601,8.55209],[0.40222,8.56064],[0.42223,8.58279],[0.44816,8.58731],[0.45762,8.59883],[0.46917,8.60028],[0.48014,8.59381],[0.48205,8.59861],[0.49178,8.5975],[0.50067,8.58135],[0.49963,8.57419],[0.50728,8.57352],[0.51479,8.56491],[0.5311,8.56941],[0.54235,8.55596],[0.56114,8.54888],[0.57173,8.52596],[0.58431,8.52857],[0.59101,8.5167],[0.60183,8.51808],[0.62124,8.51215],[0.62961,8.50779],[0.62611,8.50274],[0.62985,8.49651],[0.63966,8.49785],[0.64532,8.49382],[0.64501,8.47535],[0.65581,8.45543],[0.65153,8.44826],[0.65182,8.42196],[0.67136,8.41677],[0.67905,8.4098],[0.68597,8.41122],[0.68825,8.40539],[0.69613,8.40433],[0.69326,8.39493],[0.70552,8.3945],[0.69889,8.38881],[0.70951,8.38498],[0.71121,8.37943],[0.70838,8.37749],[0.71214,8.37675],[0.70817,8.37219],[0.7116,8.36648],[0.71005,8.35194],[0.72013,8.34942],[0.71762,8.34328],[0.72943,8.34106],[0.72691,8.33676],[0.7313,8.29431],[0.72639,8.28151],[0.68286,8.27964],[0.6819,8.2662],[0.6735,8.25901],[0.63893,8.26058],[0.63827,8.24506],[0.62459,8.23584],[0.62544,8.22491],[0.61893,8.21959],[0.61907,8.21513],[0.61065,8.21621],[0.59003,8.20775],[0.58984,8.19505],[0.60315,8.18138],[0.61327,8.18419],[0.61385,8.1801],[0.60696,8.17225],[0.61131,8.15407],[0.60691,8.13875],[0.59207,8.13904],[0.59186,8.10316],[0.58724,8.10318],[0.58504,8.09331],[0.59266,8.0606],[0.59729,8.06273],[0.59876,8.05827],[0.59414,8.03987],[0.59864,8.027],[0.60955,8.02708],[0.61333,8.01937],[0.62212,8.01449],[0.62248,8.00783],[0.61258,8.00571],[0.61713,7.96531],[0.62368,7.96245],[0.62116,7.93667],[0.62721,7.93194],[0.62661,7.92532],[0.63127,7.91925],[0.62704,7.9172],[0.6323,7.9146],[0.62781,7.90901],[0.62806,7.9018]]]}},{"type":"Feature","properties":{"display_name":"Bole","region":"Savannah","api_district":"Bole District","match_resolution":"base"},"geometry":{"type":"Polygon","coordinates":[[[-2.71155,9.21018],[-2.69405,9.19486],[-2.68437,9.19171],[-2.66962,9.19705],[-2.64532,9.18543],[-2.61778,9.19362],[-2.60693,9.18753],[-2.60356,9.19086],[-2.59354,9.18886],[-2.57899,9.19317],[-2.56938,9.19093],[-2.48215,9.20966],[-2.46882,9.21644],[-2.46969,9.22245],[-2.45832,9.22604],[-2.45199,9.23588],[-2.40539,9.23646],[-2.40952,9.20929],[-2.39968,9.18956],[-2.4036,9.17327],[-2.39107,9.16907],[-2.3694,9.13913],[-2.36237,9.13591],[-2.35023,9.15484],[-2.33201,9.14497],[-2.28497,9.157],[-2.27005,9.15321],[-2.26345,9.15644],[-2.2311,9.14141],[-2.22505,9.12981],[-2.1754,9.10219],[-2.16527,9.07716],[-2.15156,9.06708],[-2.13709,9.06432],[-2.12285,9.04727],[-2.11782,9.03497],[-2.1048,9.02826],[-2.06986,9.02981],[-2.04967,9.01677],[-2.04237,9.02115],[-2.03406,9.01661],[-2.04666,8.99701],[-2.05757,9.0025],[-2.06984,8.99979],[-2.07159,8.99375],[-2.0798,8.99098],[-2.10502,8.99625],[-2.12701,8.98631],[-2.14105,8.98479],[-2.15633,8.98839],[-2.21936,8.96232],[-2.23295,8.96661],[-2.25797,8.95387],[-2.25272,8.95185],[-2.22899,8.92168],[-2.21128,8.91405],[-2.19216,8.89714],[-2.1828,8.89593],[-2.17116,8.87438],[-2.14627,8.86129],[-2.14405,8.84038],[-2.12883,8.82797],[-2.12004,8.83312],[-2.1122,8.829],[-2.10819,8.82026],[-2.04573,8.82686],[-2.04044,8.81966],[-2.01537,8.81266],[-2.01244,8.79141],[-2.00753,8.79293],[-2.01114,8.78656],[-2.00797,8.76852],[-1.9958,8.75838],[-1.99497,8.75255],[-1.97177,8.75533],[-1.96429,8.74303],[-1.94435,8.74268],[-1.93611,8.74699],[-1.92563,8.74187],[-1.91808,8.74664],[-1.90766,8.74493],[-1.89297,8.73364],[-1.89371,8.72799],[-1.87791,8.71781],[-1.8744,8.70936],[-1.87687,8.70723],[-1.87151,8.70224],[-1.8725,8.69546],[-1.86698,8.6873],[-1.86521,8.65957],[-1.85698,8.65156],[-1.8718,8.6347],[-1.88957,8.58562],[-1.89292,8.55608],[-1.89683,8.55278],[-1.89875,8.54028],[-1.88311,8.48016],[-1.88645,8.46449],[-1.90984,8.43847],[-1.90808,8.39765],[-1.88342,8.34756],[-1.87092,8.33399],[-1.84563,8.3293],[-1.81632,8.33933],[-1.80293,8.33941],[-1.79088,8.3367],[-1.7699,8.32271],[-1.74664,8.27047],[-1.74765,8.26146],[-1.77282,8.23155],[-1.78559,8.22623],[-1.79968,8.22619],[-1.83707,8.25051],[-1.86839,8.25938],[-1.89512,8.26165],[-1.90803,8.24693],[-1.91365,8.22962],[-1.92981,8.21279],[-1.94496,8.18324],[-1.96169,8.1689],[-2.00544,8.15573],[-2.03003,8.15519],[-2.04418,8.14754],[-2.06673,8.14635],[-2.10681,8.15735],[-2.1179,8.15705],[-2.12163,8.14971],[-2.12766,8.1476],[-2.15357,8.17135],[-2.16209,8.1736],[-2.16792,8.21142],[-2.20508,8.23179],[-2.21296,8.2415],[-2.20905,8.24956],[-2.21489,8.25861],[-2.22973,8.2634],[-2.24026,8.2815],[-2.25251,8.27683],[-2.2755,8.29311],[-2.2881,8.29652],[-2.28561,8.3193],[-2.29533,8.32692],[-2.29728,8.34332],[-2.30499,8.35481],[-2.3008,8.36273],[-2.29941,8.38484],[-2.30774,8.38973],[-2.30957,8.40073],[-2.32527,8.41738],[-2.33709,8.45425],[-2.3523,8.46145],[-2.35549,8.46932],[-2.36538,8.47471],[-2.36929,8.48555],[-2.37077,8.50035],[-2.35791,8.52071],[-2.36729,8.54029],[-2.3712,8.53928],[-2.3835,8.55406],[-2.39863,8.55707],[-2.40226,8.56428],[-2.41016,8.56705],[-2.41919,8.59268],[-2.41767,8.61243],[-2.44223,8.62999],[-2.45506,8.64824],[-2.46432,8.6518],[-2.48829,8.6858],[-2.49938,8.71838],[-2.51299,8.73004],[-2.52564,8.73249],[-2.53561,8.73928],[-2.54304,8.76152],[-2.56973,8.77241],[-2.58545,8.78647],[-2.61742,8.78702],[-2.62895,8.79431],[-2.62115,8.80768],[-2.59796,8.82237],[-2.59633,8.83074],[-2.6229,8.87788],[-2.6159,8.91154],[-2.61815,8.92208],[-2.62705,8.92968],[-2.64482,8.93602],[-2.65127,8.94401],[-2.65785,8.98375],[-2.6541,9.00744],[-2.65969,9.00688],[-2.66339,9.01528],[-2.67218,9.02023],[-2.70178,9.01535],[-2.70566,9.02088],[-2.72,9.01205],[-2.71351,9.02284],[-2.71656,9.02534],[-2.76052,9.02561],[-2.77214,9.03274],[-2.77358,9.04479],[-2.78253,9.05402],[-2.78189,9.06486],[-2.76555,9.08789],[-2.76772,9.11311],[-2.77105,9.1148],[-2.76756,9.11487],[-2.76862,9.12042],[-2.77459,9.13726],[-2.77906,9.13731],[-2.77461,9.13773],[-2.77193,9.14553],[-2.76361,9.151],[-2.74862,9.15523],[-2.75032,9.15787],[-2.74286,9.15611],[-2.73687,9.15951],[-2.72263,9.18652],[-2.72111,9.19322],[-2.72495,9.19893],[-2.72038,9.19501],[-2.71853,9.2034],[-2.71155,9.21018]]]}},{"type":"Feature","properties":{"display_name":"Central Gonja","region":"Savannah","api_district":"Central Gonja District","match_resolution":"base"},"geometry":{"type":"Polygon","coordinates":[[[-2.04666,8.99701],[-2.03153,9.02085],[-2.01635,9.03141],[-2.00967,9.04317],[-1.99834,9.04425],[-1.99556,9.04083],[-1.99285,9.04395],[-1.98847,9.03885],[-1.97679,9.04131],[-1.97397,9.05084],[-1.95231,9.04652],[-1.94093,9.05357],[-1.93479,9.04707],[-1.92992,9.04792],[-1.9317,9.04536],[-1.92815,9.0429],[-1.91609,9.04164],[-1.9096,9.04315],[-1.90405,9.05047],[-1.88746,9.04679],[-1.87979,9.04983],[-1.85895,9.03679],[-1.85411,9.03907],[-1.84182,9.03447],[-1.84269,9.02697],[-1.83211,9.00914],[-1.84113,9.00109],[-1.84866,8.97852],[-1.85698,8.96819],[-1.85149,8.96081],[-1.86026,8.95059],[-1.86153,8.93242],[-1.85605,8.90361],[-1.85647,8.87948],[-1.70047,8.85442],[-1.69314,8.89408],[-1.66118,8.91887],[-1.63333,8.91847],[-1.62725,8.91517],[-1.60819,8.91955],[-1.60344,8.92768],[-1.58893,8.9286],[-1.57731,8.93507],[-1.57355,8.94423],[-1.56279,8.94984],[-1.58138,8.98426],[-1.58918,8.98775],[-1.58664,8.99457],[-1.56536,9.009],[-1.5514,9.03923],[-1.51669,9.05815],[-1.51002,9.07174],[-1.4952,9.07921],[-1.47533,9.10592],[-1.4454,9.11579],[-1.4286,9.11315],[-1.41977,9.11657],[-1.41547,9.12582],[-1.40338,9.13008],[-1.3843,9.12945],[-1.38102,9.12565],[-1.37935,9.12942],[-1.37425,9.12898],[-1.37868,9.14824],[-1.36501,9.16864],[-1.31912,9.15563],[-1.28688,9.17443],[-1.27906,9.18493],[-1.26402,9.18398],[-1.26135,9.19145],[-1.25726,9.18465],[-1.25281,9.18737],[-1.24415,9.20829],[-1.23814,9.21279],[-1.23663,9.2286],[-1.24044,9.24335],[-1.23706,9.26337],[-1.24998,9.26563],[-1.25317,9.27296],[-1.24311,9.27751],[-1.24251,9.28476],[-1.23054,9.29058],[-1.22804,9.29606],[-1.21268,9.29834],[-1.21255,9.30284],[-1.2031,9.30863],[-1.19652,9.30385],[-1.19622,9.30859],[-1.18379,9.31015],[-1.1721,9.32116],[-1.16524,9.32124],[-1.16605,9.31768],[-1.15626,9.32124],[-1.14308,9.31748],[-1.12044,9.31835],[-1.10918,9.31438],[-1.10629,9.30818],[-1.09949,9.30916],[-1.09551,9.31541],[-1.07975,9.32154],[-1.07705,9.32629],[-1.05776,9.32792],[-1.051,9.33973],[-1.04073,9.34476],[-1.01357,9.32973],[-1.01962,9.31335],[-0.97647,9.33656],[-0.96256,9.33472],[-0.95977,9.30357],[-0.93531,9.29602],[-0.93521,9.28295],[-0.92566,9.2788],[-0.91478,9.28021],[-0.90318,9.27433],[-0.90081,9.26594],[-0.89401,9.26446],[-0.89297,9.25921],[-0.88531,9.25385],[-0.88328,9.24319],[-0.87883,9.24051],[-0.87989,9.23408],[-0.87439,9.22743],[-0.8698,9.22766],[-0.86934,9.22367],[-0.85748,9.22405],[-0.85413,9.2185],[-0.84561,9.22148],[-0.83806,9.21911],[-0.84782,9.19773],[-0.85523,9.19322],[-0.84349,9.18961],[-0.83986,9.18363],[-0.8437,9.17583],[-0.84041,9.14518],[-0.82418,9.15495],[-0.81374,9.15249],[-0.79974,9.15767],[-0.77958,9.15718],[-0.76025,9.14316],[-0.75944,9.13374],[-0.75182,9.13262],[-0.75151,9.12795],[-0.74658,9.12649],[-0.74494,9.13145],[-0.73845,9.1277],[-0.73708,9.11542],[-0.74055,9.10639],[-0.73661,9.09646],[-0.72197,9.08395],[-0.72944,9.06257],[-0.72915,9.05915],[-0.72235,9.05712],[-0.72159,9.04314],[-0.72537,9.03959],[-0.72172,9.02688],[-0.71543,9.02174],[-0.72754,9.00928],[-0.72205,8.99527],[-0.71613,8.99756],[-0.7199,9.00142],[-0.69694,9.01003],[-0.69681,9.01386],[-0.68303,9.02329],[-0.67631,9.01719],[-0.66113,9.01362],[-0.65475,9.01602],[-0.62177,9.01238],[-0.61068,8.9982],[-0.60775,8.97615],[-0.60017,8.95934],[-0.62222,8.94641],[-0.63249,8.94767],[-0.64274,8.93485],[-0.6635,8.92915],[-0.67069,8.92211],[-0.64535,8.88512],[-0.64715,8.87635],[-0.64193,8.86239],[-0.64726,8.84467],[-0.63904,8.81739],[-0.66554,8.76982],[-0.67885,8.75904],[-0.68498,8.73871],[-0.69917,8.7247],[-0.69656,8.69755],[-0.70953,8.68646],[-0.71864,8.6651],[-0.72705,8.66004],[-0.73229,8.64026],[-0.74575,8.63096],[-0.74008,8.61914],[-0.7441,8.60678],[-0.74754,8.60133],[-0.75717,8.60276],[-0.76923,8.61411],[-0.77372,8.62397],[-0.7862,8.60197],[-0.79949,8.59424],[-0.82905,8.54315],[-0.85871,8.537],[-0.87677,8.54414],[-0.92648,8.63024],[-0.94093,8.64758],[-0.98317,8.65975],[-1.0295,8.69478],[-1.05359,8.70179],[-1.07546,8.70215],[-1.12549,8.67854],[-1.18586,8.6782],[-1.19779,8.67002],[-1.21078,8.66808],[-1.26219,8.68998],[-1.28804,8.72026],[-1.30931,8.72175],[-1.35596,8.75906],[-1.40566,8.77395],[-1.4493,8.76565],[-1.47476,8.76527],[-1.48421,8.75997],[-1.49934,8.73838],[-1.51079,8.69174],[-1.5315,8.68099],[-1.55288,8.67555],[-1.61189,8.67701],[-1.62973,8.68101],[-1.64626,8.69291],[-1.65836,8.6954],[-1.67935,8.6839],[-1.68365,8.67355],[-1.68366,8.65645],[-1.69324,8.64381],[-1.73339,8.62636],[-1.75518,8.63007],[-1.78887,8.65237],[-1.81323,8.6615],[-1.84086,8.66119],[-1.85698,8.65156],[-1.86521,8.65957],[-1.86559,8.68015],[-1.8725,8.69546],[-1.87151,8.70224],[-1.87687,8.70723],[-1.87575,8.71389],[-1.88467,8.72437],[-1.89371,8.72799],[-1.89609,8.73712],[-1.90766,8.74493],[-1.91808,8.74664],[-1.92563,8.74187],[-1.93408,8.747],[-1.94435,8.74268],[-1.96429,8.74303],[-1.97235,8.75551],[-1.99497,8.75255],[-1.9958,8.75838],[-2.00797,8.76852],[-2.01114,8.78656],[-2.00753,8.79293],[-2.01244,8.79141],[-2.01537,8.81266],[-2.04044,8.81966],[-2.04573,8.82686],[-2.10819,8.82026],[-2.1122,8.829],[-2.12004,8.83312],[-2.12883,8.82797],[-2.14405,8.84038],[-2.14627,8.86129],[-2.17116,8.87438],[-2.1828,8.89593],[-2.19216,8.89714],[-2.21128,8.91405],[-2.22899,8.92168],[-2.25272,8.95185],[-2.25797,8.95387],[-2.23295,8.96661],[-2.21936,8.96232],[-2.15633,8.98839],[-2.14105,8.98479],[-2.12701,8.98631],[-2.10502,8.99625],[-2.0798,8.99098],[-2.07159,8.99375],[-2.06984,8.99979],[-2.05757,9.0025],[-2.04666,8.99701]]]}},{"type":"Feature","properties":{"display_name":"East Gonja","region":"Savannah","api_district":"East Gonja Municipal","match_resolution":"base"},"geometry":{"type":"Polygon","coordinates":[[[-1.26865,8.27685],[-1.27586,8.30427],[-1.28032,8.30885],[-1.27491,8.31137],[-1.27774,8.3234],[-1.27331,8.33477],[-1.25858,8.35254],[-1.25685,8.35925],[-1.26205,8.36828],[-1.25273,8.37924],[-1.25761,8.39204],[-1.25584,8.40292],[-1.26,8.40742],[-1.25626,8.41],[-1.25369,8.42404],[-1.26301,8.43448],[-1.25854,8.45485],[-1.24536,8.46404],[-1.24475,8.47015],[-1.23181,8.47046],[-1.22941,8.477],[-1.22144,8.47739],[-1.21828,8.49122],[-1.19456,8.49405],[-1.19187,8.50215],[-1.19593,8.51151],[-1.18251,8.51059],[-1.17932,8.51784],[-1.17438,8.51687],[-1.17357,8.50758],[-1.16463,8.51198],[-1.16499,8.52316],[-1.17228,8.52856],[-1.17207,8.53532],[-1.16127,8.53563],[-1.1548,8.54246],[-1.14148,8.5765],[-1.14596,8.59129],[-1.14663,8.62544],[-1.15052,8.63327],[-1.14489,8.64611],[-1.14731,8.65573],[-1.14447,8.67735],[-1.11474,8.68223],[-1.07546,8.70215],[-1.05359,8.70179],[-1.0295,8.69478],[-0.98317,8.65975],[-0.95019,8.65237],[-0.93537,8.64131],[-0.87677,8.54414],[-0.85025,8.44192],[-0.82524,8.39952],[-0.77985,8.33555],[-0.80144,8.33963],[-0.85784,8.32855],[-0.85958,8.32238],[-0.85269,8.31419],[-0.86197,8.27238],[-0.89134,8.25835],[-0.93943,8.25132],[-0.94866,8.24647],[-0.95908,8.25106],[-0.96575,8.24668],[-0.96772,8.23305],[-0.97897,8.22724],[-0.98747,8.23537],[-0.98994,8.24561],[-1.01021,8.2479],[-1.01918,8.26114],[-1.0397,8.24306],[-1.04316,8.20436],[-1.04049,8.16598],[-1.06873,8.1292],[-1.04329,8.09389],[-1.041,8.07942],[-1.04813,8.06249],[-1.03368,8.05473],[-1.03463,8.04628],[-1.01943,8.03206],[-1.01646,8.01757],[-1.02984,8.01698],[-1.03482,8.02535],[-1.05246,8.02913],[-1.08144,8.01724],[-1.0904,8.00275],[-1.107,7.99237],[-1.11246,7.9953],[-1.12042,7.99315],[-1.12576,7.99769],[-1.13142,7.99524],[-1.15795,7.99927],[-1.16271,8.01496],[-1.15925,8.03436],[-1.16604,8.06033],[-1.15654,8.08861],[-1.22948,8.20483],[-1.23712,8.2237],[-1.26646,8.25729],[-1.26865,8.27685]]]}},{"type":"Feature","properties":{"display_name":"North East Gonja","region":"Savannah","api_district":"North East Gonja District","match_resolution":"base"},"geometry":{"type":"Polygon","coordinates":[[[-0.20263,9.10887],[-0.20778,9.10292],[-0.20807,9.08244],[-0.21302,9.07894],[-0.20396,9.06284],[-0.21305,9.05148],[-0.21187,9.04564],[-0.21841,9.0328],[-0.20882,9.02719],[-0.20937,9.01243],[-0.21238,9.01196],[-0.204,9.00469],[-0.20603,8.99856],[-0.20283,8.99842],[-0.19547,8.97517],[-0.20049,8.94749],[-0.21317,8.946],[-0.22201,8.93575],[-0.23362,8.9363],[-0.23648,8.94007],[-0.24208,8.93083],[-0.2375,8.92027],[-0.24862,8.91744],[-0.24387,8.90857],[-0.25589,8.90087],[-0.28098,8.90125],[-0.27953,8.89603],[-0.28793,8.89244],[-0.29104,8.88545],[-0.29521,8.88874],[-0.30202,8.88568],[-0.30267,8.87885],[-0.29508,8.8657],[-0.3001,8.86489],[-0.29966,8.86081],[-0.31036,8.85826],[-0.32686,8.86306],[-0.33048,8.85893],[-0.33314,8.86637],[-0.33878,8.86734],[-0.34403,8.86254],[-0.33887,8.86101],[-0.34465,8.85549],[-0.34287,8.84637],[-0.33836,8.84528],[-0.33433,8.83696],[-0.32267,8.83413],[-0.32109,8.81927],[-0.31661,8.81623],[-0.30799,8.82047],[-0.29937,8.81928],[-0.29534,8.81072],[-0.29947,8.80907],[-0.29715,8.80589],[-0.30322,8.79481],[-0.30654,8.79559],[-0.30464,8.78707],[-0.30944,8.78559],[-0.30773,8.76993],[-0.31441,8.76504],[-0.31454,8.75073],[-0.32944,8.74211],[-0.33966,8.75587],[-0.34583,8.75843],[-0.35374,8.7544],[-0.35862,8.7481],[-0.37285,8.74325],[-0.36591,8.73482],[-0.36883,8.72255],[-0.38378,8.72403],[-0.38101,8.71137],[-0.3874,8.70878],[-0.38683,8.71141],[-0.39658,8.713],[-0.40572,8.70706],[-0.40756,8.71549],[-0.41239,8.70813],[-0.41423,8.71857],[-0.40848,8.72882],[-0.41055,8.73341],[-0.43165,8.72835],[-0.43095,8.71647],[-0.4481,8.72947],[-0.4577,8.7214],[-0.4739,8.73421],[-0.48608,8.72649],[-0.49022,8.70434],[-0.48487,8.70155],[-0.48435,8.68186],[-0.47589,8.68308],[-0.46994,8.67177],[-0.45981,8.67495],[-0.45961,8.67852],[-0.45369,8.67557],[-0.44709,8.66241],[-0.44054,8.66409],[-0.43945,8.65943],[-0.43273,8.65883],[-0.43484,8.64425],[-0.43045,8.64325],[-0.42333,8.65001],[-0.41778,8.64596],[-0.41923,8.63903],[-0.4125,8.62591],[-0.4172,8.61379],[-0.41511,8.60778],[-0.41239,8.6101],[-0.40919,8.6072],[-0.41106,8.59899],[-0.40748,8.59778],[-0.40239,8.60444],[-0.39626,8.59303],[-0.39101,8.59535],[-0.38295,8.59227],[-0.37338,8.59804],[-0.37148,8.58696],[-0.36234,8.5988],[-0.35763,8.59895],[-0.35779,8.59022],[-0.36366,8.58147],[-0.35604,8.57122],[-0.34365,8.56854],[-0.34979,8.55995],[-0.33545,8.53061],[-0.33295,8.53365],[-0.32251,8.53145],[-0.31843,8.5357],[-0.31216,8.52748],[-0.31044,8.53899],[-0.30436,8.5349],[-0.29838,8.54685],[-0.29366,8.54786],[-0.29733,8.54151],[-0.28945,8.54383],[-0.27768,8.55753],[-0.26914,8.55067],[-0.26964,8.54206],[-0.26567,8.54694],[-0.26007,8.54659],[-0.25793,8.55527],[-0.23904,8.55919],[-0.23468,8.57213],[-0.22917,8.56738],[-0.2227,8.57052],[-0.21469,8.55269],[-0.19705,8.55275],[-0.19748,8.54685],[-0.20636,8.53807],[-0.20648,8.52675],[-0.19941,8.522],[-0.20452,8.49716],[-0.20823,8.49464],[-0.19508,8.4833],[-0.20058,8.48161],[-0.21009,8.48678],[-0.21286,8.46802],[-0.21935,8.47498],[-0.24285,8.47267],[-0.23348,8.45743],[-0.21879,8.45552],[-0.22082,8.44001],[-0.24929,8.38034],[-0.25301,8.35173],[-0.25907,8.34936],[-0.29903,8.35294],[-0.30661,8.35812],[-0.3265,8.33901],[-0.30801,8.3206],[-0.27833,8.31974],[-0.26746,8.32611],[-0.26319,8.33582],[-0.24795,8.33373],[-0.23796,8.34293],[-0.21789,8.33848],[-0.21025,8.35064],[-0.19606,8.34773],[-0.18714,8.35802],[-0.18412,8.3378],[-0.16363,8.31279],[-0.15818,8.29767],[-0.14686,8.28984],[-0.14273,8.27208],[-0.16961,8.2532],[-0.16552,8.23838],[-0.16864,8.23138],[-0.17719,8.22782],[-0.18204,8.23229],[-0.18851,8.23174],[-0.1986,8.2193],[-0.21894,8.21792],[-0.22429,8.21285],[-0.23264,8.21296],[-0.23785,8.21787],[-0.25944,8.21627],[-0.27476,8.22951],[-0.28069,8.24554],[-0.31929,8.22677],[-0.36948,8.23085],[-0.38751,8.22406],[-0.39077,8.21085],[-0.38968,8.19869],[-0.38493,8.19499],[-0.36854,8.20105],[-0.34863,8.20166],[-0.35861,8.18568],[-0.35157,8.17255],[-0.35415,8.16615],[-0.38469,8.15277],[-0.41895,8.15282],[-0.44438,8.15752],[-0.50301,8.18087],[-0.54246,8.18764],[-0.63946,8.26946],[-0.74076,8.33555],[-0.77985,8.33555],[-0.82524,8.39952],[-0.85025,8.44192],[-0.87677,8.54414],[-0.85871,8.537],[-0.82905,8.54315],[-0.79949,8.59424],[-0.7862,8.60197],[-0.77372,8.62397],[-0.76923,8.61411],[-0.75717,8.60276],[-0.74754,8.60133],[-0.7441,8.60678],[-0.74008,8.61914],[-0.74575,8.63096],[-0.73229,8.64026],[-0.72705,8.66004],[-0.71864,8.6651],[-0.70953,8.68646],[-0.69656,8.69755],[-0.69917,8.7247],[-0.68498,8.73871],[-0.67885,8.75904],[-0.66554,8.76982],[-0.63904,8.81739],[-0.64726,8.84467],[-0.64193,8.86239],[-0.64715,8.87635],[-0.64535,8.88512],[-0.67069,8.92211],[-0.6635,8.92915],[-0.64274,8.93485],[-0.63249,8.94767],[-0.62222,8.94641],[-0.60217,8.95632],[-0.60017,8.95934],[-0.60775,8.97615],[-0.6088,8.99352],[-0.61905,9.01132],[-0.65475,9.01602],[-0.66113,9.01362],[-0.67631,9.01719],[-0.68303,9.02329],[-0.69681,9.01386],[-0.69694,9.01003],[-0.7199,9.00142],[-0.71613,8.99756],[-0.72205,8.99527],[-0.72754,9.00928],[-0.71543,9.02174],[-0.72172,9.02688],[-0.72537,9.03959],[-0.72159,9.04314],[-0.72235,9.05712],[-0.72915,9.05915],[-0.72944,9.06257],[-0.72197,9.08395],[-0.73661,9.09646],[-0.74094,9.10743],[-0.73694,9.12573],[-0.74494,9.13145],[-0.74789,9.12638],[-0.75182,9.13262],[-0.75944,9.13374],[-0.76025,9.14316],[-0.77958,9.15718],[-0.79974,9.15767],[-0.81374,9.15249],[-0.82418,9.15495],[-0.84041,9.14518],[-0.8437,9.17583],[-0.83986,9.18363],[-0.84349,9.18961],[-0.85523,9.19322],[-0.84782,9.19773],[-0.83806,9.21911],[-0.84561,9.22148],[-0.85413,9.2185],[-0.85748,9.22405],[-0.86555,9.22266],[-0.87439,9.22743],[-0.87989,9.23408],[-0.88327,9.25027],[-0.89401,9.26446],[-0.89878,9.2642],[-0.90318,9.27433],[-0.91466,9.28016],[-0.92566,9.2788],[-0.93521,9.28295],[-0.93619,9.29626],[-0.93111,9.2988],[-0.92636,9.29631],[-0.88511,9.31039],[-0.87972,9.29993],[-0.86986,9.30635],[-0.85968,9.30642],[-0.84915,9.30426],[-0.8484,9.2967],[-0.84242,9.29964],[-0.83281,9.2973],[-0.82284,9.31157],[-0.8059,9.3189],[-0.79548,9.30893],[-0.76443,9.29599],[-0.70844,9.28712],[-0.69402,9.2782],[-0.69735,9.285],[-0.71048,9.2901],[-0.71433,9.29589],[-0.71157,9.30595],[-0.71777,9.31364],[-0.71451,9.32624],[-0.68905,9.31014],[-0.68409,9.32547],[-0.65415,9.31521],[-0.63511,9.31879],[-0.63266,9.31566],[-0.63642,9.31039],[-0.62703,9.30701],[-0.61724,9.31253],[-0.61014,9.31135],[-0.60456,9.32298],[-0.59442,9.32872],[-0.58011,9.31645],[-0.56629,9.28823],[-0.55309,9.28446],[-0.54366,9.27509],[-0.5351,9.27463],[-0.51951,9.2822],[-0.51101,9.27402],[-0.50956,9.26065],[-0.48963,9.24949],[-0.46309,9.24291],[-0.4359,9.23095],[-0.42632,9.22271],[-0.39082,9.2354],[-0.35864,9.22344],[-0.34036,9.21119],[-0.32399,9.20929],[-0.31731,9.19724],[-0.30934,9.19341],[-0.30808,9.18106],[-0.2943,9.17657],[-0.29026,9.15488],[-0.28655,9.15488],[-0.28713,9.14825],[-0.28189,9.14531],[-0.28204,9.13778],[-0.25845,9.12637],[-0.2501,9.12926],[-0.24731,9.12303],[-0.23718,9.11786],[-0.23102,9.12336],[-0.22359,9.12122],[-0.21825,9.10851],[-0.20263,9.10887]]]}},{"type":"Feature","properties":{"display_name":"North Gonja","region":"Savannah","api_district":"North Gonja District","match_resolution":"base"},"geometry":{"type":"Polygon","coordinates":[[[-1.98685,9.82512],[-1.74219,9.82005],[-1.70883,9.82298],[-1.69674,9.87106],[-1.69917,9.88014],[-1.69633,9.88724],[-1.70707,9.89986],[-1.70462,9.92356],[-1.71396,9.92958],[-1.71612,9.94001],[-1.7067,9.94583],[-1.70797,9.95711],[-1.71187,9.96032],[-1.70746,9.96465],[-1.71264,9.97018],[-1.71,9.98129],[-1.71861,9.99826],[-1.71475,10.01224],[-1.70171,10.01384],[-1.70163,10.02192],[-1.69497,10.02342],[-1.69469,10.03099],[-1.68601,10.03866],[-1.67362,10.02529],[-1.66734,10.03557],[-1.66724,10.04509],[-1.64602,10.03802],[-1.63488,10.04261],[-1.62906,10.05288],[-1.64177,10.05772],[-1.655,10.07456],[-1.62639,10.07907],[-1.62324,10.07109],[-1.6131,10.06906],[-1.58362,10.08003],[-1.57936,10.08942],[-1.55862,10.09139],[-1.55737,10.09779],[-1.55132,10.0928],[-1.54633,10.07053],[-1.53273,10.07373],[-1.5174,10.0866],[-1.50531,10.08329],[-1.4674,10.10364],[-1.43675,10.1034],[-1.4119,10.08908],[-1.40595,10.09408],[-1.38317,10.0901],[-1.36963,10.09459],[-1.36832,10.08904],[-1.35503,10.07972],[-1.32253,10.06593],[-1.31015,10.06604],[-1.30628,10.05444],[-1.28767,10.03548],[-1.27951,10.03798],[-1.2763,10.03163],[-1.26493,10.0315],[-1.2562,10.03551],[-1.24395,10.03046],[-1.22704,10.00796],[-1.20856,10.00543],[-1.1969,9.99398],[-1.18033,9.99194],[-1.1564,9.97729],[-1.14206,9.98],[-1.13989,9.96794],[-1.12441,9.95945],[-1.10765,9.92729],[-1.12669,9.92952],[-1.16257,9.95221],[-1.17846,9.94965],[-1.17632,9.92329],[-1.18219,9.89798],[-1.17208,9.87967],[-1.16389,9.87391],[-1.16006,9.85652],[-1.16392,9.83732],[-1.1726,9.82448],[-1.16903,9.81456],[-1.174,9.80786],[-1.17431,9.78978],[-1.18669,9.80031],[-1.19812,9.79583],[-1.21479,9.79946],[-1.21812,9.81241],[-1.23831,9.82846],[-1.25346,9.82323],[-1.26318,9.82429],[-1.26386,9.81608],[-1.27356,9.80198],[-1.28528,9.80171],[-1.30505,9.81121],[-1.30926,9.81782],[-1.3076,9.82303],[-1.31421,9.81626],[-1.31382,9.8065],[-1.30871,9.80108],[-1.32279,9.79975],[-1.32768,9.8079],[-1.34137,9.80809],[-1.34777,9.8055],[-1.35154,9.79437],[-1.3477,9.77731],[-1.35083,9.76614],[-1.34536,9.7489],[-1.34955,9.74604],[-1.34668,9.73379],[-1.35001,9.72952],[-1.33874,9.70605],[-1.32529,9.698],[-1.32482,9.68882],[-1.31956,9.68428],[-1.31905,9.66711],[-1.32511,9.65606],[-1.31461,9.65334],[-1.31741,9.64799],[-1.33021,9.64392],[-1.32939,9.63384],[-1.36729,9.61781],[-1.37351,9.60864],[-1.31377,9.5488],[-1.31166,9.53802],[-1.29537,9.51932],[-1.28129,9.50989],[-1.25013,9.42748],[-1.24307,9.41936],[-1.24588,9.38594],[-1.25815,9.36067],[-1.2546,9.35286],[-1.26484,9.34202],[-1.26077,9.33144],[-1.26907,9.33073],[-1.25898,9.31978],[-1.2548,9.31026],[-1.25695,9.30788],[-1.24208,9.29027],[-1.24251,9.28476],[-1.26352,9.29588],[-1.28575,9.32657],[-1.30605,9.34389],[-1.31379,9.35948],[-1.3437,9.38189],[-1.34975,9.38097],[-1.34931,9.37649],[-1.35804,9.37766],[-1.36458,9.37197],[-1.36981,9.37311],[-1.3694,9.36885],[-1.37644,9.37112],[-1.38783,9.36803],[-1.39257,9.35142],[-1.40359,9.35349],[-1.40902,9.34264],[-1.40595,9.33835],[-1.41674,9.33927],[-1.42393,9.32661],[-1.43016,9.33217],[-1.43714,9.33179],[-1.44892,9.31909],[-1.46153,9.31793],[-1.48256,9.32338],[-1.48157,9.33111],[-1.487,9.33072],[-1.48792,9.32655],[-1.49577,9.32539],[-1.49403,9.31985],[-1.49922,9.32022],[-1.49737,9.3151],[-1.50203,9.31406],[-1.50262,9.30221],[-1.50682,9.30327],[-1.50524,9.29922],[-1.50874,9.29696],[-1.50894,9.30174],[-1.51109,9.29749],[-1.52532,9.29476],[-1.52425,9.29877],[-1.53141,9.3014],[-1.53243,9.3131],[-1.53968,9.32051],[-1.54929,9.30918],[-1.55914,9.30652],[-1.55855,9.30285],[-1.56275,9.30606],[-1.5666,9.30341],[-1.5632,9.29424],[-1.57008,9.29148],[-1.56822,9.28491],[-1.57319,9.28528],[-1.57906,9.27632],[-1.58565,9.27662],[-1.58836,9.28623],[-1.59571,9.28663],[-1.5971,9.29111],[-1.60526,9.29061],[-1.61124,9.2964],[-1.61141,9.30347],[-1.6351,9.32318],[-1.65106,9.32834],[-1.65807,9.3377],[-1.6793,9.34844],[-1.69342,9.36339],[-1.71547,9.37157],[-1.71919,9.38593],[-1.72325,9.38551],[-1.73027,9.39541],[-1.73057,9.41181],[-1.74054,9.42159],[-1.73397,9.44016],[-1.73835,9.45385],[-1.77176,9.49599],[-1.78296,9.50271],[-1.84941,9.50518],[-1.84979,9.51401],[-1.86533,9.51355],[-1.86682,9.51894],[-1.87597,9.52214],[-1.87587,9.53184],[-1.86926,9.53298],[-1.86669,9.53876],[-1.87507,9.55765],[-1.88774,9.56031],[-1.90574,9.55366],[-1.91035,9.56279],[-1.92155,9.57016],[-1.92719,9.58747],[-1.92202,9.60097],[-1.91259,9.60912],[-1.9043,9.62871],[-1.90592,9.63257],[-1.88595,9.64869],[-1.90249,9.66561],[-1.9116,9.68786],[-1.90781,9.69236],[-1.9111,9.6949],[-1.90736,9.70656],[-1.9165,9.7233],[-1.92031,9.74627],[-1.96966,9.81122],[-1.98685,9.82512]]]}},{"type":"Feature","properties":{"display_name":"Sawla-Tuna-Kalba","region":"Savannah","api_district":"Sawla-Tuna-Kalba District","match_resolution":"base"},"geometry":{"type":"Polygon","coordinates":[[[-2.50889,9.74583],[-2.42108,9.77243],[-2.09688,9.81372],[-2.09122,9.78975],[-2.08643,9.78547],[-2.04223,9.77973],[-2.02478,9.78596],[-2.00338,9.82221],[-1.98685,9.82512],[-1.96966,9.81122],[-1.92031,9.74627],[-1.9165,9.7233],[-1.90736,9.70656],[-1.9111,9.6949],[-1.90781,9.69236],[-1.9116,9.68786],[-1.90249,9.66561],[-1.88595,9.64869],[-1.90592,9.63257],[-1.90992,9.61448],[-1.92202,9.60097],[-1.92719,9.58747],[-1.92292,9.5721],[-1.91321,9.56394],[-1.92694,9.55782],[-1.93138,9.54584],[-1.94218,9.54841],[-1.94877,9.54326],[-1.95698,9.54428],[-1.96796,9.55921],[-1.96757,9.5763],[-1.97917,9.57419],[-1.98594,9.58032],[-1.99632,9.58005],[-2.00592,9.5846],[-2.00996,9.59136],[-2.01891,9.58426],[-2.02268,9.5869],[-2.03448,9.58129],[-2.04315,9.58382],[-2.06562,9.56847],[-2.08691,9.56443],[-2.10264,9.54088],[-2.10925,9.52269],[-2.11871,9.51584],[-2.12154,9.50768],[-2.14625,9.49855],[-2.13613,9.46415],[-2.13789,9.45527],[-2.12732,9.43453],[-2.13107,9.41899],[-2.12507,9.41132],[-2.12699,9.40593],[-2.11629,9.39449],[-2.12306,9.38593],[-2.15239,9.38804],[-2.1653,9.38378],[-2.18055,9.361],[-2.18889,9.35609],[-2.19971,9.3571],[-2.20106,9.35023],[-2.21954,9.33609],[-2.25499,9.26297],[-2.26955,9.24774],[-2.29219,9.2366],[-2.2697,9.22281],[-2.26728,9.19362],[-2.25619,9.17698],[-2.25811,9.15492],[-2.27005,9.15321],[-2.28497,9.157],[-2.33201,9.14497],[-2.35023,9.15484],[-2.36189,9.13632],[-2.36544,9.13684],[-2.37847,9.14831],[-2.39107,9.16907],[-2.4036,9.17327],[-2.39968,9.18956],[-2.40952,9.20929],[-2.40347,9.23465],[-2.40633,9.23663],[-2.45199,9.23588],[-2.45832,9.22604],[-2.46969,9.22245],[-2.46882,9.21644],[-2.48215,9.20966],[-2.56938,9.19093],[-2.57899,9.19317],[-2.59354,9.18886],[-2.60356,9.19086],[-2.60693,9.18753],[-2.61778,9.19362],[-2.64532,9.18543],[-2.66962,9.19705],[-2.68437,9.19171],[-2.69405,9.19486],[-2.71155,9.21018],[-2.69562,9.21982],[-2.69209,9.22624],[-2.66192,9.24011],[-2.65658,9.25557],[-2.68493,9.287],[-2.70106,9.2857],[-2.7106,9.29118],[-2.72125,9.31289],[-2.71954,9.33473],[-2.70313,9.33928],[-2.6811,9.36134],[-2.67517,9.37625],[-2.67524,9.39814],[-2.68755,9.4275],[-2.69005,9.44694],[-2.68409,9.48626],[-2.69374,9.5038],[-2.7138,9.52388],[-2.73101,9.52953],[-2.76066,9.55527],[-2.77106,9.57512],[-2.77113,9.60132],[-2.7642,9.60652],[-2.76213,9.61769],[-2.74726,9.63174],[-2.74436,9.64224],[-2.73184,9.64347],[-2.72651,9.63486],[-2.71925,9.63228],[-2.68047,9.63159],[-2.66495,9.63923],[-2.62785,9.6469],[-2.5215,9.68673],[-2.51491,9.69385],[-2.50822,9.71659],[-2.50889,9.74583]]]}},{"type":"Feature","properties":{"display_name":"West Gonja","region":"Savannah","api_district":"West Gonja Municipal","match_resolution":"base"},"geometry":{"type":"Polygon","coordinates":[[[-2.25885,9.15468],[-2.25619,9.17698],[-2.26728,9.19362],[-2.2697,9.22281],[-2.29219,9.2366],[-2.26955,9.24774],[-2.25499,9.26297],[-2.21954,9.33609],[-2.20106,9.35023],[-2.19971,9.3571],[-2.18889,9.35609],[-2.18055,9.361],[-2.1653,9.38378],[-2.15239,9.38804],[-2.12306,9.38593],[-2.11629,9.39449],[-2.12699,9.40593],[-2.12507,9.41132],[-2.13107,9.41899],[-2.12732,9.43453],[-2.13789,9.45527],[-2.13613,9.46415],[-2.14625,9.49855],[-2.12154,9.50768],[-2.11871,9.51584],[-2.10925,9.52269],[-2.10264,9.54088],[-2.08691,9.56443],[-2.06562,9.56847],[-2.04315,9.58382],[-2.03448,9.58129],[-2.02268,9.5869],[-2.01891,9.58426],[-2.0106,9.59133],[-1.99632,9.58005],[-1.98594,9.58032],[-1.97917,9.57419],[-1.96757,9.5763],[-1.96796,9.55921],[-1.95759,9.54441],[-1.94877,9.54326],[-1.94218,9.54841],[-1.93138,9.54584],[-1.92694,9.55782],[-1.91321,9.56394],[-1.90574,9.55366],[-1.87928,9.55989],[-1.87196,9.55421],[-1.8716,9.5445],[-1.86683,9.54219],[-1.86926,9.53298],[-1.87545,9.53243],[-1.87678,9.52774],[-1.87538,9.52126],[-1.86682,9.51894],[-1.86685,9.51405],[-1.84979,9.51401],[-1.84941,9.50518],[-1.84262,9.50255],[-1.78296,9.50271],[-1.77176,9.49599],[-1.73835,9.45385],[-1.73397,9.44016],[-1.74054,9.42159],[-1.73057,9.41181],[-1.73027,9.39541],[-1.72325,9.38551],[-1.71919,9.38593],[-1.71547,9.37157],[-1.69342,9.36339],[-1.6793,9.34844],[-1.65807,9.3377],[-1.65106,9.32834],[-1.6351,9.32318],[-1.61141,9.30347],[-1.61124,9.2964],[-1.60526,9.29061],[-1.59909,9.29202],[-1.59519,9.28634],[-1.58836,9.28623],[-1.58565,9.27662],[-1.57906,9.27632],[-1.57319,9.28528],[-1.56822,9.28491],[-1.57008,9.29148],[-1.56308,9.29504],[-1.56702,9.30292],[-1.56275,9.30606],[-1.55855,9.30285],[-1.55914,9.30652],[-1.54929,9.30918],[-1.5413,9.32001],[-1.53243,9.3131],[-1.52984,9.30638],[-1.53261,9.30324],[-1.52856,9.2977],[-1.52425,9.29877],[-1.52532,9.29476],[-1.51109,9.29749],[-1.50894,9.30174],[-1.50874,9.29696],[-1.50524,9.29922],[-1.50682,9.30327],[-1.50262,9.30221],[-1.50203,9.31406],[-1.49737,9.3151],[-1.49922,9.32022],[-1.49403,9.31985],[-1.49577,9.32539],[-1.48792,9.32655],[-1.487,9.33072],[-1.48157,9.33111],[-1.48256,9.32338],[-1.46153,9.31793],[-1.44892,9.31909],[-1.43714,9.33179],[-1.43016,9.33217],[-1.42393,9.32661],[-1.41674,9.33927],[-1.40595,9.33835],[-1.40902,9.34264],[-1.40359,9.35349],[-1.39257,9.35142],[-1.38783,9.36803],[-1.37644,9.37112],[-1.3694,9.36885],[-1.36981,9.37311],[-1.36458,9.37197],[-1.35804,9.37766],[-1.34931,9.37649],[-1.34975,9.38097],[-1.3437,9.38189],[-1.31379,9.35948],[-1.30605,9.34389],[-1.28575,9.32657],[-1.26352,9.29588],[-1.24251,9.28476],[-1.24269,9.27797],[-1.25325,9.26984],[-1.24998,9.26563],[-1.237,9.26281],[-1.24044,9.24469],[-1.23663,9.2286],[-1.23795,9.21334],[-1.24415,9.20829],[-1.25281,9.18737],[-1.25726,9.18465],[-1.26135,9.19145],[-1.26402,9.18398],[-1.27906,9.18493],[-1.28688,9.17443],[-1.31912,9.15563],[-1.36501,9.16864],[-1.37868,9.14824],[-1.37425,9.12898],[-1.37935,9.12942],[-1.38102,9.12565],[-1.3843,9.12945],[-1.40338,9.13008],[-1.41547,9.12582],[-1.41977,9.11657],[-1.4286,9.11315],[-1.4454,9.11579],[-1.47533,9.10592],[-1.4952,9.07921],[-1.51002,9.07174],[-1.51669,9.05815],[-1.5514,9.03923],[-1.56536,9.009],[-1.58664,8.99457],[-1.58918,8.98775],[-1.58138,8.98426],[-1.56279,8.94984],[-1.57355,8.94423],[-1.57731,8.93507],[-1.58893,8.9286],[-1.60344,8.92768],[-1.60819,8.91955],[-1.62725,8.91517],[-1.63333,8.91847],[-1.66118,8.91887],[-1.69314,8.89408],[-1.70047,8.85442],[-1.85647,8.87948],[-1.85605,8.90361],[-1.86153,8.93242],[-1.86026,8.95059],[-1.85149,8.96081],[-1.85698,8.96819],[-1.84866,8.97852],[-1.84113,9.00109],[-1.83211,9.00914],[-1.84269,9.02697],[-1.84182,9.03447],[-1.85411,9.03907],[-1.85895,9.03679],[-1.87979,9.04983],[-1.88746,9.04679],[-1.90318,9.05063],[-1.9096,9.04315],[-1.92418,9.04193],[-1.94093,9.05357],[-1.95231,9.04652],[-1.97397,9.05084],[-1.97616,9.04157],[-1.98847,9.03885],[-1.99285,9.04395],[-1.99556,9.04083],[-1.99834,9.04425],[-2.00967,9.04317],[-2.01635,9.03141],[-2.03153,9.02085],[-2.03332,9.01375],[-2.04237,9.02115],[-2.05057,9.01715],[-2.06986,9.02981],[-2.10803,9.02909],[-2.1094,9.03292],[-2.11816,9.03536],[-2.12285,9.04727],[-2.13709,9.06432],[-2.15156,9.06708],[-2.16527,9.07716],[-2.1754,9.10219],[-2.22505,9.12981],[-2.2311,9.14141],[-2.25885,9.15468]]]}},{"type":"Feature","properties":{"display_name":"Bawku","region":"Upper East","api_district":"Bawku Municipal","match_resolution":"base"},"geometry":{"type":"Polygon","coordinates":[[[-0.18013,10.92102],[-0.19722,10.91694],[-0.20941,10.90929],[-0.21629,10.91205],[-0.22063,10.92567],[-0.23517,10.92501],[-0.23719,10.94002],[-0.2326,10.95008],[-0.21753,10.95438],[-0.21213,10.96035],[-0.2313,10.97922],[-0.22677,10.97965],[-0.22295,10.98726],[-0.22082,11.00283],[-0.24215,11.00674],[-0.24493,11.01558],[-0.25778,11.0282],[-0.27642,11.03441],[-0.27533,11.03921],[-0.28266,11.04763],[-0.27645,11.05234],[-0.27386,11.06676],[-0.28224,11.0817],[-0.2904,11.08498],[-0.29364,11.0779],[-0.30568,11.07347],[-0.31281,11.08506],[-0.3264,11.09074],[-0.33873,11.09083],[-0.33672,11.10672],[-0.32255,11.11437],[-0.27341,11.12354],[-0.27174,11.13747],[-0.2897,11.1477],[-0.28478,11.15328],[-0.28326,11.16754],[-0.27602,11.17484],[-0.21797,11.16017],[-0.2261,11.13719],[-0.21475,11.1299],[-0.21602,11.11351],[-0.20475,11.10523],[-0.20722,11.08897],[-0.19605,11.08912],[-0.19344,11.07712],[-0.19928,11.06776],[-0.19921,11.05078],[-0.19329,11.03525],[-0.1717,11.04248],[-0.15809,11.02934],[-0.15987,11.02028],[-0.15109,11.01442],[-0.14969,10.99896],[-0.15621,10.99172],[-0.15775,10.98052],[-0.14259,10.96776],[-0.16557,10.93235],[-0.18013,10.92102]]]}},{"type":"Feature","properties":{"display_name":"Bawku West","region":"Upper East","api_district":"Bawku West District","match_resolution":"base"},"geometry":{"type":"Polygon","coordinates":[[[-0.36519,10.80521],[-0.33578,10.79465],[-0.33222,10.78854],[-0.34658,10.77853],[-0.35138,10.76582],[-0.37157,10.75676],[-0.3758,10.74794],[-0.37093,10.73656],[-0.37268,10.71931],[-0.36706,10.70542],[-0.36529,10.68292],[-0.34213,10.67037],[-0.32946,10.65004],[-0.33983,10.62436],[-0.34752,10.61904],[-0.3563,10.62568],[-0.36749,10.62473],[-0.39617,10.60823],[-0.44358,10.5997],[-0.46098,10.60765],[-0.46817,10.61802],[-0.49976,10.62327],[-0.50722,10.60697],[-0.50829,10.56717],[-0.52023,10.55875],[-0.51826,10.5667],[-0.52761,10.56763],[-0.52506,10.57151],[-0.54942,10.60509],[-0.52381,10.62251],[-0.53923,10.63277],[-0.53321,10.64458],[-0.54152,10.65268],[-0.53861,10.66547],[-0.54687,10.6743],[-0.54416,10.68335],[-0.54979,10.69279],[-0.54687,10.7157],[-0.55812,10.7316],[-0.56764,10.73324],[-0.56444,10.73772],[-0.57517,10.75359],[-0.57745,10.7645],[-0.57033,10.77995],[-0.5738,10.78968],[-0.56098,10.79793],[-0.55671,10.80699],[-0.56787,10.82394],[-0.58739,10.83605],[-0.60153,10.85473],[-0.61873,10.91032],[-0.5932,10.92369],[-0.59154,10.93531],[-0.58639,10.93882],[-0.58609,10.96088],[-0.5816,10.96315],[-0.56881,10.99136],[-0.55294,10.99067],[-0.55119,10.97909],[-0.54468,10.975],[-0.5441,10.98443],[-0.52962,11.00056],[-0.52296,10.99136],[-0.51125,10.98892],[-0.50141,11.00216],[-0.50175,11.01668],[-0.48031,11.0229],[-0.48189,11.02583],[-0.47568,11.03526],[-0.46111,11.02801],[-0.43791,11.03041],[-0.43363,11.03713],[-0.43857,11.04429],[-0.43485,11.04784],[-0.43979,11.06495],[-0.43151,11.08601],[-0.42811,11.11425],[-0.41065,11.11966],[-0.40119,11.12688],[-0.37237,11.12292],[-0.37589,11.10678],[-0.37099,11.0987],[-0.37214,11.09134],[-0.36023,11.07711],[-0.36178,11.06862],[-0.37415,11.05455],[-0.37493,11.04507],[-0.36901,11.03875],[-0.38995,11.02424],[-0.38457,11.00985],[-0.38699,10.99073],[-0.39188,10.98599],[-0.38715,10.97007],[-0.36464,10.95715],[-0.36864,10.9457],[-0.37814,10.94557],[-0.38195,10.94112],[-0.37183,10.92628],[-0.38024,10.92264],[-0.37949,10.89897],[-0.38383,10.89579],[-0.39029,10.89897],[-0.38385,10.86714],[-0.39627,10.85411],[-0.38856,10.8294],[-0.37601,10.82198],[-0.36519,10.80521]]]}},{"type":"Feature","properties":{"display_name":"Binduri","region":"Upper East","api_district":"Binduri District","match_resolution":"base"},"geometry":{"type":"Polygon","coordinates":[[[-0.21575,10.91154],[-0.22371,10.89663],[-0.23225,10.89399],[-0.23869,10.88279],[-0.26932,10.88779],[-0.2758,10.88132],[-0.27532,10.87601],[-0.28925,10.87165],[-0.32048,10.84681],[-0.32223,10.83809],[-0.33518,10.83833],[-0.3388,10.82519],[-0.35313,10.81636],[-0.35448,10.79988],[-0.36519,10.80521],[-0.37601,10.82198],[-0.38856,10.8294],[-0.39627,10.85411],[-0.38385,10.86714],[-0.39036,10.89861],[-0.38276,10.89598],[-0.37782,10.90205],[-0.38133,10.90903],[-0.38024,10.92264],[-0.37178,10.92684],[-0.38195,10.94112],[-0.37814,10.94557],[-0.36864,10.9457],[-0.36463,10.95737],[-0.38715,10.97007],[-0.39188,10.98599],[-0.38699,10.99073],[-0.38457,11.00985],[-0.39019,11.0227],[-0.36901,11.03875],[-0.37493,11.04507],[-0.37415,11.05455],[-0.35534,11.0723],[-0.35339,11.08464],[-0.34165,11.0857],[-0.33591,11.0916],[-0.31281,11.08506],[-0.30568,11.07347],[-0.29364,11.0779],[-0.2904,11.08498],[-0.27895,11.07819],[-0.27395,11.06277],[-0.27645,11.05234],[-0.28266,11.04763],[-0.27533,11.03921],[-0.27642,11.03441],[-0.25778,11.0282],[-0.24493,11.01558],[-0.24215,11.00674],[-0.22082,11.00283],[-0.22295,10.98726],[-0.22677,10.97965],[-0.2313,10.97922],[-0.21213,10.96035],[-0.21753,10.95438],[-0.2326,10.95008],[-0.23791,10.93205],[-0.23517,10.92501],[-0.22063,10.92567],[-0.21575,10.91154]]]}},{"type":"Feature","properties":{"display_name":"Bolga East","region":"Upper East","api_district":"Bolgatanga East District","match_resolution":"override"},"geometry":{"type":"Polygon","coordinates":[[[-0.84858,10.7425],[-0.85467,10.75108],[-0.85738,10.76554],[-0.85229,10.76789],[-0.82911,10.80248],[-0.81313,10.81147],[-0.80703,10.82854],[-0.78463,10.8371],[-0.78205,10.84434],[-0.7644,10.85951],[-0.74847,10.86249],[-0.74211,10.85259],[-0.73948,10.83602],[-0.75144,10.82641],[-0.76028,10.83019],[-0.7581,10.82518],[-0.76561,10.81135],[-0.76222,10.80496],[-0.77143,10.80019],[-0.76478,10.79611],[-0.77637,10.78388],[-0.78066,10.77106],[-0.78827,10.76519],[-0.8109,10.75966],[-0.81822,10.7493],[-0.82998,10.74982],[-0.84011,10.74247],[-0.84858,10.7425]]]}},{"type":"Feature","properties":{"display_name":"Bolgatanga","region":"Upper East","api_district":"Bolgatanga Municipal","match_resolution":"base"},"geometry":{"type":"Polygon","coordinates":[[[-0.80703,10.82854],[-0.81313,10.81147],[-0.82746,10.80441],[-0.85229,10.76789],[-0.85738,10.76554],[-0.85467,10.75108],[-0.84858,10.7425],[-0.86254,10.73745],[-0.87359,10.74298],[-0.88014,10.73824],[-0.88246,10.72885],[-0.88909,10.72823],[-0.90052,10.71693],[-0.90367,10.69616],[-0.90077,10.69375],[-0.90838,10.68683],[-0.90765,10.68101],[-0.91686,10.66813],[-0.91681,10.6456],[-0.92344,10.64402],[-0.92569,10.63125],[-0.94499,10.61786],[-0.94829,10.62432],[-0.955,10.62701],[-0.95127,10.63191],[-0.95406,10.64131],[-0.96839,10.65432],[-0.97084,10.66213],[-0.98059,10.66783],[-0.97706,10.67698],[-0.98361,10.68161],[-0.96731,10.69166],[-0.97223,10.69728],[-0.95917,10.70863],[-0.96745,10.71443],[-0.98414,10.71788],[-0.99177,10.73219],[-1.00553,10.72797],[-1.00671,10.73747],[-1.0124,10.74057],[-1.01451,10.76264],[-1.00889,10.76771],[-1.00747,10.78409],[-1.00028,10.79229],[-1.00455,10.8008],[-0.99582,10.815],[-0.9945,10.8246],[-0.98716,10.83293],[-0.98116,10.83225],[-0.98123,10.83817],[-0.96874,10.84488],[-0.96452,10.85222],[-0.95424,10.84913],[-0.94479,10.85343],[-0.92888,10.87871],[-0.87478,10.84876],[-0.86783,10.84112],[-0.86471,10.85093],[-0.84927,10.8492],[-0.84684,10.84575],[-0.83108,10.84964],[-0.81872,10.84123],[-0.81054,10.84071],[-0.80703,10.82854]]]}},{"type":"Feature","properties":{"display_name":"Bongo","region":"Upper East","api_district":"Bongo District","match_resolution":"base"},"geometry":{"type":"Polygon","coordinates":[[[-0.80703,10.82854],[-0.81054,10.84071],[-0.81872,10.84123],[-0.83108,10.84964],[-0.84684,10.84575],[-0.84927,10.8492],[-0.86471,10.85093],[-0.86783,10.84112],[-0.90804,10.86915],[-0.9152,10.86835],[-0.91921,10.87434],[-0.93043,10.87859],[-0.93332,10.91931],[-0.9122,10.9515],[-0.89771,10.9533],[-0.89926,10.95917],[-0.89259,10.96283],[-0.87001,10.96673],[-0.85504,10.99832],[-0.82842,10.99833],[-0.82726,11.00653],[-0.80757,11.00583],[-0.80753,10.99804],[-0.68406,10.99864],[-0.68574,10.98561],[-0.67852,10.98245],[-0.67244,10.99044],[-0.65367,10.98756],[-0.65541,10.97609],[-0.66377,10.97464],[-0.67117,10.95887],[-0.66146,10.95637],[-0.65361,10.96376],[-0.64549,10.95302],[-0.67593,10.92783],[-0.6821,10.88064],[-0.6917,10.88247],[-0.70321,10.8712],[-0.7169,10.86649],[-0.72423,10.84845],[-0.73549,10.83586],[-0.74017,10.83689],[-0.74486,10.85899],[-0.75341,10.86347],[-0.7644,10.85951],[-0.78205,10.84434],[-0.78463,10.8371],[-0.80703,10.82854]]]}},{"type":"Feature","properties":{"display_name":"Builsa North","region":"Upper East","api_district":"Builsa North Municipal","match_resolution":"base"},"geometry":{"type":"Polygon","coordinates":[[[-1.40504,10.72713],[-1.39782,10.7323],[-1.39829,10.75361],[-1.39378,10.76187],[-1.40377,10.77948],[-1.40166,10.79268],[-1.39453,10.79935],[-1.37471,10.80457],[-1.37645,10.81192],[-1.36238,10.81525],[-1.36049,10.80858],[-1.29134,10.82539],[-1.27096,10.8119],[-1.25901,10.80898],[-1.25562,10.80201],[-1.24724,10.80464],[-1.24109,10.79508],[-1.2307,10.80865],[-1.19603,10.8217],[-1.19112,10.84076],[-1.18655,10.84508],[-1.18833,10.8703],[-1.15634,10.87487],[-1.15229,10.87996],[-1.14312,10.85704],[-1.13111,10.84818],[-1.118,10.85174],[-1.11553,10.84022],[-1.11017,10.83524],[-1.11541,10.8299],[-1.11315,10.82333],[-1.1167,10.82229],[-1.11283,10.8191],[-1.12422,10.81004],[-1.12124,10.80304],[-1.12745,10.80138],[-1.13152,10.79441],[-1.13408,10.79841],[-1.13584,10.77324],[-1.12565,10.76426],[-1.1239,10.75421],[-1.12914,10.746],[-1.11932,10.74062],[-1.1094,10.74236],[-1.09664,10.73123],[-1.10198,10.72703],[-1.10113,10.72205],[-1.1076,10.71172],[-1.11147,10.7131],[-1.11977,10.70149],[-1.12083,10.69277],[-1.11408,10.68634],[-1.11401,10.67518],[-1.10472,10.67352],[-1.09313,10.68449],[-1.09087,10.66742],[-1.08257,10.66069],[-1.09496,10.64761],[-1.10545,10.64808],[-1.10924,10.65262],[-1.11327,10.64638],[-1.11349,10.64188],[-1.10538,10.63591],[-1.10861,10.62494],[-1.09663,10.61125],[-1.15808,10.59687],[-1.17711,10.60062],[-1.18466,10.59435],[-1.16989,10.57533],[-1.17715,10.56736],[-1.17243,10.56186],[-1.19665,10.54264],[-1.20539,10.54702],[-1.2233,10.54321],[-1.23405,10.56121],[-1.24279,10.56019],[-1.24327,10.56811],[-1.23973,10.5701],[-1.24902,10.58644],[-1.27596,10.58211],[-1.27516,10.58949],[-1.26845,10.59731],[-1.28831,10.61888],[-1.29273,10.61927],[-1.3046,10.60107],[-1.31486,10.60368],[-1.31188,10.61062],[-1.31926,10.6186],[-1.33462,10.61844],[-1.34537,10.60937],[-1.35633,10.60635],[-1.36256,10.59809],[-1.38063,10.59141],[-1.38933,10.57977],[-1.40372,10.57283],[-1.40615,10.57734],[-1.40269,10.59059],[-1.3887,10.61191],[-1.39173,10.62712],[-1.3783,10.63466],[-1.38388,10.64449],[-1.3899,10.64684],[-1.38704,10.6576],[-1.40379,10.68959],[-1.39897,10.70694],[-1.40475,10.71001],[-1.40504,10.72713]]]}},{"type":"Feature","properties":{"display_name":"Builsa South","region":"Upper East","api_district":"Builsa South District","match_resolution":"base"},"geometry":{"type":"Polygon","coordinates":[[[-1.52623,10.76027],[-1.5124,10.76068],[-1.47824,10.78617],[-1.46936,10.76668],[-1.47146,10.75825],[-1.45596,10.75375],[-1.44636,10.75545],[-1.44099,10.7488],[-1.42639,10.7499],[-1.42226,10.73941],[-1.40754,10.73154],[-1.40475,10.71001],[-1.39897,10.70694],[-1.40379,10.68959],[-1.38704,10.6576],[-1.3899,10.64684],[-1.38388,10.64449],[-1.3783,10.63466],[-1.39173,10.62712],[-1.3887,10.61191],[-1.40269,10.59059],[-1.40615,10.57734],[-1.40372,10.57283],[-1.38933,10.57977],[-1.38063,10.59141],[-1.36256,10.59809],[-1.35633,10.60635],[-1.34537,10.60937],[-1.33462,10.61844],[-1.31926,10.6186],[-1.31188,10.61062],[-1.31486,10.60368],[-1.3046,10.60107],[-1.29273,10.61927],[-1.28831,10.61888],[-1.26845,10.59731],[-1.27516,10.58949],[-1.27596,10.58211],[-1.24902,10.58644],[-1.23973,10.5701],[-1.24327,10.56811],[-1.24279,10.56019],[-1.23405,10.56121],[-1.2233,10.54321],[-1.20539,10.54702],[-1.19665,10.54264],[-1.17243,10.56186],[-1.17715,10.56736],[-1.16989,10.57533],[-1.18466,10.59435],[-1.17711,10.60062],[-1.15808,10.59687],[-1.09663,10.61125],[-1.09054,10.60393],[-1.09681,10.59303],[-1.08753,10.58661],[-1.09054,10.57784],[-1.07801,10.55565],[-1.07359,10.55534],[-1.07322,10.54397],[-1.06736,10.54023],[-1.06866,10.53127],[-1.07915,10.5245],[-1.07699,10.5188],[-1.08354,10.51096],[-1.06706,10.50269],[-1.06561,10.49803],[-1.07035,10.49094],[-1.09755,10.48322],[-1.13332,10.45816],[-1.16559,10.41256],[-1.22701,10.39165],[-1.23203,10.38699],[-1.23211,10.36702],[-1.21402,10.34428],[-1.21043,10.32968],[-1.21442,10.31387],[-1.22411,10.30255],[-1.22291,10.29518],[-1.23194,10.29263],[-1.22824,10.2869],[-1.23252,10.2844],[-1.24105,10.28525],[-1.24151,10.27821],[-1.2471,10.28126],[-1.24443,10.27536],[-1.25375,10.27807],[-1.25618,10.30328],[-1.27176,10.31452],[-1.26896,10.32549],[-1.27279,10.32686],[-1.27314,10.32122],[-1.28522,10.32205],[-1.28909,10.32624],[-1.29774,10.32447],[-1.32636,10.33206],[-1.32491,10.34011],[-1.33631,10.34778],[-1.34164,10.34337],[-1.34818,10.34725],[-1.34328,10.35248],[-1.3504,10.3731],[-1.37325,10.38178],[-1.38174,10.39092],[-1.38486,10.40533],[-1.37363,10.40575],[-1.36667,10.41389],[-1.36386,10.42224],[-1.37141,10.42409],[-1.37276,10.42743],[-1.36488,10.42918],[-1.36238,10.43503],[-1.38006,10.45597],[-1.37323,10.45959],[-1.37744,10.46668],[-1.40234,10.48465],[-1.41811,10.46601],[-1.42939,10.46366],[-1.43642,10.46865],[-1.44658,10.46911],[-1.44978,10.47899],[-1.45799,10.47893],[-1.46709,10.48787],[-1.45933,10.4987],[-1.46276,10.50916],[-1.44845,10.51693],[-1.4571,10.53329],[-1.46454,10.53728],[-1.48586,10.53832],[-1.48991,10.55005],[-1.50491,10.56036],[-1.51826,10.56208],[-1.51598,10.57674],[-1.52659,10.58832],[-1.55393,10.5863],[-1.55942,10.59551],[-1.56598,10.59864],[-1.56767,10.64456],[-1.57346,10.6679],[-1.56823,10.72341],[-1.56182,10.72752],[-1.55684,10.74689],[-1.55134,10.75052],[-1.53362,10.74804],[-1.52623,10.76027]]]}},{"type":"Feature","properties":{"display_name":"Garu","region":"Upper East","api_district":"Garu District","match_resolution":"base"},"geometry":{"type":"Polygon","coordinates":[[[-0.07301,10.71992],[-0.10399,10.70508],[-0.12285,10.6856],[-0.13995,10.68229],[-0.15354,10.67153],[-0.16148,10.67448],[-0.16334,10.67068],[-0.17405,10.67213],[-0.17693,10.66792],[-0.18282,10.6701],[-0.21417,10.6548],[-0.22011,10.65767],[-0.23002,10.65555],[-0.23584,10.64823],[-0.25953,10.6371],[-0.25998,10.63208],[-0.27756,10.63925],[-0.28232,10.6392],[-0.28507,10.63433],[-0.28738,10.63851],[-0.2998,10.63357],[-0.31404,10.62109],[-0.33144,10.62554],[-0.33859,10.61949],[-0.34289,10.62034],[-0.32946,10.65004],[-0.34213,10.67037],[-0.36529,10.68292],[-0.36706,10.70542],[-0.37268,10.71931],[-0.37093,10.73656],[-0.37572,10.74925],[-0.37157,10.75676],[-0.35138,10.76582],[-0.34658,10.77853],[-0.33222,10.78854],[-0.33578,10.79465],[-0.35448,10.79988],[-0.35313,10.81636],[-0.3388,10.82519],[-0.33561,10.83795],[-0.32223,10.83809],[-0.32048,10.84681],[-0.28925,10.87165],[-0.27532,10.87601],[-0.2758,10.88132],[-0.26932,10.88779],[-0.23869,10.88279],[-0.23225,10.89399],[-0.22371,10.89663],[-0.21575,10.91154],[-0.20615,10.90953],[-0.19745,10.91684],[-0.18235,10.92171],[-0.16645,10.90688],[-0.15941,10.86844],[-0.14296,10.86613],[-0.13435,10.84691],[-0.13592,10.83461],[-0.12965,10.81615],[-0.12183,10.80462],[-0.10852,10.8],[-0.09599,10.7877],[-0.09912,10.77616],[-0.09286,10.76616],[-0.07118,10.76708],[-0.07463,10.75688],[-0.07145,10.74201],[-0.07301,10.71992]]]}},{"type":"Feature","properties":{"display_name":"Kasena Nankana East","region":"Upper East","api_district":"Kassena-Nankana Municipal","match_resolution":"override"},"geometry":{"type":"MultiPolygon","coordinates":[[[[-0.96501,10.85182],[-0.96874,10.84488],[-0.98123,10.83817],[-0.98116,10.83225],[-0.99007,10.8301],[-0.99713,10.81933],[-0.99582,10.815],[-1.00455,10.8008],[-1.00028,10.79229],[-1.00747,10.78409],[-1.00889,10.76771],[-1.01451,10.76264],[-1.01387,10.74675],[-1.0123,10.74026],[-1.00671,10.73747],[-1.00553,10.72797],[-0.99177,10.73219],[-0.98414,10.71788],[-0.96745,10.71443],[-0.95917,10.70863],[-0.97223,10.69728],[-0.96731,10.69166],[-0.98361,10.68161],[-0.97706,10.67698],[-0.98031,10.66737],[-0.97084,10.66213],[-0.96839,10.65432],[-0.95406,10.64131],[-0.95127,10.63191],[-0.95466,10.62637],[-0.94501,10.62039],[-0.94586,10.60925],[-0.95175,10.602],[-0.94861,10.59489],[-0.95511,10.58811],[-0.95655,10.57717],[-0.95535,10.57178],[-0.94931,10.56911],[-0.94539,10.55525],[-0.93284,10.54784],[-0.93205,10.5395],[-0.936,10.52648],[-0.94818,10.53377],[-0.95917,10.5288],[-0.96536,10.53685],[-0.98071,10.53221],[-1.01034,10.5375],[-1.04163,10.52041],[-1.05379,10.49945],[-1.06602,10.49726],[-1.06706,10.50269],[-1.08354,10.51096],[-1.07699,10.5188],[-1.07915,10.5245],[-1.06866,10.53127],[-1.06736,10.54023],[-1.07322,10.54397],[-1.07359,10.55534],[-1.07801,10.55565],[-1.09054,10.57784],[-1.08753,10.58661],[-1.09681,10.59303],[-1.09054,10.60393],[-1.10843,10.62459],[-1.10538,10.63591],[-1.11365,10.64249],[-1.10924,10.65262],[-1.09889,10.64629],[-1.08571,10.65425],[-1.08257,10.66069],[-1.09087,10.66742],[-1.09313,10.68449],[-1.10472,10.67352],[-1.11401,10.67518],[-1.11408,10.68634],[-1.12083,10.69277],[-1.11977,10.70149],[-1.11147,10.7131],[-1.1076,10.71172],[-1.10113,10.72205],[-1.10198,10.72703],[-1.09664,10.73123],[-1.1094,10.74236],[-1.11932,10.74062],[-1.12914,10.746],[-1.1239,10.75421],[-1.12565,10.76426],[-1.13584,10.77324],[-1.13408,10.79841],[-1.13152,10.79441],[-1.12745,10.80138],[-1.12124,10.80304],[-1.12422,10.81004],[-1.11283,10.8191],[-1.1167,10.82229],[-1.11315,10.82333],[-1.11541,10.8299],[-1.11017,10.83524],[-1.11553,10.84022],[-1.118,10.85174],[-1.13174,10.8484],[-1.14429,10.85844],[-1.15167,10.8796],[-1.15841,10.87571],[-1.16218,10.91434],[-1.16663,10.92097],[-1.1326,10.92163],[-1.12308,10.93359],[-1.09224,10.94239],[-1.0863,10.94932],[-1.06776,10.9481],[-1.0577,10.95998],[-1.04901,10.96234],[-1.03972,10.97109],[-1.03638,10.96984],[-1.03151,10.98344],[-1.01649,10.98644],[-1.00295,10.9984],[-0.91655,11.00225],[-0.91665,10.98031],[-0.91105,10.98046],[-0.91155,10.97736],[-0.92019,10.96802],[-0.9242,10.9563],[-0.9354,10.95572],[-0.93582,10.94698],[-0.94202,10.9488],[-0.94547,10.94307],[-0.96695,10.95947],[-0.98699,10.95897],[-0.99486,10.95605],[-1.00207,10.94105],[-1.01336,10.9388],[-1.01825,10.9329],[-1.0166,10.91799],[-1.01211,10.91319],[-1.01474,10.90569],[-1.00505,10.89348],[-1.00656,10.87942],[-1.0005,10.87098],[-0.98699,10.86479],[-0.98382,10.87175],[-0.98112,10.86593],[-0.97129,10.86668],[-0.96501,10.85182]]],[[[-1.15421,10.98659],[-1.14964,10.97456],[-1.1514,10.96784],[-1.17,10.93633],[-1.176,10.94549],[-1.17265,10.95903],[-1.17704,10.96949],[-1.17102,10.9766],[-1.18165,10.98922],[-1.15421,10.98659]]],[[[-0.91183,10.97669],[-0.91186,10.97639],[-0.91188,10.9766],[-0.91183,10.97669]]]]}},{"type":"Feature","properties":{"display_name":"Kasena Nankana West","region":"Upper East","api_district":"Kassena-Nankana West District","match_resolution":"override"},"geometry":{"type":"MultiPolygon","coordinates":[[[[-1.4052,10.72714],[-1.41273,10.73591],[-1.42226,10.73941],[-1.42639,10.7499],[-1.44099,10.7488],[-1.44636,10.75545],[-1.45596,10.75375],[-1.47146,10.75825],[-1.46936,10.76668],[-1.47824,10.78617],[-1.5124,10.76068],[-1.52623,10.76027],[-1.52873,10.76484],[-1.52281,10.77753],[-1.50521,10.77868],[-1.49608,10.78656],[-1.49148,10.80629],[-1.50045,10.81439],[-1.49176,10.83395],[-1.47863,10.83082],[-1.47307,10.84398],[-1.45843,10.84904],[-1.45338,10.86547],[-1.45851,10.87894],[-1.452,10.88857],[-1.45168,10.90803],[-1.45616,10.91164],[-1.44408,10.95038],[-1.44789,10.96406],[-1.43836,10.99063],[-1.42822,10.99805],[-1.42907,11.01347],[-1.42339,11.01515],[-1.42282,11.02026],[-1.39612,10.99061],[-1.3772,10.9861],[-1.37088,10.98891],[-1.277,10.99097],[-1.18165,10.98922],[-1.17102,10.9766],[-1.17704,10.97001],[-1.17265,10.95903],[-1.17608,10.94642],[-1.17412,10.93852],[-1.1692,10.93611],[-1.1514,10.96784],[-1.14964,10.97456],[-1.15385,10.98815],[-1.1146,10.98584],[-1.11478,11.00391],[-1.00028,11.00789],[-1.00012,10.99784],[-1.01649,10.98644],[-1.03151,10.98344],[-1.03638,10.96984],[-1.03972,10.97109],[-1.04901,10.96234],[-1.0577,10.95998],[-1.06776,10.9481],[-1.0863,10.94932],[-1.09224,10.94239],[-1.12308,10.93359],[-1.1326,10.92163],[-1.16663,10.92097],[-1.16218,10.91434],[-1.15888,10.87674],[-1.18833,10.8703],[-1.18655,10.84508],[-1.19112,10.84076],[-1.19603,10.8217],[-1.2307,10.80865],[-1.24109,10.79508],[-1.24724,10.80464],[-1.25562,10.80201],[-1.25901,10.80898],[-1.27096,10.8119],[-1.29134,10.82539],[-1.36049,10.80858],[-1.36238,10.81525],[-1.37645,10.81192],[-1.37471,10.80457],[-1.39453,10.79935],[-1.40166,10.79268],[-1.40377,10.77948],[-1.3938,10.76147],[-1.39829,10.75361],[-1.39782,10.7323],[-1.4052,10.72714]]],[[[-0.93045,10.87834],[-0.94479,10.85343],[-0.95424,10.84913],[-0.96451,10.85207],[-0.97239,10.86724],[-0.98112,10.86593],[-0.98382,10.87175],[-0.98688,10.86476],[-0.99879,10.86986],[-1.00656,10.87942],[-1.00512,10.89376],[-1.01474,10.90569],[-1.01211,10.91319],[-1.0166,10.91799],[-1.01825,10.9329],[-1.01336,10.9388],[-1.00207,10.94105],[-0.99486,10.95605],[-0.98699,10.95897],[-0.96695,10.95947],[-0.94547,10.94307],[-0.94202,10.9488],[-0.93582,10.94698],[-0.93443,10.95646],[-0.92357,10.957],[-0.91129,10.98104],[-0.89032,10.98192],[-0.88896,10.96505],[-0.89859,10.96008],[-0.89771,10.9533],[-0.9122,10.9515],[-0.93313,10.9199],[-0.93045,10.87834]],[[-0.91183,10.97669],[-0.91188,10.9766],[-0.91186,10.97639],[-0.91183,10.97669]]]]}},{"type":"Feature","properties":{"display_name":"Nabdam","region":"Upper East","api_district":"Nabdam District","match_resolution":"base"},"geometry":{"type":"Polygon","coordinates":[[[-0.75144,10.82641],[-0.73518,10.83609],[-0.72423,10.84845],[-0.7169,10.86649],[-0.70321,10.8712],[-0.6917,10.88247],[-0.6821,10.88064],[-0.67593,10.92783],[-0.64826,10.95007],[-0.62556,10.93799],[-0.60153,10.85473],[-0.58739,10.83605],[-0.56787,10.82394],[-0.55675,10.80516],[-0.56304,10.79591],[-0.5738,10.78968],[-0.57033,10.77995],[-0.57721,10.76611],[-0.60549,10.77245],[-0.61201,10.76968],[-0.62129,10.77433],[-0.62658,10.76716],[-0.61178,10.75278],[-0.61495,10.74585],[-0.64027,10.74328],[-0.64361,10.752],[-0.65511,10.75492],[-0.66173,10.74314],[-0.66738,10.7474],[-0.66541,10.75546],[-0.67071,10.76484],[-0.66867,10.785],[-0.6747,10.79178],[-0.68335,10.78891],[-0.71316,10.80339],[-0.73005,10.80174],[-0.73381,10.79486],[-0.73993,10.79935],[-0.74427,10.79547],[-0.75584,10.80035],[-0.76681,10.79768],[-0.77143,10.80019],[-0.76222,10.80496],[-0.76561,10.81135],[-0.7581,10.82518],[-0.76028,10.83019],[-0.75144,10.82641]]]}},{"type":"Feature","properties":{"display_name":"Pusiga","region":"Upper East","api_district":"Pusiga District","match_resolution":"base"},"geometry":{"type":"Polygon","coordinates":[[[0.02611,11.03555],[0.00107,11.033],[-0.0162,11.00738],[-0.02785,11.0179],[-0.03591,11.01573],[-0.0385,11.02724],[-0.04366,11.01982],[-0.05004,11.0266],[-0.05385,11.02328],[-0.07702,11.02186],[-0.08522,11.01791],[-0.09057,11.00768],[-0.1118,11.00396],[-0.13436,10.99146],[-0.14517,10.99246],[-0.15058,10.99741],[-0.15109,11.01442],[-0.15987,11.02028],[-0.15809,11.02934],[-0.16879,11.04044],[-0.17309,11.0426],[-0.19329,11.03525],[-0.19921,11.05078],[-0.19928,11.06776],[-0.19344,11.07712],[-0.19605,11.08912],[-0.20722,11.08897],[-0.20475,11.10523],[-0.21602,11.11351],[-0.21475,11.1299],[-0.2261,11.13719],[-0.21953,11.15862],[-0.21263,11.16003],[-0.13649,11.13985],[-0.1342,11.12947],[-0.14397,11.11875],[-0.14365,11.10659],[-0.12476,11.10487],[-0.09487,11.08585],[-0.05465,11.08607],[-0.04535,11.10118],[-0.03223,11.10964],[-0.01945,11.11444],[-0.00596,11.10845],[-0.00533,11.10067],[0.00222,11.09477],[0.00398,11.08269],[0.0243,11.06294],[0.02611,11.03555]]]}},{"type":"Feature","properties":{"display_name":"Talensi","region":"Upper East","api_district":"Talensi District","match_resolution":"base"},"geometry":{"type":"Polygon","coordinates":[[[-0.94396,10.61721],[-0.92569,10.63125],[-0.92344,10.64402],[-0.91681,10.6456],[-0.9168,10.66837],[-0.90765,10.68101],[-0.90838,10.68683],[-0.90077,10.69375],[-0.90367,10.69616],[-0.9009,10.71618],[-0.88909,10.72823],[-0.88162,10.72968],[-0.87903,10.73924],[-0.87214,10.74314],[-0.86254,10.73745],[-0.85411,10.74257],[-0.84011,10.74247],[-0.82998,10.74982],[-0.81822,10.7493],[-0.81014,10.76007],[-0.78283,10.76867],[-0.77637,10.78388],[-0.76478,10.79611],[-0.76681,10.79768],[-0.75584,10.80035],[-0.7433,10.79546],[-0.73993,10.79935],[-0.73381,10.79486],[-0.73005,10.80174],[-0.71316,10.80339],[-0.68335,10.78891],[-0.67544,10.79202],[-0.67103,10.78925],[-0.66826,10.78137],[-0.67067,10.76457],[-0.66371,10.74365],[-0.65511,10.75492],[-0.64361,10.752],[-0.64027,10.74328],[-0.61495,10.74585],[-0.61178,10.75278],[-0.62658,10.76716],[-0.62129,10.77433],[-0.61201,10.76968],[-0.60549,10.77245],[-0.57721,10.76611],[-0.57517,10.75359],[-0.56444,10.73772],[-0.56764,10.73324],[-0.55835,10.73178],[-0.54857,10.72147],[-0.54698,10.69895],[-0.54976,10.69243],[-0.5441,10.68226],[-0.54687,10.6743],[-0.53861,10.66547],[-0.54152,10.65268],[-0.53321,10.64458],[-0.53923,10.63277],[-0.52381,10.62272],[-0.54942,10.60509],[-0.52506,10.57151],[-0.52761,10.56763],[-0.51822,10.5662],[-0.52023,10.55875],[-0.52514,10.5577],[-0.54852,10.57049],[-0.55731,10.5715],[-0.5703,10.56206],[-0.57873,10.54928],[-0.59359,10.54612],[-0.61545,10.55518],[-0.63064,10.55266],[-0.64073,10.55559],[-0.65405,10.54848],[-0.66979,10.5258],[-0.68351,10.52813],[-0.68689,10.54108],[-0.69061,10.54256],[-0.7009,10.53501],[-0.70306,10.5248],[-0.70887,10.52344],[-0.71569,10.52941],[-0.71544,10.53686],[-0.70639,10.54261],[-0.68574,10.56763],[-0.69381,10.58888],[-0.71819,10.60562],[-0.71796,10.61534],[-0.70619,10.62055],[-0.71221,10.64159],[-0.72441,10.6516],[-0.73728,10.64968],[-0.75557,10.64027],[-0.77633,10.65205],[-0.78962,10.65257],[-0.797,10.64576],[-0.79592,10.62173],[-0.82364,10.60093],[-0.83785,10.60124],[-0.84328,10.57463],[-0.85436,10.58077],[-0.86114,10.59172],[-0.87459,10.59526],[-0.90922,10.57587],[-0.90854,10.56109],[-0.89062,10.51852],[-0.91396,10.49671],[-0.92168,10.48334],[-0.93137,10.48012],[-0.93484,10.48642],[-0.9187,10.50287],[-0.90879,10.52162],[-0.91524,10.5284],[-0.92976,10.52444],[-0.936,10.52648],[-0.93262,10.5475],[-0.9451,10.5549],[-0.94974,10.56994],[-0.95563,10.57231],[-0.95511,10.58811],[-0.94861,10.59489],[-0.95175,10.602],[-0.94396,10.61721]]]}},{"type":"Feature","properties":{"display_name":"Tempane","region":"Upper East","api_district":"Tempane District","match_resolution":"base"},"geometry":{"type":"Polygon","coordinates":[[[-0.0718,10.7676],[-0.09286,10.76616],[-0.09912,10.77616],[-0.09599,10.7877],[-0.10852,10.8],[-0.12183,10.80462],[-0.12965,10.81615],[-0.13592,10.83461],[-0.13435,10.84691],[-0.14296,10.86613],[-0.15941,10.86844],[-0.16645,10.90688],[-0.18013,10.92102],[-0.16557,10.93235],[-0.14259,10.96776],[-0.14699,10.97465],[-0.15641,10.97666],[-0.15621,10.99172],[-0.1508,10.99747],[-0.14397,10.99196],[-0.13436,10.99146],[-0.1118,11.00396],[-0.08899,11.00852],[-0.08315,11.01943],[-0.05004,11.0266],[-0.04366,11.01982],[-0.0385,11.02724],[-0.03591,11.01573],[-0.02785,11.0179],[-0.0162,11.00738],[0.00107,11.033],[0.02611,11.03555],[0.03281,10.98773],[0.02482,10.97252],[-0.00611,10.96259],[-0.00742,10.94568],[-0.01183,10.94386],[-0.01235,10.93802],[-0.01224,10.92403],[-0.00777,10.9206],[-0.00762,10.91457],[-0.01492,10.90622],[-0.01789,10.8897],[-0.02528,10.88135],[-0.02514,10.86594],[-0.02985,10.85588],[-0.02225,10.81966],[-0.02954,10.81506],[-0.03138,10.80737],[-0.04401,10.79897],[-0.0455,10.79236],[-0.05679,10.7863],[-0.06464,10.77274],[-0.073,10.76998],[-0.0718,10.7676]]]}},{"type":"Feature","properties":{"display_name":"Daffiama-Bussie-Issa","region":"Upper West","api_district":"Daffiama-Bussie-Issa District","match_resolution":"base"},"geometry":{"type":"Polygon","coordinates":[[[-2.05965,10.32354],[-2.06664,10.32386],[-2.08054,10.31273],[-2.09298,10.32001],[-2.09643,10.33434],[-2.1699,10.30722],[-2.16367,10.28839],[-2.19681,10.28862],[-2.21461,10.25236],[-2.2108,10.25026],[-2.2122,10.2443],[-2.23808,10.23586],[-2.24647,10.21392],[-2.25593,10.21855],[-2.25857,10.22793],[-2.2803,10.24647],[-2.29698,10.24049],[-2.32202,10.24042],[-2.33054,10.24619],[-2.343,10.23959],[-2.35432,10.24112],[-2.36814,10.22334],[-2.37927,10.19449],[-2.3962,10.17893],[-2.40423,10.16275],[-2.4203,10.16473],[-2.44921,10.15718],[-2.45767,10.16049],[-2.45903,10.19166],[-2.45456,10.20126],[-2.46169,10.21107],[-2.46697,10.238],[-2.46352,10.24389],[-2.43094,10.25617],[-2.42724,10.26488],[-2.43938,10.27321],[-2.45593,10.2765],[-2.46164,10.28363],[-2.46463,10.31645],[-2.45603,10.32747],[-2.4606,10.33793],[-2.46901,10.34453],[-2.46881,10.38375],[-2.47321,10.38552],[-2.48544,10.38074],[-2.51075,10.38381],[-2.52002,10.3807],[-2.54857,10.38772],[-2.55745,10.38346],[-2.57946,10.39403],[-2.5929,10.38697],[-2.59469,10.37459],[-2.60152,10.372],[-2.60465,10.3785],[-2.60144,10.44806],[-2.58996,10.46314],[-2.57508,10.46025],[-2.57469,10.46536],[-2.58768,10.48119],[-2.55659,10.49983],[-2.52741,10.50989],[-2.48981,10.50894],[-2.47508,10.51245],[-2.45994,10.52894],[-2.43993,10.51836],[-2.43298,10.53011],[-2.43564,10.53465],[-2.41024,10.5374],[-2.40636,10.53487],[-2.37438,10.54197],[-2.36396,10.54863],[-2.36206,10.55485],[-2.35774,10.555],[-2.35504,10.56425],[-2.34471,10.56572],[-2.34001,10.57273],[-2.33328,10.57215],[-2.31812,10.58171],[-2.31421,10.57683],[-2.30628,10.57635],[-2.30646,10.57128],[-2.29935,10.5703],[-2.29632,10.55455],[-2.291,10.55311],[-2.27874,10.56025],[-2.2693,10.55507],[-2.26346,10.53956],[-2.23758,10.52308],[-2.239,10.51576],[-2.2279,10.51016],[-2.2285,10.50605],[-2.20574,10.50402],[-2.20089,10.49585],[-2.18012,10.4918],[-2.17828,10.48637],[-2.18196,10.48069],[-2.18027,10.47584],[-2.18586,10.47097],[-2.18527,10.46189],[-2.16158,10.46664],[-2.13863,10.44127],[-2.1238,10.44188],[-2.11722,10.44873],[-2.10969,10.44955],[-2.08968,10.44335],[-2.08778,10.43636],[-2.07253,10.42364],[-2.07304,10.41371],[-2.0648,10.40729],[-2.06498,10.39189],[-2.05668,10.37985],[-2.05391,10.35943],[-2.0492,10.35434],[-2.05441,10.35455],[-2.05223,10.34673],[-2.05955,10.34598],[-2.06828,10.33885],[-2.05965,10.32354]]]}},{"type":"Feature","properties":{"display_name":"Jirapa","region":"Upper West","api_district":"Jirapa Municipal","match_resolution":"base"},"geometry":{"type":"Polygon","coordinates":[[[-2.43388,10.74115],[-2.40238,10.73734],[-2.39133,10.71911],[-2.38756,10.70098],[-2.3708,10.69558],[-2.36044,10.69689],[-2.34957,10.68928],[-2.35293,10.67174],[-2.35765,10.67041],[-2.35383,10.66806],[-2.35912,10.65376],[-2.34456,10.62818],[-2.34643,10.61752],[-2.34197,10.6184],[-2.33458,10.60771],[-2.33463,10.59794],[-2.32088,10.59375],[-2.31923,10.58796],[-2.32446,10.57686],[-2.34001,10.57273],[-2.34634,10.56503],[-2.3485,10.56759],[-2.35504,10.56425],[-2.35774,10.555],[-2.36206,10.55485],[-2.36735,10.5456],[-2.39856,10.53596],[-2.43477,10.53509],[-2.43298,10.53011],[-2.43993,10.51836],[-2.45994,10.52894],[-2.47508,10.51245],[-2.48981,10.50894],[-2.52741,10.50989],[-2.56408,10.49617],[-2.59972,10.47373],[-2.60635,10.46584],[-2.62507,10.461],[-2.66877,10.46104],[-2.67855,10.45326],[-2.68381,10.45356],[-2.68699,10.44738],[-2.71161,10.4481],[-2.72031,10.44162],[-2.72421,10.44313],[-2.72729,10.43471],[-2.74109,10.42708],[-2.75611,10.43031],[-2.76543,10.42454],[-2.79091,10.42649],[-2.83367,10.4372],[-2.85556,10.4486],[-2.83614,10.4734],[-2.84012,10.47921],[-2.83852,10.50309],[-2.84597,10.50388],[-2.83405,10.51751],[-2.82129,10.52295],[-2.80352,10.55076],[-2.80771,10.56592],[-2.80303,10.57943],[-2.80403,10.59772],[-2.79334,10.60339],[-2.79434,10.60927],[-2.78533,10.61478],[-2.77192,10.61394],[-2.76164,10.61922],[-2.75663,10.62864],[-2.74539,10.6294],[-2.7419,10.61791],[-2.73501,10.61231],[-2.72006,10.62585],[-2.69994,10.63359],[-2.70554,10.65381],[-2.68682,10.66369],[-2.66535,10.66706],[-2.64553,10.65936],[-2.62818,10.66155],[-2.61946,10.67206],[-2.58989,10.69253],[-2.59393,10.71651],[-2.60772,10.7401],[-2.59567,10.74928],[-2.5721,10.75266],[-2.53236,10.74821],[-2.51721,10.74143],[-2.47591,10.73532],[-2.44963,10.72184],[-2.44229,10.72632],[-2.43388,10.74115]]]}},{"type":"Feature","properties":{"display_name":"Lambussie-Karni","region":"Upper West","api_district":"Lambussie-Karni District","match_resolution":"base"},"geometry":{"type":"Polygon","coordinates":[[[-2.43388,10.74115],[-2.44229,10.72632],[-2.44963,10.72184],[-2.47591,10.73532],[-2.51721,10.74143],[-2.53236,10.74821],[-2.5721,10.75266],[-2.59567,10.74928],[-2.60772,10.7401],[-2.5934,10.71508],[-2.58946,10.6949],[-2.59169,10.68862],[-2.60384,10.6832],[-2.63226,10.65977],[-2.64553,10.65936],[-2.65625,10.66603],[-2.67621,10.66692],[-2.70554,10.65381],[-2.70616,10.66564],[-2.71607,10.67657],[-2.71327,10.68743],[-2.72156,10.68076],[-2.72432,10.68412],[-2.72678,10.70174],[-2.73258,10.71218],[-2.72813,10.71495],[-2.72375,10.71043],[-2.71486,10.71637],[-2.7078,10.71258],[-2.70752,10.70732],[-2.70132,10.71516],[-2.68112,10.71199],[-2.69537,10.75008],[-2.67406,10.74546],[-2.66078,10.74972],[-2.65333,10.75961],[-2.66231,10.77515],[-2.65949,10.78012],[-2.66387,10.78945],[-2.69143,10.77939],[-2.68596,10.79715],[-2.68951,10.79912],[-2.68663,10.81244],[-2.69039,10.81594],[-2.70979,10.81192],[-2.71314,10.82956],[-2.70871,10.8373],[-2.7164,10.8429],[-2.71439,10.84875],[-2.73634,10.85713],[-2.73599,10.87495],[-2.74194,10.87602],[-2.72377,10.88953],[-2.72459,10.90991],[-2.73439,10.90272],[-2.73628,10.92865],[-2.74497,10.9314],[-2.73603,10.94468],[-2.74479,10.95578],[-2.74617,10.97043],[-2.75334,10.97981],[-2.75483,10.99052],[-2.76794,11.00154],[-2.76786,11.01263],[-2.75499,11.01919],[-2.6193,11.02004],[-2.6199,11.01085],[-2.63036,11.00253],[-2.63377,10.99442],[-2.63208,10.96918],[-2.61047,10.96764],[-2.61066,10.95784],[-2.60108,10.95729],[-2.59595,10.95083],[-2.5968,10.9413],[-2.56867,10.93409],[-2.54049,10.93696],[-2.53082,10.93213],[-2.5137,10.93551],[-2.50669,10.92445],[-2.49396,10.92256],[-2.47405,10.89891],[-2.47545,10.88844],[-2.46898,10.87954],[-2.46963,10.86786],[-2.46033,10.86378],[-2.45473,10.83665],[-2.44625,10.82996],[-2.44616,10.81937],[-2.43892,10.80184],[-2.4674,10.79406],[-2.47328,10.79747],[-2.47871,10.79016],[-2.47521,10.78666],[-2.46712,10.78967],[-2.46101,10.78681],[-2.45056,10.77692],[-2.43388,10.74115]]]}},{"type":"Feature","properties":{"display_name":"Lawra","region":"Upper West","api_district":"Lawra Municipal","match_resolution":"base"},"geometry":{"type":"Polygon","coordinates":[[[-2.70554,10.65381],[-2.69809,10.63606],[-2.72034,10.62567],[-2.73501,10.61231],[-2.7419,10.61791],[-2.74539,10.6294],[-2.75663,10.62864],[-2.76316,10.61789],[-2.77799,10.61261],[-2.7907,10.61304],[-2.79444,10.60913],[-2.79334,10.60339],[-2.80403,10.59772],[-2.80303,10.57943],[-2.80771,10.56592],[-2.80352,10.55076],[-2.82129,10.52295],[-2.83405,10.51751],[-2.84597,10.50388],[-2.83852,10.50309],[-2.84012,10.47921],[-2.83678,10.47154],[-2.85382,10.45074],[-2.86346,10.45647],[-2.87206,10.47375],[-2.87463,10.49108],[-2.89908,10.5228],[-2.89809,10.5402],[-2.90179,10.55111],[-2.91075,10.56306],[-2.92441,10.59563],[-2.94042,10.61286],[-2.9406,10.63664],[-2.93095,10.65215],[-2.91566,10.66355],[-2.90546,10.68822],[-2.91085,10.69985],[-2.93999,10.70927],[-2.93676,10.72379],[-2.91889,10.73579],[-2.89331,10.76366],[-2.89198,10.75849],[-2.88651,10.75637],[-2.88827,10.74793],[-2.8709,10.75341],[-2.86433,10.74878],[-2.85076,10.75026],[-2.85135,10.73543],[-2.8418,10.72894],[-2.81879,10.74719],[-2.81899,10.75163],[-2.81195,10.75213],[-2.80786,10.76699],[-2.80115,10.76807],[-2.77647,10.76296],[-2.76777,10.74528],[-2.76258,10.74345],[-2.75855,10.74667],[-2.755,10.74064],[-2.74838,10.73969],[-2.72892,10.75225],[-2.70882,10.75824],[-2.69522,10.75737],[-2.69552,10.76384],[-2.70688,10.76514],[-2.71045,10.77286],[-2.66387,10.78945],[-2.65949,10.78012],[-2.66231,10.77515],[-2.65333,10.75961],[-2.65574,10.75418],[-2.67464,10.74539],[-2.69537,10.75008],[-2.68112,10.71199],[-2.70132,10.71516],[-2.70752,10.70732],[-2.7078,10.71258],[-2.71486,10.71637],[-2.72375,10.71043],[-2.72813,10.71495],[-2.73258,10.71218],[-2.72678,10.70174],[-2.72432,10.68412],[-2.72156,10.68076],[-2.71327,10.68743],[-2.71607,10.67657],[-2.70616,10.66564],[-2.70554,10.65381]]]}},{"type":"Feature","properties":{"display_name":"Nadowli-Kaleo","region":"Upper West","api_district":"Nadowli-Kaleo District","match_resolution":"base"},"geometry":{"type":"Polygon","coordinates":[[[-2.45903,10.19166],[-2.46025,10.15519],[-2.47776,10.14677],[-2.48625,10.13178],[-2.50291,10.1225],[-2.5227,10.09679],[-2.54963,10.09184],[-2.56595,10.10261],[-2.57083,10.11971],[-2.57928,10.1198],[-2.58341,10.11466],[-2.59306,10.12921],[-2.61308,10.14376],[-2.61676,10.14887],[-2.60921,10.1538],[-2.61429,10.16564],[-2.62406,10.16576],[-2.63229,10.15672],[-2.64843,10.1603],[-2.65744,10.15427],[-2.67602,10.1641],[-2.69149,10.1634],[-2.69797,10.17383],[-2.69692,10.17851],[-2.70324,10.18431],[-2.71888,10.19013],[-2.7239,10.19721],[-2.73201,10.19591],[-2.7423,10.20501],[-2.75495,10.20088],[-2.75802,10.19372],[-2.76568,10.19345],[-2.76811,10.18871],[-2.77927,10.18854],[-2.78158,10.18315],[-2.7941,10.17571],[-2.79793,10.18924],[-2.79592,10.19769],[-2.7612,10.2261],[-2.7562,10.24731],[-2.76333,10.26402],[-2.79781,10.27671],[-2.83415,10.2967],[-2.84948,10.31622],[-2.84978,10.32598],[-2.84217,10.34547],[-2.84157,10.36652],[-2.83141,10.38805],[-2.81752,10.39824],[-2.79984,10.39785],[-2.77979,10.40857],[-2.77208,10.42664],[-2.76543,10.42454],[-2.75611,10.43031],[-2.74109,10.42708],[-2.72729,10.43471],[-2.72421,10.44313],[-2.72031,10.44162],[-2.71161,10.4481],[-2.68699,10.44738],[-2.68381,10.45356],[-2.67855,10.45326],[-2.66769,10.46132],[-2.61793,10.46209],[-2.60635,10.46584],[-2.58768,10.48119],[-2.57469,10.46536],[-2.57508,10.46025],[-2.58996,10.46314],[-2.60144,10.44806],[-2.60346,10.37353],[-2.59469,10.37459],[-2.5929,10.38697],[-2.57946,10.39403],[-2.55745,10.38346],[-2.54857,10.38772],[-2.52002,10.3807],[-2.51075,10.38381],[-2.48544,10.38074],[-2.47321,10.38552],[-2.46881,10.38375],[-2.46901,10.34453],[-2.4606,10.33793],[-2.45603,10.32747],[-2.46463,10.31645],[-2.46164,10.28363],[-2.45593,10.2765],[-2.43938,10.27321],[-2.42724,10.26488],[-2.43094,10.25617],[-2.46596,10.24209],[-2.46169,10.21107],[-2.45456,10.20126],[-2.45903,10.19166]]]}},{"type":"Feature","properties":{"display_name":"Nandom","region":"Upper West","api_district":"Nandom Municipal","match_resolution":"base"},"geometry":{"type":"Polygon","coordinates":[[[-2.76831,11.0048],[-2.76493,10.99679],[-2.75483,10.99052],[-2.75334,10.97981],[-2.74617,10.97043],[-2.74479,10.95578],[-2.73662,10.94646],[-2.74497,10.9314],[-2.73628,10.92865],[-2.73439,10.90272],[-2.72459,10.90991],[-2.72377,10.88953],[-2.74194,10.87602],[-2.73599,10.87495],[-2.73634,10.85713],[-2.71439,10.84875],[-2.7164,10.8429],[-2.70871,10.8373],[-2.71314,10.82956],[-2.70979,10.81192],[-2.69039,10.81594],[-2.68663,10.81244],[-2.68951,10.79912],[-2.68596,10.79715],[-2.69154,10.77956],[-2.71045,10.77286],[-2.70688,10.76514],[-2.69552,10.76384],[-2.69351,10.75866],[-2.72892,10.75225],[-2.75053,10.73963],[-2.75855,10.74667],[-2.76258,10.74345],[-2.76777,10.74528],[-2.77647,10.76296],[-2.80786,10.76699],[-2.81195,10.75213],[-2.81899,10.75163],[-2.81879,10.74719],[-2.84079,10.72916],[-2.84484,10.72952],[-2.85181,10.73698],[-2.85076,10.75026],[-2.86433,10.74878],[-2.8709,10.75341],[-2.88827,10.74793],[-2.88651,10.75637],[-2.89198,10.75849],[-2.8918,10.76329],[-2.89625,10.76263],[-2.88098,10.80373],[-2.87909,10.83193],[-2.86354,10.85773],[-2.86557,10.88414],[-2.85826,10.89118],[-2.83707,10.89347],[-2.81752,10.92377],[-2.81974,10.94258],[-2.84064,10.96755],[-2.834,11.00409],[-2.76831,11.0048]]]}},{"type":"Feature","properties":{"display_name":"Sissala East","region":"Upper West","api_district":"Sissala East Municipal","match_resolution":"base"},"geometry":{"type":"Polygon","coordinates":[[[-1.66356,10.17369],[-1.67469,10.19873],[-1.67245,10.20588],[-1.68125,10.21909],[-1.68388,10.21654],[-1.69342,10.22518],[-1.70509,10.22613],[-1.70702,10.2302],[-1.72838,10.23982],[-1.73597,10.25065],[-1.74929,10.25123],[-1.80343,10.29361],[-1.82221,10.29931],[-1.82725,10.32394],[-1.85163,10.3618],[-1.87956,10.3899],[-1.895,10.41441],[-1.92004,10.37451],[-1.95927,10.35806],[-1.97121,10.36334],[-1.98229,10.36076],[-1.98775,10.34496],[-2.00756,10.32597],[-2.00642,10.31908],[-2.01071,10.31565],[-2.01586,10.31792],[-2.02286,10.30276],[-2.02958,10.30258],[-2.03263,10.30949],[-2.05072,10.31415],[-2.05404,10.31002],[-2.06006,10.31657],[-2.06021,10.32657],[-2.06828,10.33885],[-2.05955,10.34598],[-2.05223,10.34673],[-2.05441,10.35455],[-2.0492,10.35434],[-2.05391,10.35943],[-2.05668,10.37985],[-2.06498,10.39189],[-2.0648,10.40729],[-2.07304,10.41371],[-2.07253,10.42364],[-2.08778,10.43636],[-2.08968,10.44335],[-2.10969,10.44955],[-2.11722,10.44873],[-2.1238,10.44188],[-2.13863,10.44127],[-2.16158,10.46664],[-2.18128,10.46072],[-2.18614,10.46279],[-2.17828,10.48637],[-2.18191,10.49317],[-2.17806,10.49996],[-2.18258,10.50585],[-2.16341,10.5197],[-2.17847,10.55217],[-2.17427,10.55217],[-2.17342,10.55675],[-2.16807,10.55383],[-2.15863,10.55818],[-2.15387,10.56442],[-2.15639,10.56844],[-2.15035,10.57051],[-2.14309,10.58579],[-2.13723,10.58522],[-2.13094,10.59098],[-2.13958,10.59951],[-2.14067,10.60869],[-2.13373,10.6195],[-2.13638,10.62768],[-2.12141,10.6608],[-2.12703,10.66738],[-2.13077,10.69411],[-2.14176,10.70508],[-2.15032,10.7315],[-2.16883,10.75919],[-2.17488,10.77558],[-2.17431,10.79432],[-2.17942,10.79976],[-2.16727,10.81055],[-2.15479,10.80763],[-2.1451,10.81145],[-2.13049,10.83072],[-2.12033,10.82713],[-2.10395,10.83052],[-2.09045,10.81164],[-2.07601,10.8084],[-2.04486,10.85023],[-2.03674,10.84949],[-2.03034,10.8566],[-2.03176,10.86167],[-2.0113,10.87142],[-2.00883,10.88403],[-1.98827,10.9101],[-1.96213,10.92674],[-1.9619,10.9301],[-1.9679,10.93207],[-1.96738,10.95077],[-1.9722,10.96588],[-1.99721,10.98552],[-2.0063,11.00401],[-1.74339,11.00811],[-1.74452,11.03796],[-1.54581,11.04023],[-1.5441,11.01015],[-1.42853,11.01107],[-1.42822,10.99805],[-1.43836,10.99063],[-1.44789,10.96406],[-1.44408,10.95038],[-1.45616,10.91164],[-1.45168,10.90803],[-1.452,10.88857],[-1.45851,10.87894],[-1.45338,10.86547],[-1.45843,10.84904],[-1.47307,10.84398],[-1.47863,10.83082],[-1.49176,10.83395],[-1.49464,10.82933],[-1.50045,10.81371],[-1.49146,10.80584],[-1.49975,10.78187],[-1.52354,10.77692],[-1.52863,10.76567],[-1.52589,10.7611],[-1.53317,10.74827],[-1.55134,10.75052],[-1.55729,10.74633],[-1.56182,10.72752],[-1.56823,10.72341],[-1.57346,10.6679],[-1.56767,10.64456],[-1.56598,10.59864],[-1.55942,10.59551],[-1.55393,10.5863],[-1.52659,10.58832],[-1.51598,10.57674],[-1.51826,10.56208],[-1.50491,10.56036],[-1.48991,10.55005],[-1.48586,10.53832],[-1.46454,10.53728],[-1.4571,10.53329],[-1.44845,10.51693],[-1.46276,10.50916],[-1.45933,10.4987],[-1.46685,10.48678],[-1.45799,10.47893],[-1.44978,10.47899],[-1.44658,10.46911],[-1.43401,10.46772],[-1.46863,10.44282],[-1.47487,10.43325],[-1.51783,10.40582],[-1.57025,10.35542],[-1.64785,10.21531],[-1.6522,10.19783],[-1.66297,10.1874],[-1.66015,10.17719],[-1.66356,10.17369]]]}},{"type":"Feature","properties":{"display_name":"Sissala West","region":"Upper West","api_district":"Sissala West District","match_resolution":"base"},"geometry":{"type":"Polygon","coordinates":[[[-2.32182,10.57981],[-2.32032,10.59315],[-2.33463,10.59794],[-2.33458,10.60771],[-2.34197,10.6184],[-2.34643,10.61752],[-2.34456,10.62818],[-2.35912,10.65376],[-2.35383,10.66806],[-2.35765,10.67041],[-2.35293,10.67174],[-2.34977,10.68231],[-2.35134,10.69195],[-2.36044,10.69689],[-2.3708,10.69558],[-2.38756,10.70098],[-2.39133,10.71911],[-2.40103,10.73614],[-2.43388,10.74115],[-2.45056,10.77692],[-2.46712,10.78967],[-2.47264,10.7865],[-2.47823,10.78882],[-2.47328,10.79747],[-2.4674,10.79406],[-2.43892,10.80184],[-2.44616,10.81937],[-2.44625,10.82996],[-2.45473,10.83665],[-2.46033,10.86378],[-2.46963,10.86786],[-2.46898,10.87954],[-2.47545,10.88844],[-2.47405,10.89891],[-2.49396,10.92256],[-2.50669,10.92445],[-2.5137,10.93551],[-2.53082,10.93213],[-2.53846,10.93678],[-2.56867,10.93409],[-2.59116,10.93782],[-2.5968,10.9413],[-2.59564,10.94972],[-2.60108,10.95729],[-2.61066,10.95784],[-2.61047,10.96764],[-2.63127,10.96821],[-2.63377,10.99442],[-2.63036,11.00253],[-2.6199,11.01085],[-2.61797,11.02131],[-2.49773,11.01824],[-2.45231,11.02332],[-2.36016,11.00815],[-2.22016,11.02066],[-2.11837,11.01428],[-2.05796,11.01748],[-2.0063,11.00401],[-1.99721,10.98552],[-1.98503,10.97365],[-1.97429,10.96911],[-1.96738,10.95077],[-1.9679,10.93207],[-1.9619,10.9301],[-1.96213,10.92674],[-1.98827,10.9101],[-2.00883,10.88403],[-2.0113,10.87142],[-2.03176,10.86167],[-2.03034,10.8566],[-2.03674,10.84949],[-2.04486,10.85023],[-2.07601,10.8084],[-2.09045,10.81164],[-2.10395,10.83052],[-2.12033,10.82713],[-2.13049,10.83072],[-2.1451,10.81145],[-2.15479,10.80763],[-2.16727,10.81055],[-2.17942,10.79976],[-2.17431,10.79432],[-2.17488,10.77558],[-2.16883,10.75919],[-2.15032,10.7315],[-2.14176,10.70508],[-2.13077,10.69411],[-2.12703,10.66738],[-2.12141,10.6608],[-2.13638,10.62768],[-2.13373,10.6195],[-2.14067,10.60869],[-2.13958,10.59951],[-2.13094,10.59098],[-2.13723,10.58522],[-2.14309,10.58579],[-2.15035,10.57051],[-2.15639,10.56844],[-2.15387,10.56442],[-2.15863,10.55818],[-2.16807,10.55383],[-2.17342,10.55675],[-2.17427,10.55217],[-2.17847,10.55217],[-2.16341,10.5197],[-2.18258,10.50585],[-2.17806,10.49996],[-2.18096,10.49216],[-2.20089,10.49585],[-2.20574,10.50402],[-2.2285,10.50605],[-2.2279,10.51016],[-2.239,10.51576],[-2.23758,10.52308],[-2.26346,10.53956],[-2.2693,10.55507],[-2.27874,10.56025],[-2.291,10.55311],[-2.29632,10.55455],[-2.2995,10.57049],[-2.30646,10.57128],[-2.30581,10.57588],[-2.31048,10.57864],[-2.32182,10.57981]]]}},{"type":"Feature","properties":{"display_name":"Wa East","region":"Upper West","api_district":"Wa East District","match_resolution":"base"},"geometry":{"type":"Polygon","coordinates":[[[-1.67469,10.19873],[-1.65518,10.16214],[-1.63553,10.15434],[-1.62155,10.13321],[-1.60071,10.133],[-1.59241,10.1152],[-1.59525,10.1067],[-1.58645,10.1005],[-1.58996,10.08867],[-1.58578,10.08205],[-1.58796,10.07766],[-1.6131,10.06906],[-1.62324,10.07109],[-1.62639,10.07907],[-1.655,10.07456],[-1.64177,10.05772],[-1.62906,10.05288],[-1.63488,10.04261],[-1.64602,10.03802],[-1.66724,10.04509],[-1.66734,10.03557],[-1.67362,10.02529],[-1.68601,10.03866],[-1.69469,10.03099],[-1.69497,10.02342],[-1.70163,10.02192],[-1.70171,10.01384],[-1.71475,10.01224],[-1.71861,9.99826],[-1.71,9.98129],[-1.71264,9.97018],[-1.70746,9.96465],[-1.71187,9.96032],[-1.70797,9.95711],[-1.7067,9.94583],[-1.71612,9.94001],[-1.71396,9.92958],[-1.70462,9.92356],[-1.70707,9.89986],[-1.69633,9.88724],[-1.70303,9.84156],[-1.70663,9.82521],[-1.71072,9.82186],[-1.98685,9.82512],[-2.00338,9.82221],[-2.02478,9.78596],[-2.04223,9.77973],[-2.08643,9.78547],[-2.09122,9.78975],[-2.09688,9.81372],[-2.42108,9.77243],[-2.48695,9.75295],[-2.48586,9.76086],[-2.49654,9.76576],[-2.49424,9.78387],[-2.48438,9.78879],[-2.49087,9.79886],[-2.48589,9.80604],[-2.48921,9.81747],[-2.48615,9.82204],[-2.47532,9.82449],[-2.4728,9.8347],[-2.46297,9.84783],[-2.46242,9.86667],[-2.45408,9.87164],[-2.45328,9.87917],[-2.46192,9.88484],[-2.45949,9.9012],[-2.44824,9.90428],[-2.44796,9.91085],[-2.45798,9.91934],[-2.46015,9.94338],[-2.45146,9.93763],[-2.44212,9.91377],[-2.43216,9.91351],[-2.41021,9.92354],[-2.39689,9.94123],[-2.38305,9.93668],[-2.37838,9.94212],[-2.37958,9.95271],[-2.3476,9.97276],[-2.32585,9.97726],[-2.32728,9.9821],[-2.3221,9.98829],[-2.33031,10.02266],[-2.32789,10.03003],[-2.30499,10.05371],[-2.33188,10.06434],[-2.35317,10.06063],[-2.36641,10.07121],[-2.36286,10.08654],[-2.3702,10.10082],[-2.35012,10.10898],[-2.35126,10.11323],[-2.35892,10.11703],[-2.36576,10.1147],[-2.37384,10.12169],[-2.39686,10.1172],[-2.3966,10.13082],[-2.40649,10.14947],[-2.40206,10.17136],[-2.37927,10.19449],[-2.36814,10.22334],[-2.35432,10.24112],[-2.343,10.23959],[-2.33054,10.24619],[-2.32202,10.24042],[-2.29698,10.24049],[-2.2803,10.24647],[-2.25857,10.22793],[-2.25593,10.21855],[-2.24637,10.21396],[-2.23808,10.23586],[-2.2122,10.2443],[-2.2108,10.25026],[-2.21461,10.25236],[-2.19681,10.28862],[-2.16367,10.28839],[-2.1699,10.30722],[-2.09643,10.33434],[-2.09298,10.32001],[-2.08332,10.31366],[-2.06239,10.3241],[-2.05459,10.31017],[-2.05049,10.31411],[-2.03263,10.30949],[-2.03005,10.30275],[-2.02295,10.30271],[-2.01882,10.31574],[-2.00845,10.3168],[-2.00144,10.33498],[-1.98775,10.34496],[-1.98229,10.36076],[-1.97121,10.36334],[-1.95927,10.35806],[-1.92004,10.37451],[-1.9094,10.3871],[-1.8957,10.41463],[-1.87956,10.3899],[-1.84459,10.35135],[-1.82725,10.32394],[-1.82221,10.29931],[-1.80343,10.29361],[-1.74929,10.25123],[-1.73597,10.25065],[-1.72838,10.23982],[-1.70702,10.2302],[-1.70509,10.22613],[-1.69342,10.22518],[-1.68388,10.21654],[-1.68125,10.21909],[-1.67245,10.20588],[-1.67469,10.19873]]]}},{"type":"Feature","properties":{"display_name":"Wa Municipal","region":"Upper West","api_district":"Wa Municipal","match_resolution":"exact"},"geometry":{"type":"Polygon","coordinates":[[[-2.40423,10.16275],[-2.40649,10.14947],[-2.3966,10.13082],[-2.39735,10.11762],[-2.37384,10.12169],[-2.36576,10.1147],[-2.35892,10.11703],[-2.35126,10.11323],[-2.35012,10.10898],[-2.3702,10.10082],[-2.36286,10.08654],[-2.36641,10.07121],[-2.35317,10.06063],[-2.33188,10.06434],[-2.30499,10.05371],[-2.32789,10.03003],[-2.33031,10.02266],[-2.3221,9.98829],[-2.32728,9.9821],[-2.32585,9.97726],[-2.34789,9.97259],[-2.37958,9.95271],[-2.37838,9.94212],[-2.38305,9.93668],[-2.39689,9.94123],[-2.41021,9.92354],[-2.43244,9.91345],[-2.44212,9.91377],[-2.45464,9.94155],[-2.46594,9.95232],[-2.48108,9.95805],[-2.50544,9.94717],[-2.51395,9.94758],[-2.52028,9.93815],[-2.531,9.93479],[-2.54699,9.9406],[-2.55485,9.93462],[-2.55497,9.92758],[-2.56662,9.92423],[-2.58699,9.93153],[-2.58413,9.93803],[-2.60169,9.94169],[-2.59877,9.95988],[-2.59159,9.96993],[-2.59351,9.97498],[-2.58201,9.9849],[-2.58896,9.9911],[-2.59493,9.98399],[-2.59947,9.98667],[-2.60124,9.99025],[-2.59603,9.99546],[-2.60269,10.00177],[-2.60856,10.00112],[-2.61524,10.03201],[-2.61179,10.041],[-2.59419,10.03911],[-2.59154,10.04259],[-2.56901,10.04463],[-2.58543,10.0584],[-2.58162,10.06058],[-2.58264,10.07338],[-2.579,10.07964],[-2.59665,10.07732],[-2.59662,10.08609],[-2.57771,10.09964],[-2.58328,10.10672],[-2.58082,10.1189],[-2.56953,10.11858],[-2.56595,10.10261],[-2.5511,10.09225],[-2.52603,10.09527],[-2.50291,10.1225],[-2.48625,10.13178],[-2.47776,10.14677],[-2.46025,10.15519],[-2.45979,10.16006],[-2.45385,10.16112],[-2.44921,10.15718],[-2.4203,10.16473],[-2.40423,10.16275]]]}},{"type":"Feature","properties":{"display_name":"Wa West","region":"Upper West","api_district":"Wa West District","match_resolution":"base"},"geometry":{"type":"Polygon","coordinates":[[[-2.46015,9.94338],[-2.45798,9.91934],[-2.44796,9.91085],[-2.44824,9.90428],[-2.45949,9.9012],[-2.46192,9.88484],[-2.45328,9.87917],[-2.45408,9.87164],[-2.46242,9.86667],[-2.46297,9.84783],[-2.4728,9.8347],[-2.47532,9.82449],[-2.48615,9.82204],[-2.48921,9.81747],[-2.48589,9.80604],[-2.49087,9.79886],[-2.48438,9.78879],[-2.49424,9.78387],[-2.49654,9.76576],[-2.48586,9.76086],[-2.48586,9.75558],[-2.50889,9.74583],[-2.50822,9.71659],[-2.51491,9.69385],[-2.5215,9.68673],[-2.62785,9.6469],[-2.66495,9.63923],[-2.68047,9.63159],[-2.71925,9.63228],[-2.72651,9.63486],[-2.73184,9.64347],[-2.74635,9.64164],[-2.7541,9.65258],[-2.75851,9.68071],[-2.78098,9.68786],[-2.78641,9.69327],[-2.78329,9.72501],[-2.7906,9.74615],[-2.77856,9.75701],[-2.75855,9.80054],[-2.7325,9.81497],[-2.7268,9.82894],[-2.73053,9.83808],[-2.74723,9.8544],[-2.76255,9.88488],[-2.76426,9.9129],[-2.75979,9.92795],[-2.74553,9.94691],[-2.74318,9.95911],[-2.75009,9.98163],[-2.77078,10.00334],[-2.78227,10.02697],[-2.78258,10.04451],[-2.79076,10.06965],[-2.78837,10.09375],[-2.794,10.12645],[-2.78772,10.14002],[-2.79488,10.1753],[-2.78158,10.18315],[-2.77927,10.18854],[-2.76811,10.18871],[-2.76568,10.19345],[-2.75802,10.19372],[-2.75495,10.20088],[-2.7423,10.20501],[-2.73201,10.19591],[-2.7239,10.19721],[-2.71888,10.19013],[-2.70324,10.18431],[-2.69692,10.17851],[-2.69797,10.17383],[-2.69149,10.1634],[-2.67602,10.1641],[-2.65744,10.15427],[-2.64843,10.1603],[-2.63229,10.15672],[-2.62406,10.16576],[-2.61407,10.16554],[-2.60921,10.1538],[-2.61676,10.14887],[-2.58559,10.12059],[-2.58261,10.10423],[-2.57771,10.09964],[-2.59662,10.08609],[-2.59665,10.07732],[-2.579,10.07964],[-2.58264,10.07338],[-2.58162,10.06058],[-2.58543,10.0584],[-2.56901,10.04463],[-2.59154,10.04259],[-2.59419,10.03911],[-2.61179,10.041],[-2.61511,10.03291],[-2.60856,10.00112],[-2.60269,10.00177],[-2.59603,9.99546],[-2.60124,9.99025],[-2.59947,9.98667],[-2.59493,9.98399],[-2.58896,9.9911],[-2.58201,9.9849],[-2.59351,9.97498],[-2.59159,9.96993],[-2.59877,9.95988],[-2.60169,9.94169],[-2.58413,9.93803],[-2.58699,9.93153],[-2.56662,9.92423],[-2.55497,9.92758],[-2.55485,9.93462],[-2.54699,9.9406],[-2.531,9.93479],[-2.52028,9.93815],[-2.51395,9.94758],[-2.49729,9.94985],[-2.48278,9.95806],[-2.46594,9.95232],[-2.46015,9.94338]]]}},{"type":"Feature","properties":{"display_name":"Adaklu","region":"Volta","api_district":"Adaklu District","match_resolution":"base"},"geometry":{"type":"Polygon","coordinates":[[[0.55309,6.59159],[0.63131,6.5546],[0.63366,6.52086],[0.62942,6.49691],[0.63974,6.46818],[0.65244,6.46252],[0.65485,6.439],[0.66272,6.43462],[0.66357,6.42885],[0.69592,6.4406],[0.70829,6.43274],[0.71,6.4225],[0.70465,6.42093],[0.70456,6.40475],[0.69253,6.39661],[0.69886,6.37007],[0.68508,6.36474],[0.68366,6.34922],[0.67037,6.3287],[0.67591,6.32009],[0.66332,6.31254],[0.66005,6.31638],[0.64808,6.30414],[0.63873,6.30344],[0.61575,6.29089],[0.61354,6.30498],[0.58967,6.28223],[0.57255,6.28987],[0.5761,6.30315],[0.55665,6.29725],[0.54754,6.29837],[0.54332,6.28159],[0.52185,6.29588],[0.49103,6.30494],[0.47437,6.29945],[0.46742,6.30178],[0.45521,6.28834],[0.44217,6.29061],[0.43077,6.28626],[0.43234,6.29583],[0.44336,6.30211],[0.44546,6.32286],[0.43881,6.33797],[0.43341,6.34273],[0.42766,6.34219],[0.42138,6.35493],[0.42431,6.35682],[0.41644,6.36637],[0.42114,6.38711],[0.41787,6.39613],[0.41313,6.39612],[0.41888,6.40642],[0.41277,6.42273],[0.41769,6.43381],[0.40883,6.44325],[0.40733,6.45204],[0.41099,6.45408],[0.40979,6.47033],[0.44045,6.50522],[0.44126,6.51165],[0.43344,6.52017],[0.43402,6.52574],[0.4453,6.53786],[0.44303,6.54297],[0.45735,6.56235],[0.46383,6.57928],[0.47274,6.56051],[0.48254,6.55448],[0.49238,6.57856],[0.48766,6.58868],[0.48896,6.59939],[0.52,6.5974],[0.52422,6.57197],[0.54589,6.58011],[0.55309,6.59159]]]}},{"type":"Feature","properties":{"display_name":"Afadzato South","region":"Volta","api_district":"Afadjato South District","match_resolution":"override"},"geometry":{"type":"Polygon","coordinates":[[[0.36292,7.05134],[0.36691,7.05069],[0.37063,7.06511],[0.38764,7.06386],[0.38468,7.07085],[0.39404,7.07328],[0.39183,7.07821],[0.39821,7.08396],[0.40758,7.07833],[0.41805,7.07944],[0.42886,7.07017],[0.43486,7.06963],[0.42992,7.05954],[0.43453,7.05494],[0.44423,7.05769],[0.46746,7.05238],[0.48685,7.06275],[0.50498,7.05952],[0.50181,7.04987],[0.52151,7.05272],[0.52806,7.0482],[0.53457,7.05009],[0.55544,7.03943],[0.55343,7.02858],[0.56295,7.02842],[0.57189,7.0225],[0.57194,7.01157],[0.59521,7.00243],[0.54855,6.99349],[0.53863,6.9863],[0.53513,6.97802],[0.52287,6.97337],[0.52594,6.9416],[0.50972,6.91934],[0.50407,6.90451],[0.47406,6.87234],[0.45542,6.86569],[0.4481,6.86732],[0.4387,6.87862],[0.43657,6.88942],[0.41713,6.89274],[0.40504,6.90883],[0.40098,6.92468],[0.39606,6.92417],[0.38612,6.91135],[0.39088,6.90785],[0.40166,6.86897],[0.41129,6.85851],[0.40716,6.83779],[0.39787,6.82372],[0.3906,6.78004],[0.3706,6.73429],[0.35576,6.71502],[0.34778,6.68571],[0.34432,6.68328],[0.32969,6.6898],[0.31735,6.68587],[0.30144,6.67195],[0.26675,6.66799],[0.26658,6.67412],[0.29006,6.69976],[0.28859,6.71812],[0.29306,6.72762],[0.29427,6.75571],[0.30259,6.76485],[0.31155,6.78847],[0.3018,6.79662],[0.30984,6.80096],[0.31126,6.80977],[0.3105,6.81658],[0.30497,6.82016],[0.30709,6.82979],[0.31469,6.82702],[0.31846,6.83174],[0.31547,6.8377],[0.32023,6.83951],[0.341,6.84013],[0.34964,6.85537],[0.32458,6.86267],[0.33055,6.87019],[0.33031,6.8803],[0.35754,6.90276],[0.35369,6.90458],[0.34361,6.89956],[0.33671,6.90221],[0.33707,6.90943],[0.34538,6.91408],[0.34471,6.91991],[0.35513,6.92296],[0.34466,6.93701],[0.34495,6.94256],[0.35257,6.94221],[0.35406,6.94757],[0.36476,6.95139],[0.36695,6.97276],[0.37773,6.98869],[0.39306,6.99432],[0.40619,6.99368],[0.41329,7.00558],[0.4124,7.0129],[0.39325,7.01661],[0.39235,7.02072],[0.38241,7.02476],[0.37359,7.03829],[0.36273,7.04594],[0.36292,7.05134]]]}},{"type":"Feature","properties":{"display_name":"Agotime Ziope","region":"Volta","api_district":"Agotime-Ziope District","match_resolution":"base"},"geometry":{"type":"Polygon","coordinates":[[[0.74922,6.44819],[0.74567,6.42797],[0.74852,6.41516],[0.75436,6.41584],[0.78798,6.39753],[0.78635,6.38435],[0.79071,6.38068],[0.78301,6.37145],[0.78775,6.35434],[0.76851,6.34943],[0.76377,6.34137],[0.75574,6.35335],[0.72427,6.3409],[0.71451,6.34211],[0.69769,6.33321],[0.69364,6.3176],[0.69656,6.31192],[0.67284,6.33204],[0.68366,6.34922],[0.68508,6.36474],[0.69886,6.37007],[0.69253,6.39661],[0.70456,6.40475],[0.70465,6.42093],[0.71,6.4225],[0.70829,6.43274],[0.69592,6.4406],[0.66357,6.42885],[0.66272,6.43462],[0.65485,6.439],[0.65244,6.46252],[0.63974,6.46818],[0.62942,6.49691],[0.63366,6.52086],[0.63131,6.5546],[0.58353,6.57912],[0.5892,6.58672],[0.61299,6.59925],[0.63153,6.62889],[0.64307,6.63225],[0.65641,6.6086],[0.66695,6.60523],[0.67277,6.61366],[0.69786,6.58844],[0.71173,6.58502],[0.72366,6.58994],[0.74244,6.58904],[0.74886,6.5631],[0.71903,6.53491],[0.71738,6.52747],[0.72173,6.50201],[0.73216,6.48481],[0.74652,6.48395],[0.74488,6.45838],[0.74922,6.44819]]]}},{"type":"Feature","properties":{"display_name":"Akatsi North","region":"Volta","api_district":"Akatsi North District","match_resolution":"base"},"geometry":{"type":"Polygon","coordinates":[[[0.964,6.33495],[0.96513,6.32546],[0.95989,6.3132],[0.96475,6.29689],[0.95934,6.28853],[0.94481,6.28363],[0.93554,6.27351],[0.92834,6.28103],[0.91698,6.27628],[0.89746,6.27837],[0.89427,6.24684],[0.90126,6.22374],[0.88528,6.19556],[0.85177,6.22224],[0.83158,6.22228],[0.82538,6.2176],[0.8215,6.21982],[0.82058,6.18434],[0.81539,6.18369],[0.80977,6.17616],[0.80251,6.1777],[0.79498,6.17373],[0.79267,6.19504],[0.78454,6.19642],[0.77531,6.19172],[0.77373,6.20254],[0.7777,6.21186],[0.7754,6.23598],[0.78458,6.2663],[0.78276,6.27274],[0.79341,6.29824],[0.78659,6.3364],[0.77858,6.35096],[0.78775,6.35434],[0.78301,6.37145],[0.79071,6.38068],[0.78635,6.38435],[0.78798,6.39753],[0.75436,6.41584],[0.74852,6.41516],[0.74567,6.42797],[0.74922,6.44819],[0.78195,6.43448],[0.78752,6.41339],[0.82609,6.40411],[0.86189,6.37916],[0.8838,6.35552],[0.89264,6.33551],[0.964,6.33495]]]}},{"type":"Feature","properties":{"display_name":"Akatsi South","region":"Volta","api_district":"Akatsi South District","match_resolution":"base"},"geometry":{"type":"Polygon","coordinates":[[[0.88528,6.19556],[0.87936,6.18826],[0.87407,6.16358],[0.87925,6.15796],[0.87551,6.15516],[0.87766,6.14856],[0.8916,6.14107],[0.88548,6.13915],[0.88668,6.13184],[0.87785,6.12288],[0.88428,6.11792],[0.86228,6.06796],[0.85697,6.06811],[0.8559,6.05814],[0.84011,6.03745],[0.8593,6.03526],[0.86073,6.00522],[0.85266,6.0033],[0.83463,6.00953],[0.82926,6.00121],[0.82257,6.00345],[0.80374,5.95853],[0.78524,5.9666],[0.76578,5.95484],[0.75458,5.96895],[0.74074,5.96887],[0.72569,5.98321],[0.70628,5.99038],[0.71084,6.01477],[0.72982,6.02421],[0.73114,6.03434],[0.75088,6.05449],[0.75522,6.07146],[0.74721,6.09335],[0.73424,6.09932],[0.72262,6.11882],[0.7174,6.11953],[0.72564,6.13155],[0.72418,6.14664],[0.71802,6.15302],[0.72224,6.17088],[0.71853,6.17595],[0.72211,6.18231],[0.71863,6.18288],[0.72166,6.18611],[0.72021,6.19704],[0.71341,6.21473],[0.71855,6.21996],[0.70636,6.22795],[0.71093,6.23383],[0.70666,6.23254],[0.70021,6.24137],[0.69852,6.26814],[0.67694,6.2931],[0.68149,6.30828],[0.68777,6.30572],[0.69656,6.31192],[0.69364,6.3176],[0.69769,6.33321],[0.71451,6.34211],[0.72427,6.3409],[0.75574,6.35335],[0.76377,6.34137],[0.77202,6.35115],[0.78096,6.34938],[0.79055,6.3219],[0.79341,6.29824],[0.78276,6.27274],[0.78458,6.2663],[0.7754,6.23598],[0.7777,6.21186],[0.77373,6.20254],[0.77531,6.19172],[0.78454,6.19642],[0.79267,6.19504],[0.79498,6.17373],[0.80251,6.1777],[0.80977,6.17616],[0.81539,6.18369],[0.82058,6.18434],[0.8215,6.21982],[0.82538,6.2176],[0.83158,6.22228],[0.85177,6.22224],[0.88528,6.19556]]]}},{"type":"Feature","properties":{"display_name":"Anloga","region":"Volta","api_district":"Anloga District","match_resolution":"base"},"geometry":{"type":"Polygon","coordinates":[[[0.6829,5.77458],[0.68797,5.77777],[0.69818,5.77398],[0.70405,5.78052],[0.71023,5.77479],[0.71425,5.7823],[0.72021,5.78392],[0.71812,5.79205],[0.71054,5.7951],[0.71206,5.8057],[0.71832,5.8112],[0.7098,5.82928],[0.71401,5.83961],[0.71283,5.85436],[0.71971,5.87023],[0.74633,5.88002],[0.74782,5.87687],[0.75935,5.87114],[0.7554,5.87428],[0.76062,5.8725],[0.81055,5.88307],[0.81867,5.87384],[0.8523,5.88422],[0.88246,5.86807],[0.8755,5.84154],[0.87898,5.82192],[0.92073,5.80692],[0.95992,5.81484],[0.94121,5.7961],[0.92401,5.78651],[0.82652,5.77449],[0.81652,5.76964],[0.73409,5.77303],[0.7278,5.77014],[0.72236,5.77048],[0.71275,5.76783],[0.70812,5.76794],[0.71525,5.7731],[0.69349,5.77048],[0.6941,5.76559],[0.68016,5.77078],[0.67556,5.7768],[0.6829,5.77458]]]}},{"type":"Feature","properties":{"display_name":"Central Tongu","region":"Volta","api_district":"Akatsi North District","match_resolution":"nearest"},"geometry":{"type":"Polygon","coordinates":[[[0.71877,6.1547],[0.70877,6.15623],[0.70537,6.14302],[0.69286,6.12414],[0.67214,6.10565],[0.66035,6.11284],[0.65213,6.10358],[0.63065,6.09387],[0.62622,6.09448],[0.61914,6.10638],[0.60921,6.10712],[0.595,6.09926],[0.58699,6.07876],[0.55696,6.08465],[0.55187,6.08074],[0.55442,6.05482],[0.54821,6.0377],[0.54896,6.00676],[0.50698,6.00317],[0.4966,6.0099],[0.49368,6.0182],[0.46147,6.02883],[0.46346,6.0378],[0.47047,6.04081],[0.47297,6.04792],[0.4573,6.05428],[0.4604,6.06178],[0.44598,6.06871],[0.44183,6.07976],[0.43302,6.08098],[0.43279,6.08609],[0.44588,6.08471],[0.45717,6.07832],[0.46267,6.08038],[0.45281,6.10252],[0.45304,6.11572],[0.46068,6.13029],[0.46526,6.13134],[0.47635,6.1222],[0.47777,6.12928],[0.48142,6.12522],[0.48745,6.13268],[0.4867,6.13875],[0.50469,6.15717],[0.50128,6.16536],[0.50319,6.18133],[0.49888,6.18619],[0.49715,6.19964],[0.48178,6.19089],[0.47338,6.19668],[0.4674,6.19363],[0.45666,6.20756],[0.44152,6.20598],[0.43771,6.20902],[0.4553,6.22574],[0.46927,6.255],[0.47541,6.25514],[0.47717,6.26228],[0.47283,6.26553],[0.46174,6.25971],[0.45768,6.2627],[0.42517,6.26344],[0.42645,6.27892],[0.43077,6.28626],[0.44217,6.29061],[0.45521,6.28834],[0.46742,6.30178],[0.47437,6.29945],[0.49103,6.30494],[0.52185,6.29588],[0.54332,6.28159],[0.54754,6.29837],[0.55665,6.29725],[0.5761,6.30315],[0.57255,6.28987],[0.58967,6.28223],[0.61354,6.30498],[0.61575,6.29089],[0.63873,6.30344],[0.64808,6.30414],[0.66005,6.31638],[0.66294,6.31254],[0.6736,6.3162],[0.67591,6.32009],[0.67037,6.3287],[0.67387,6.33032],[0.69512,6.31214],[0.68777,6.30572],[0.68149,6.30828],[0.67694,6.2931],[0.69852,6.26814],[0.70021,6.24137],[0.70666,6.23254],[0.71093,6.23383],[0.70636,6.22795],[0.71855,6.21996],[0.71341,6.21473],[0.72021,6.19704],[0.72166,6.18611],[0.71863,6.18288],[0.72211,6.18231],[0.71853,6.17595],[0.72224,6.17088],[0.71877,6.1547]]]}},{"type":"Feature","properties":{"display_name":"Ho Municipal","region":"Volta","api_district":"Ho Municipal","match_resolution":"exact"},"geometry":{"type":"MultiPolygon","coordinates":[[[[0.33869,6.5756],[0.33913,6.57579],[0.33863,6.57467],[0.33869,6.5756]]],[[[0.64027,6.63132],[0.63833,6.6297],[0.63639,6.62995],[0.64027,6.63132]]],[[[0.63997,6.63842],[0.6296,6.62685],[0.61299,6.59925],[0.5892,6.58672],[0.58358,6.57797],[0.56429,6.58936],[0.55309,6.59159],[0.54589,6.58011],[0.52422,6.57197],[0.52,6.5974],[0.48896,6.59939],[0.48766,6.58868],[0.49238,6.57856],[0.48254,6.55448],[0.47274,6.56051],[0.46383,6.57928],[0.43344,6.52017],[0.42993,6.52316],[0.43379,6.53411],[0.4323,6.54439],[0.40889,6.55653],[0.39454,6.56909],[0.38556,6.57268],[0.37724,6.56967],[0.37498,6.57377],[0.36332,6.5694],[0.36101,6.57297],[0.33992,6.57573],[0.35963,6.58452],[0.36852,6.61245],[0.36645,6.61931],[0.37445,6.63167],[0.37743,6.63457],[0.39569,6.63219],[0.40485,6.64713],[0.42738,6.66502],[0.42927,6.68916],[0.41651,6.71985],[0.42398,6.73519],[0.42149,6.75634],[0.45059,6.77846],[0.45884,6.77177],[0.45579,6.76411],[0.46222,6.74649],[0.4701,6.74856],[0.47889,6.75935],[0.48048,6.74359],[0.48314,6.74213],[0.48833,6.75266],[0.49681,6.74357],[0.50566,6.75418],[0.52032,6.76119],[0.52337,6.78732],[0.5032,6.78721],[0.49711,6.79602],[0.50861,6.80334],[0.50643,6.81268],[0.51539,6.81684],[0.52013,6.82565],[0.53939,6.82464],[0.54636,6.82817],[0.5473,6.83439],[0.56096,6.82392],[0.565,6.82469],[0.57037,6.80888],[0.5798,6.80734],[0.5759,6.79822],[0.56737,6.80262],[0.57072,6.79704],[0.56709,6.79693],[0.56999,6.79294],[0.56639,6.78287],[0.57743,6.77443],[0.57173,6.77438],[0.58168,6.76152],[0.60089,6.75648],[0.60838,6.7472],[0.61876,6.75449],[0.62519,6.74739],[0.63261,6.74885],[0.65041,6.73763],[0.64323,6.71913],[0.64916,6.71276],[0.64371,6.69726],[0.64466,6.66661],[0.63551,6.64336],[0.63997,6.63842]]]]}},{"type":"Feature","properties":{"display_name":"Ho West","region":"Volta","api_district":"Ho West District","match_resolution":"base"},"geometry":{"type":"MultiPolygon","coordinates":[[[[0.52383,6.94012],[0.54773,6.93763],[0.55002,6.92963],[0.55948,6.92865],[0.56591,6.92241],[0.55786,6.88812],[0.53445,6.87744],[0.54317,6.86472],[0.53178,6.85674],[0.53276,6.82881],[0.52013,6.82565],[0.51539,6.81684],[0.50726,6.81373],[0.50861,6.80334],[0.50355,6.80298],[0.49669,6.7952],[0.5032,6.78721],[0.52337,6.78732],[0.52032,6.76119],[0.50566,6.75418],[0.49681,6.74357],[0.48833,6.75266],[0.48314,6.74213],[0.48048,6.74359],[0.47889,6.75935],[0.4701,6.74856],[0.46249,6.7464],[0.45579,6.76411],[0.45884,6.77177],[0.45059,6.77846],[0.42149,6.75634],[0.42398,6.73519],[0.41651,6.71985],[0.42927,6.68916],[0.42738,6.66502],[0.40485,6.64713],[0.39569,6.63219],[0.37743,6.63457],[0.37445,6.63167],[0.36645,6.61931],[0.36852,6.61245],[0.35963,6.58452],[0.33992,6.57573],[0.36101,6.57297],[0.36332,6.5694],[0.36856,6.57288],[0.37498,6.57377],[0.37979,6.56947],[0.38556,6.57268],[0.40594,6.56169],[0.40889,6.55653],[0.42844,6.54881],[0.43373,6.54143],[0.42993,6.52316],[0.43746,6.51922],[0.44154,6.50864],[0.42783,6.48741],[0.40979,6.47033],[0.41099,6.45408],[0.40733,6.45204],[0.40883,6.44325],[0.41769,6.43381],[0.41277,6.42273],[0.41888,6.40642],[0.41313,6.39612],[0.41787,6.39613],[0.42114,6.38711],[0.41644,6.36637],[0.42431,6.35682],[0.42138,6.35493],[0.42766,6.34219],[0.43341,6.34273],[0.43881,6.33797],[0.44546,6.32286],[0.44363,6.30279],[0.4309,6.29278],[0.42493,6.26198],[0.41704,6.25935],[0.41344,6.27474],[0.3902,6.3036],[0.37761,6.30815],[0.37217,6.3028],[0.33729,6.31419],[0.30442,6.33365],[0.1727,6.33088],[0.17809,6.33393],[0.17891,6.34066],[0.18703,6.33886],[0.18556,6.34215],[0.18828,6.3457],[0.20467,6.35719],[0.19999,6.37074],[0.20496,6.37141],[0.2165,6.38443],[0.20877,6.39667],[0.21205,6.41256],[0.20066,6.43957],[0.20646,6.44163],[0.20815,6.44737],[0.19838,6.45576],[0.20566,6.47566],[0.22072,6.49688],[0.24841,6.51208],[0.284,6.54135],[0.28758,6.57423],[0.28535,6.57783],[0.27662,6.57816],[0.27323,6.58999],[0.31184,6.60658],[0.33974,6.63739],[0.34582,6.65423],[0.34305,6.65841],[0.35301,6.67917],[0.34942,6.67907],[0.34772,6.68567],[0.35576,6.71502],[0.3706,6.73429],[0.3906,6.78004],[0.39713,6.82098],[0.40627,6.83354],[0.41129,6.85851],[0.40166,6.86897],[0.39088,6.90785],[0.38612,6.91135],[0.39657,6.92468],[0.40098,6.92468],[0.40504,6.90883],[0.41713,6.89274],[0.43657,6.88942],[0.43683,6.88249],[0.44559,6.86985],[0.45542,6.86569],[0.47406,6.87234],[0.48789,6.88658],[0.50407,6.90451],[0.52383,6.94012]],[[0.33863,6.57467],[0.33913,6.57579],[0.33869,6.5756],[0.33863,6.57467]]],[[[0.5347,6.82692],[0.53346,6.82713],[0.53514,6.82692],[0.5347,6.82692]]]]}},{"type":"Feature","properties":{"display_name":"Hohoe","region":"Volta","api_district":"Hohoe Municipal","match_resolution":"base"},"geometry":{"type":"Polygon","coordinates":[[[0.46518,7.28968],[0.49143,7.29014],[0.50507,7.3009],[0.52253,7.29764],[0.53418,7.30511],[0.5405,7.29552],[0.54169,7.27144],[0.53356,7.24733],[0.51709,7.23968],[0.52121,7.23467],[0.51933,7.22047],[0.53568,7.22003],[0.54271,7.2251],[0.54091,7.23317],[0.54862,7.2389],[0.54905,7.24645],[0.56093,7.25965],[0.56285,7.26819],[0.57169,7.26757],[0.57327,7.28104],[0.57709,7.28408],[0.5741,7.28777],[0.58079,7.28857],[0.58358,7.27806],[0.60632,7.26647],[0.64419,7.26298],[0.63127,7.19643],[0.62487,7.1828],[0.61717,7.18247],[0.61689,7.16164],[0.61327,7.15686],[0.60558,7.15752],[0.60511,7.14099],[0.59692,7.13358],[0.59207,7.11369],[0.59792,7.11435],[0.60226,7.10871],[0.61183,7.10594],[0.61468,7.09516],[0.59708,7.06001],[0.60268,7.02324],[0.59413,7.00904],[0.59521,7.00243],[0.57194,7.01157],[0.57189,7.0225],[0.56295,7.02842],[0.55343,7.02858],[0.55544,7.03943],[0.54454,7.04555],[0.53457,7.05009],[0.52806,7.0482],[0.52219,7.05272],[0.50091,7.05016],[0.5054,7.05481],[0.50261,7.06099],[0.48508,7.06275],[0.46746,7.05238],[0.44423,7.05769],[0.43453,7.05494],[0.42992,7.05954],[0.43486,7.06963],[0.42886,7.07017],[0.41805,7.07944],[0.40758,7.07833],[0.39618,7.08389],[0.39183,7.07821],[0.39404,7.07328],[0.38451,7.07048],[0.38764,7.06386],[0.36971,7.06459],[0.36482,7.05037],[0.35661,7.05411],[0.34835,7.06804],[0.34212,7.06953],[0.3285,7.0892],[0.32809,7.09735],[0.33977,7.11585],[0.33857,7.13058],[0.35022,7.12654],[0.35747,7.13165],[0.37121,7.15423],[0.3916,7.22658],[0.41549,7.2661],[0.42711,7.28088],[0.43534,7.28455],[0.44096,7.2774],[0.44836,7.2771],[0.4454,7.28157],[0.45202,7.28485],[0.44856,7.29773],[0.46518,7.28968]]]}},{"type":"Feature","properties":{"display_name":"Keta Municipal","region":"Volta","api_district":"Keta Municipal","match_resolution":"exact"},"geometry":{"type":"Polygon","coordinates":[[[0.86305,6.06973],[0.87337,6.06355],[0.92017,6.0638],[0.95747,6.05763],[0.97703,6.04788],[0.99884,6.04661],[0.99854,6.0397],[0.99197,6.03121],[0.9966,6.02288],[1.00745,6.02059],[1.01031,5.99245],[1.01861,5.97916],[1.03137,5.98271],[0.99562,5.92648],[0.99025,5.90672],[0.99375,5.87955],[0.98843,5.85751],[0.98087,5.84048],[0.95992,5.81484],[0.92073,5.80692],[0.87898,5.82192],[0.8755,5.84154],[0.88246,5.86807],[0.8523,5.88422],[0.81867,5.87384],[0.81055,5.88307],[0.77241,5.87722],[0.78379,5.88402],[0.78152,5.90372],[0.78839,5.908],[0.78198,5.91552],[0.78441,5.91926],[0.77508,5.92167],[0.77773,5.92563],[0.77308,5.9266],[0.77252,5.92316],[0.7612,5.92744],[0.76669,5.93941],[0.76692,5.95629],[0.78524,5.9666],[0.80374,5.95853],[0.82257,6.00345],[0.82926,6.00121],[0.83463,6.00953],[0.85266,6.0033],[0.86073,6.00522],[0.8593,6.03526],[0.84011,6.03745],[0.8559,6.05814],[0.85697,6.06811],[0.86305,6.06973]]]}},{"type":"Feature","properties":{"display_name":"Ketu North","region":"Volta","api_district":"Ketu North Municipal","match_resolution":"base"},"geometry":{"type":"Polygon","coordinates":[[[1.07914,6.17117],[1.03146,6.18184],[1.02168,6.17144],[1.03651,6.14048],[1.01741,6.12204],[1.01076,6.12098],[1.00894,6.12429],[0.99519,6.12008],[1.00294,6.10901],[0.98748,6.10942],[0.97686,6.09031],[0.97884,6.08528],[1.01349,6.08017],[1.02002,6.0691],[0.99345,6.0589],[0.99884,6.04661],[0.97703,6.04788],[0.95747,6.05763],[0.92017,6.0638],[0.87337,6.06355],[0.86305,6.06973],[0.88428,6.11792],[0.87785,6.12288],[0.88668,6.13184],[0.88548,6.13915],[0.8916,6.14107],[0.87766,6.14856],[0.87551,6.15516],[0.87925,6.15796],[0.87407,6.16358],[0.87936,6.18826],[0.90017,6.21772],[0.89427,6.24684],[0.89746,6.27837],[0.91698,6.27628],[0.92834,6.28103],[0.93554,6.27351],[0.94481,6.28363],[0.95934,6.28853],[0.96475,6.29689],[0.95989,6.3132],[0.96513,6.32546],[0.964,6.33495],[1.00435,6.33474],[1.00804,6.32163],[1.00534,6.31101],[1.00794,6.2938],[1.01574,6.28724],[1.01781,6.26968],[1.03652,6.23828],[1.05483,6.23333],[1.06631,6.21902],[1.0757,6.19442],[1.07158,6.19494],[1.08095,6.1829],[1.07916,6.17772],[1.07649,6.18226],[1.07543,6.17714],[1.07914,6.17117]]]}},{"type":"Feature","properties":{"display_name":"Ketu South","region":"Volta","api_district":"Ketu South Municipal","match_resolution":"base"},"geometry":{"type":"Polygon","coordinates":[[[0.99854,6.0397],[0.99345,6.0589],[1.02002,6.0691],[1.01349,6.08017],[0.97884,6.08528],[0.97686,6.09031],[0.98748,6.10942],[1.00294,6.10901],[0.99519,6.12008],[1.00894,6.12429],[1.01076,6.12098],[1.01741,6.12204],[1.03651,6.14048],[1.02168,6.17144],[1.03146,6.18184],[1.07086,6.17486],[1.08572,6.16864],[1.20021,6.16763],[1.19948,6.1127],[1.12612,6.07734],[1.08184,6.04652],[1.03137,5.98271],[1.01861,5.97916],[1.01031,5.99245],[1.00745,6.02059],[0.9966,6.02288],[0.99197,6.03121],[0.99854,6.0397]]]}},{"type":"Feature","properties":{"display_name":"Kpando","region":"Volta","api_district":"Kpando Municipal","match_resolution":"base"},"geometry":{"type":"Polygon","coordinates":[[[0.34312,7.06908],[0.35099,7.06566],[0.35683,7.0539],[0.36257,7.05292],[0.36273,7.04594],[0.37359,7.03829],[0.38241,7.02476],[0.39235,7.02072],[0.39325,7.01661],[0.4124,7.0129],[0.4132,7.00525],[0.40789,6.99457],[0.38875,6.99308],[0.37773,6.98869],[0.37077,6.98012],[0.36521,6.96767],[0.36476,6.95139],[0.35406,6.94757],[0.35257,6.94221],[0.34495,6.94256],[0.34466,6.93701],[0.35513,6.92296],[0.34717,6.91928],[0.34017,6.92222],[0.33048,6.90765],[0.31081,6.90341],[0.29954,6.90738],[0.28704,6.90104],[0.27903,6.90457],[0.27807,6.90902],[0.27622,6.90588],[0.2706,6.90912],[0.27242,6.92653],[0.26725,6.94409],[0.25694,6.93564],[0.25879,6.94583],[0.24911,6.95395],[0.24637,6.96871],[0.24227,6.96974],[0.24044,6.96468],[0.22743,6.97397],[0.22135,7.00788],[0.19971,7.05159],[0.19669,7.0675],[0.20288,7.08056],[0.22449,7.09935],[0.3158,7.09593],[0.3285,7.0892],[0.34312,7.06908]]]}},{"type":"Feature","properties":{"display_name":"North Dayi","region":"Volta","api_district":"North Dayi District","match_resolution":"base"},"geometry":{"type":"Polygon","coordinates":[[[0.22743,6.97397],[0.24044,6.96468],[0.24297,6.97016],[0.24866,6.96564],[0.24911,6.95395],[0.25879,6.94583],[0.25694,6.93564],[0.26465,6.94466],[0.26899,6.94181],[0.27242,6.92653],[0.27017,6.91053],[0.27602,6.90594],[0.27807,6.90902],[0.27903,6.90457],[0.28704,6.90104],[0.29954,6.90738],[0.31081,6.90341],[0.32578,6.90637],[0.33151,6.90852],[0.34017,6.92222],[0.34548,6.91445],[0.33707,6.90943],[0.33703,6.90141],[0.35754,6.90276],[0.33031,6.8803],[0.33055,6.87019],[0.32458,6.86267],[0.34964,6.85537],[0.341,6.84013],[0.31591,6.83817],[0.31846,6.83174],[0.31246,6.82578],[0.31331,6.82951],[0.30709,6.82979],[0.30785,6.82488],[0.30478,6.8242],[0.31126,6.80977],[0.30984,6.80096],[0.30223,6.79417],[0.31155,6.78847],[0.30259,6.76485],[0.29427,6.75571],[0.29306,6.72762],[0.28859,6.71812],[0.29006,6.69976],[0.26658,6.67412],[0.26675,6.66799],[0.25339,6.66237],[0.23889,6.66502],[0.23595,6.67205],[0.16149,6.6832],[0.1692,6.68972],[0.19903,6.69696],[0.20366,6.70329],[0.2082,6.75756],[0.19251,6.78932],[0.15852,6.81613],[0.14487,6.81847],[0.13316,6.82908],[0.12416,6.84332],[0.1198,6.8704],[0.12293,6.88943],[0.13548,6.90998],[0.14782,6.92149],[0.20618,6.94249],[0.22743,6.97397]]]}},{"type":"Feature","properties":{"display_name":"North Tongu","region":"Volta","api_district":"North Tongu District","match_resolution":"base"},"geometry":{"type":"Polygon","coordinates":[[[0.30442,6.33365],[0.33729,6.31419],[0.37217,6.3028],[0.37761,6.30815],[0.3902,6.3036],[0.41344,6.27474],[0.41704,6.25935],[0.42517,6.26344],[0.45768,6.2627],[0.46174,6.25971],[0.47283,6.26553],[0.47717,6.26228],[0.47541,6.25514],[0.46927,6.255],[0.4553,6.22574],[0.43771,6.20902],[0.44152,6.20598],[0.45666,6.20756],[0.4674,6.19363],[0.47338,6.19668],[0.48178,6.19089],[0.49715,6.19964],[0.49888,6.18619],[0.50319,6.18133],[0.50128,6.16536],[0.50463,6.15688],[0.4867,6.13875],[0.48745,6.13268],[0.48142,6.12522],[0.47777,6.12928],[0.47635,6.1222],[0.46526,6.13134],[0.46068,6.13029],[0.45304,6.11572],[0.45281,6.10252],[0.46267,6.08038],[0.45717,6.07832],[0.44588,6.08471],[0.43279,6.08609],[0.43302,6.08098],[0.44183,6.07976],[0.44598,6.06871],[0.4604,6.06178],[0.4573,6.05428],[0.47297,6.04792],[0.47047,6.04081],[0.46346,6.0378],[0.46147,6.02883],[0.48431,6.02255],[0.49752,6.01356],[0.49603,6.00839],[0.49997,6.00225],[0.49592,5.99876],[0.50066,5.99419],[0.499,5.99104],[0.49048,5.99529],[0.49198,5.97965],[0.48485,5.97552],[0.48371,5.99248],[0.48071,5.99063],[0.46743,5.99831],[0.45007,6.00158],[0.44105,5.99499],[0.44111,5.9827],[0.43431,5.97398],[0.39459,5.96076],[0.36642,5.9604],[0.34388,5.95391],[0.35334,5.9866],[0.34086,5.98915],[0.32972,5.99664],[0.33983,6.01915],[0.34866,6.02216],[0.33177,6.03391],[0.33785,6.04719],[0.29547,6.05729],[0.28952,6.06426],[0.28478,6.08075],[0.24775,6.10568],[0.23295,6.11026],[0.22894,6.11006],[0.23303,6.10799],[0.18936,6.09683],[0.14259,6.10954],[0.12233,6.12754],[0.1189,6.13726],[0.10469,6.14042],[0.09323,6.15457],[0.09109,6.1604],[0.09602,6.17709],[0.10451,6.18375],[0.11886,6.21895],[0.12775,6.25522],[0.1361,6.25984],[0.15948,6.30022],[0.17572,6.30275],[0.1763,6.3074],[0.16821,6.31347],[0.1697,6.32795],[0.19134,6.33359],[0.30442,6.33365]]]}},{"type":"Feature","properties":{"display_name":"South Dayi","region":"Volta","api_district":"South Dayi District","match_resolution":"base"},"geometry":{"type":"Polygon","coordinates":[[[0.32969,6.6898],[0.34432,6.68328],[0.34602,6.68672],[0.34942,6.67907],[0.35306,6.67965],[0.34305,6.65841],[0.34582,6.65423],[0.33974,6.63739],[0.31184,6.60658],[0.27323,6.58999],[0.27662,6.57816],[0.28535,6.57783],[0.28758,6.57423],[0.284,6.54135],[0.24841,6.51208],[0.22072,6.49688],[0.20566,6.47566],[0.19838,6.45576],[0.20815,6.44737],[0.20646,6.44163],[0.20066,6.43957],[0.21205,6.41256],[0.20954,6.40121],[0.17799,6.42421],[0.18624,6.44029],[0.18375,6.46602],[0.18919,6.47537],[0.18721,6.48256],[0.17891,6.48665],[0.18209,6.49525],[0.17779,6.51145],[0.19974,6.54852],[0.19455,6.56395],[0.18804,6.56818],[0.16323,6.57002],[0.15181,6.57783],[0.12865,6.57554],[0.10444,6.56692],[0.11037,6.61659],[0.12318,6.66598],[0.16149,6.6832],[0.23595,6.67205],[0.23889,6.66502],[0.25339,6.66237],[0.26675,6.66799],[0.30144,6.67195],[0.31735,6.68587],[0.32969,6.6898]]]}},{"type":"Feature","properties":{"display_name":"South Tongu","region":"Volta","api_district":"South Tongu District","match_resolution":"base"},"geometry":{"type":"Polygon","coordinates":[[[0.68797,5.77777],[0.6777,5.79517],[0.65187,5.80522],[0.65458,5.82725],[0.64289,5.84097],[0.62029,5.83426],[0.61974,5.85396],[0.63152,5.86679],[0.61499,5.86458],[0.61243,5.87284],[0.61907,5.87576],[0.60679,5.87687],[0.59972,5.89057],[0.57457,5.89985],[0.58876,5.91867],[0.57606,5.93284],[0.57065,5.92985],[0.56609,5.93816],[0.55903,5.9393],[0.551,5.92029],[0.54794,5.92494],[0.55177,5.92901],[0.54854,5.93169],[0.55041,5.93508],[0.54737,5.93503],[0.54172,5.9497],[0.52404,5.95489],[0.52537,5.97883],[0.499,5.99104],[0.50041,5.99541],[0.49592,5.99876],[0.5,6.00321],[0.49603,6.00839],[0.51788,6.00186],[0.54896,6.00676],[0.54821,6.0377],[0.55442,6.05482],[0.55187,6.08074],[0.55696,6.08465],[0.58699,6.07876],[0.595,6.09926],[0.60921,6.10712],[0.61914,6.10638],[0.62622,6.09448],[0.63065,6.09387],[0.65213,6.10358],[0.66035,6.11284],[0.67214,6.10565],[0.69286,6.12414],[0.70537,6.14302],[0.70877,6.15623],[0.72135,6.15297],[0.72531,6.14338],[0.72564,6.13155],[0.7174,6.11953],[0.72262,6.11882],[0.73424,6.09932],[0.74721,6.09335],[0.75522,6.07146],[0.75088,6.05449],[0.73114,6.03434],[0.72982,6.02421],[0.71084,6.01477],[0.70481,5.99262],[0.72569,5.98321],[0.74074,5.96887],[0.75458,5.96895],[0.76639,5.95492],[0.76669,5.93941],[0.7612,5.92744],[0.77252,5.92316],[0.77308,5.9266],[0.77773,5.92563],[0.77508,5.92167],[0.78441,5.91926],[0.78198,5.91552],[0.78839,5.908],[0.78152,5.90372],[0.78379,5.88402],[0.77227,5.87714],[0.76062,5.8725],[0.7554,5.87428],[0.75935,5.87114],[0.74633,5.88002],[0.71865,5.86936],[0.7098,5.82961],[0.71827,5.81076],[0.71206,5.8057],[0.71054,5.7951],[0.71812,5.79205],[0.72052,5.78459],[0.71425,5.7823],[0.71023,5.77479],[0.70437,5.7805],[0.69818,5.77398],[0.68797,5.77777]]]}},{"type":"Feature","properties":{"display_name":"Ahanta West","region":"Western","api_district":"Ahanta West Municipal","match_resolution":"base"},"geometry":{"type":"Polygon","coordinates":[[[-1.99292,4.93469],[-1.972,4.95866],[-1.96871,4.95318],[-1.95878,4.95359],[-1.95873,4.94864],[-1.93288,4.95033],[-1.89842,4.92739],[-1.86669,4.9273],[-1.86638,4.94722],[-1.87633,4.95585],[-1.88174,4.95588],[-1.88063,4.96062],[-1.88437,4.96351],[-1.84336,4.9634],[-1.84334,4.95961],[-1.83631,4.95632],[-1.83834,4.94484],[-1.82292,4.93553],[-1.81997,4.91749],[-1.80803,4.91068],[-1.80835,4.90646],[-1.79795,4.90256],[-1.79671,4.89765],[-1.7863,4.89486],[-1.77808,4.88058],[-1.77215,4.88031],[-1.76739,4.87492],[-1.8073,4.87352],[-1.81317,4.87079],[-1.81343,4.86677],[-1.83023,4.86197],[-1.83808,4.84864],[-1.87118,4.84336],[-1.88487,4.83524],[-1.89049,4.82644],[-1.91255,4.82578],[-1.9171,4.81355],[-1.93669,4.80681],[-1.93995,4.79527],[-1.94859,4.79302],[-1.94762,4.78768],[-1.97222,4.76929],[-1.97406,4.75892],[-1.98016,4.75577],[-1.99194,4.75936],[-2.02671,4.75737],[-2.0357,4.75153],[-2.03582,4.75598],[-2.03885,4.75526],[-2.05148,4.74705],[-2.05447,4.73981],[-2.06467,4.74665],[-2.06837,4.74297],[-2.07192,4.74834],[-2.0796,4.74864],[-2.09213,4.73877],[-2.09395,4.74902],[-2.11172,4.75457],[-2.10939,4.76352],[-2.1135,4.7642],[-2.10514,4.77556],[-2.12228,4.78966],[-2.13483,4.78953],[-2.15338,4.79783],[-2.16632,4.79668],[-2.17008,4.792],[-2.1684,4.79929],[-2.17229,4.80372],[-2.16958,4.80748],[-2.18087,4.81725],[-2.16491,4.82435],[-2.15876,4.83934],[-2.13733,4.85228],[-2.12045,4.88153],[-2.11633,4.88021],[-2.10072,4.89009],[-2.09454,4.88802],[-2.09069,4.89526],[-2.09259,4.9023],[-2.06215,4.90581],[-2.05773,4.91072],[-2.05014,4.908],[-2.04493,4.91564],[-2.02653,4.92],[-2.01377,4.91361],[-2.01156,4.90285],[-1.98666,4.90311],[-1.98295,4.91305],[-1.99473,4.92645],[-1.99292,4.93469]]]}},{"type":"Feature","properties":{"display_name":"Effia Kwesimintsim","region":"Western","api_district":"Effia-Kwesimintsim Municipal","match_resolution":"base"},"geometry":{"type":"Polygon","coordinates":[[[-1.84334,4.95961],[-1.84593,4.96677],[-1.8398,4.96669],[-1.84369,4.97724],[-1.84091,4.98527],[-1.81152,4.97858],[-1.81424,4.98798],[-1.80898,4.99089],[-1.81193,4.99866],[-1.79447,5.0128],[-1.7906,5.02385],[-1.77113,5.04437],[-1.7615,5.03074],[-1.74402,5.01767],[-1.73895,5.00165],[-1.74494,4.98301],[-1.77936,4.95692],[-1.77637,4.95021],[-1.7629,4.95505],[-1.76776,4.94462],[-1.75317,4.94275],[-1.76253,4.93157],[-1.75991,4.92896],[-1.75392,4.93157],[-1.75766,4.92374],[-1.75055,4.91778],[-1.75953,4.90473],[-1.77338,4.90026],[-1.78003,4.886],[-1.7863,4.89486],[-1.79671,4.89765],[-1.79795,4.90256],[-1.80835,4.90646],[-1.80803,4.91068],[-1.81997,4.91749],[-1.82292,4.93553],[-1.83834,4.94484],[-1.83631,4.95632],[-1.84334,4.95961]]]}},{"type":"Feature","properties":{"display_name":"Ellembelle","region":"Western","api_district":"Ellembelle District","match_resolution":"base"},"geometry":{"type":"Polygon","coordinates":[[[-2.49481,5.3758],[-2.49929,5.37832],[-2.4932,5.39595],[-2.49004,5.39973],[-2.47939,5.40067],[-2.44012,5.37932],[-2.43235,5.38178],[-2.41494,5.37522],[-2.40835,5.37981],[-2.40329,5.37671],[-2.38434,5.37976],[-2.37587,5.37562],[-2.35935,5.37715],[-2.35028,5.3635],[-2.34474,5.36444],[-2.34252,5.3572],[-2.33655,5.35484],[-2.33724,5.34968],[-2.3251,5.34911],[-2.32814,5.33868],[-2.34016,5.32479],[-2.33598,5.30883],[-2.3446,5.30807],[-2.34492,5.29934],[-2.35126,5.29327],[-2.34312,5.27285],[-2.35227,5.2606],[-2.35574,5.26088],[-2.3639,5.22303],[-2.35865,5.2168],[-2.36185,5.20385],[-2.35694,5.20091],[-2.36231,5.1957],[-2.35855,5.18798],[-2.36799,5.16723],[-2.36374,5.16081],[-2.3577,5.16205],[-2.36077,5.15736],[-2.35443,5.15571],[-2.35443,5.14783],[-2.35772,5.14631],[-2.35639,5.1194],[-2.35267,5.11438],[-2.32901,5.10381],[-2.32136,5.11281],[-2.3164,5.1124],[-2.30988,5.10468],[-2.31383,5.09032],[-2.30828,5.08507],[-2.30295,5.09048],[-2.29549,5.08979],[-2.29033,5.08422],[-2.27936,5.0833],[-2.28046,5.07962],[-2.27336,5.07149],[-2.26872,5.07703],[-2.26562,5.06879],[-2.25979,5.06564],[-2.25937,5.05056],[-2.24658,5.04181],[-2.24402,5.03451],[-2.23797,5.03367],[-2.23834,5.00795],[-2.21383,4.99971],[-2.21886,4.97253],[-2.21541,4.96339],[-2.21643,4.94814],[-2.22303,4.9406],[-2.23358,4.94793],[-2.23302,4.93846],[-2.24153,4.94183],[-2.24727,4.93168],[-2.25818,4.93434],[-2.27026,4.92431],[-2.27488,4.91379],[-2.26745,4.91335],[-2.26998,4.89962],[-2.38357,4.94346],[-2.51216,4.97079],[-2.55989,4.98697],[-2.56249,4.99265],[-2.55005,4.99578],[-2.48706,5.04437],[-2.48737,5.05313],[-2.49657,5.05674],[-2.49665,5.06497],[-2.48323,5.0859],[-2.48785,5.09134],[-2.48874,5.10399],[-2.47854,5.12056],[-2.48507,5.12252],[-2.48834,5.13683],[-2.48499,5.13917],[-2.48746,5.1498],[-2.47695,5.18402],[-2.49481,5.3758]]]}},{"type":"Feature","properties":{"display_name":"Jomoro","region":"Western","api_district":"Jomoro Municipal","match_resolution":"base"},"geometry":{"type":"Polygon","coordinates":[[[-2.72662,5.34094],[-2.71466,5.34922],[-2.70403,5.34762],[-2.69951,5.34251],[-2.6928,5.34872],[-2.68679,5.34832],[-2.67831,5.35452],[-2.67115,5.36793],[-2.65221,5.37726],[-2.63091,5.40221],[-2.62711,5.402],[-2.61948,5.41164],[-2.61339,5.41152],[-2.61228,5.41643],[-2.60702,5.41282],[-2.59942,5.41517],[-2.58988,5.39068],[-2.59044,5.38036],[-2.58526,5.37787],[-2.53205,5.37512],[-2.52747,5.3709],[-2.51479,5.37719],[-2.50849,5.37174],[-2.49481,5.3758],[-2.47695,5.18402],[-2.48746,5.1498],[-2.48499,5.13917],[-2.48834,5.13683],[-2.48507,5.12252],[-2.47854,5.12056],[-2.48874,5.10399],[-2.48785,5.09134],[-2.48323,5.0859],[-2.49665,5.06497],[-2.49657,5.05674],[-2.48737,5.05313],[-2.48706,5.04437],[-2.55005,4.99578],[-2.56249,4.99265],[-2.55989,4.98697],[-2.56434,4.97579],[-2.635,4.98226],[-2.67125,4.99934],[-2.73821,5.00835],[-2.77146,5.01897],[-3.1086,5.0902],[-3.10905,5.11595],[-3.10167,5.11237],[-3.0943,5.11537],[-3.08506,5.11188],[-3.07241,5.11308],[-3.07176,5.11943],[-3.06343,5.12196],[-3.05191,5.11595],[-3.04827,5.12042],[-3.04199,5.11659],[-3.02148,5.11943],[-3.00236,5.11098],[-2.97624,5.08708],[-2.9491,5.08405],[-2.94162,5.09398],[-2.92957,5.0967],[-2.93433,5.1026],[-2.93455,5.11076],[-2.94314,5.11432],[-2.93987,5.12521],[-2.9282,5.12084],[-2.90615,5.12346],[-2.89174,5.11947],[-2.89064,5.12675],[-2.88403,5.12376],[-2.87685,5.12806],[-2.86336,5.12313],[-2.84443,5.10733],[-2.83813,5.10961],[-2.84088,5.11463],[-2.8322,5.12144],[-2.82729,5.11989],[-2.81756,5.1056],[-2.81352,5.11341],[-2.81022,5.10627],[-2.80612,5.11161],[-2.79062,5.10701],[-2.78571,5.11759],[-2.78544,5.10902],[-2.77252,5.11146],[-2.75726,5.10074],[-2.7541,5.11659],[-2.74219,5.1135],[-2.73735,5.1188],[-2.7401,5.12323],[-2.73745,5.12884],[-2.73206,5.12867],[-2.73266,5.13445],[-2.72774,5.13139],[-2.72377,5.14093],[-2.72721,5.14012],[-2.73101,5.15179],[-2.73647,5.14871],[-2.74158,5.1557],[-2.73576,5.16226],[-2.74061,5.16114],[-2.74558,5.16694],[-2.74122,5.17566],[-2.74951,5.19449],[-2.74763,5.20207],[-2.75712,5.20053],[-2.76482,5.21691],[-2.75696,5.21835],[-2.76095,5.2297],[-2.75535,5.23299],[-2.76582,5.23634],[-2.76238,5.24568],[-2.75473,5.24216],[-2.76077,5.24983],[-2.75492,5.24617],[-2.75457,5.25322],[-2.7639,5.25516],[-2.76555,5.25993],[-2.77281,5.25844],[-2.77592,5.26531],[-2.77889,5.26359],[-2.77928,5.26604],[-2.76927,5.26824],[-2.78073,5.27649],[-2.78526,5.28559],[-2.78119,5.29466],[-2.76955,5.29458],[-2.76644,5.30522],[-2.76606,5.31717],[-2.77176,5.32901],[-2.77745,5.33094],[-2.77055,5.33622],[-2.77673,5.34642],[-2.76838,5.35699],[-2.75568,5.34377],[-2.73837,5.34723],[-2.72662,5.34094]]]}},{"type":"Feature","properties":{"display_name":"Mpohor","region":"Western","api_district":"Mpohor District","match_resolution":"base"},"geometry":{"type":"Polygon","coordinates":[[[-1.68566,5.10269],[-1.71747,5.10411],[-1.70157,5.08272],[-1.70648,5.06244],[-1.69898,5.05432],[-1.71276,5.05447],[-1.71447,5.04297],[-1.73167,5.04721],[-1.74053,5.03458],[-1.73646,5.02653],[-1.73804,5.01318],[-1.7615,5.03074],[-1.77113,5.04437],[-1.7906,5.02385],[-1.79447,5.0128],[-1.81193,4.99866],[-1.80898,4.99089],[-1.81424,4.98798],[-1.81152,4.97858],[-1.84091,4.98527],[-1.84369,4.97724],[-1.8398,4.96669],[-1.84593,4.96677],[-1.84336,4.9634],[-1.88437,4.96351],[-1.88063,4.96062],[-1.88174,4.95588],[-1.87633,4.95585],[-1.86638,4.94722],[-1.86669,4.9273],[-1.89842,4.92739],[-1.93288,4.95033],[-1.95873,4.94864],[-1.95878,4.95359],[-1.96871,4.95318],[-1.972,4.95866],[-1.979,4.94965],[-1.98032,4.96439],[-1.98858,4.97444],[-1.97671,4.98484],[-1.97351,5.021],[-1.95102,5.02488],[-1.94942,5.03765],[-1.95305,5.04207],[-1.94913,5.05409],[-1.95341,5.05786],[-1.94881,5.05909],[-1.95411,5.06327],[-1.95485,5.07039],[-1.9501,5.07745],[-1.95353,5.08142],[-1.94879,5.10181],[-1.95022,5.11638],[-1.93623,5.14481],[-1.93873,5.15484],[-1.92884,5.16036],[-1.89495,5.15807],[-1.88404,5.14441],[-1.85472,5.18999],[-1.8028,5.16493],[-1.79527,5.15342],[-1.79744,5.14961],[-1.78945,5.14339],[-1.79024,5.13733],[-1.78188,5.13174],[-1.77133,5.12817],[-1.74405,5.13641],[-1.71742,5.11752],[-1.68641,5.11728],[-1.68143,5.10867],[-1.68566,5.10269]]]}},{"type":"Feature","properties":{"display_name":"Nzema East","region":"Western","api_district":"Nzema East Municipal","match_resolution":"base"},"geometry":{"type":"Polygon","coordinates":[[[-2.3251,5.34911],[-2.31611,5.34768],[-2.30534,5.33951],[-2.29734,5.34805],[-2.28941,5.34351],[-2.28911,5.35177],[-2.28239,5.34618],[-2.27646,5.34803],[-2.2762,5.3567],[-2.25995,5.34581],[-2.26212,5.33575],[-2.25576,5.33826],[-2.25335,5.3318],[-2.24033,5.3277],[-2.20786,5.32722],[-2.20536,5.33301],[-2.18871,5.33541],[-2.18927,5.32098],[-2.1744,5.31877],[-2.17548,5.28291],[-2.17129,5.27271],[-2.15182,5.26986],[-2.14853,5.26514],[-2.15236,5.26095],[-2.14913,5.2596],[-2.15176,5.25325],[-2.14409,5.24925],[-2.1412,5.25186],[-2.1373,5.24446],[-2.12525,5.24778],[-2.11605,5.22443],[-2.11866,5.22042],[-2.10539,5.20857],[-2.11832,5.19974],[-2.12528,5.18645],[-2.13764,5.1831],[-2.12454,5.14273],[-2.14439,5.1147],[-2.15475,5.08534],[-2.13774,5.08623],[-2.12976,5.0772],[-2.1271,5.06618],[-2.10816,5.08068],[-2.09846,5.06933],[-2.09753,5.05771],[-2.08826,5.04164],[-2.10555,5.02668],[-2.10532,5.0209],[-2.0991,5.01897],[-2.09219,5.00567],[-2.0907,4.9702],[-2.08747,4.95819],[-2.08117,4.95565],[-2.07685,4.92925],[-2.0699,4.92115],[-2.06858,4.91266],[-2.05891,4.90666],[-2.09259,4.9023],[-2.09069,4.89526],[-2.09454,4.88802],[-2.10072,4.89009],[-2.11633,4.88021],[-2.12045,4.88153],[-2.13733,4.85228],[-2.15876,4.83934],[-2.16491,4.82435],[-2.18125,4.81556],[-2.20355,4.82195],[-2.20409,4.83156],[-2.21088,4.83857],[-2.24746,4.85529],[-2.24176,4.86245],[-2.24773,4.88032],[-2.26942,4.8923],[-2.26745,4.91335],[-2.27487,4.9135],[-2.27116,4.92322],[-2.2595,4.93359],[-2.24753,4.93155],[-2.24423,4.94079],[-2.23696,4.94262],[-2.23293,4.93855],[-2.23384,4.94781],[-2.22303,4.9406],[-2.21648,4.94805],[-2.21541,4.96339],[-2.21886,4.97253],[-2.21383,4.99971],[-2.23834,5.00795],[-2.23797,5.03367],[-2.24402,5.03451],[-2.24658,5.04181],[-2.25937,5.05056],[-2.25979,5.06564],[-2.26562,5.06879],[-2.26872,5.07703],[-2.27336,5.07149],[-2.28046,5.07962],[-2.27936,5.0833],[-2.29033,5.08422],[-2.29549,5.08979],[-2.30295,5.09048],[-2.30828,5.08507],[-2.31383,5.09032],[-2.30988,5.10468],[-2.3164,5.1124],[-2.32136,5.11281],[-2.32901,5.10381],[-2.35267,5.11438],[-2.35639,5.1194],[-2.35772,5.14631],[-2.35443,5.14783],[-2.35443,5.15571],[-2.36077,5.15736],[-2.3577,5.16205],[-2.36374,5.16081],[-2.36799,5.16723],[-2.35855,5.18798],[-2.36231,5.1957],[-2.35694,5.20091],[-2.36185,5.20385],[-2.35865,5.2168],[-2.3639,5.22303],[-2.35574,5.26088],[-2.35227,5.2606],[-2.34312,5.27285],[-2.35126,5.29327],[-2.34492,5.29934],[-2.3446,5.30807],[-2.33598,5.30883],[-2.34016,5.32479],[-2.32814,5.33868],[-2.3251,5.34911]]]}},{"type":"Feature","properties":{"display_name":"Prestea-Huni Valley","region":"Western","api_district":"Prestea-Huni Valley Municipal","match_resolution":"base"},"geometry":{"type":"Polygon","coordinates":[[[-1.82446,5.5932],[-1.81659,5.57626],[-1.81625,5.56147],[-1.82092,5.55434],[-1.81811,5.54045],[-1.81339,5.54212],[-1.80662,5.53773],[-1.79591,5.54384],[-1.7832,5.53373],[-1.80076,5.50877],[-1.80054,5.50078],[-1.81328,5.4986],[-1.82516,5.4834],[-1.82642,5.47834],[-1.81999,5.47641],[-1.8141,5.46657],[-1.81496,5.45397],[-1.82215,5.44681],[-1.79814,5.39037],[-1.76834,5.34232],[-1.7584,5.31018],[-1.79535,5.27825],[-1.82519,5.24603],[-1.85409,5.22311],[-1.87265,5.23574],[-1.88439,5.22998],[-1.88723,5.22456],[-1.89455,5.23027],[-1.90459,5.22788],[-1.90582,5.2159],[-1.91589,5.20702],[-1.92876,5.20982],[-1.93928,5.1994],[-1.94868,5.20505],[-1.95131,5.21922],[-1.95731,5.22544],[-1.95651,5.2396],[-1.96232,5.25222],[-1.95014,5.28102],[-1.93847,5.28521],[-1.93675,5.29073],[-1.93072,5.29256],[-1.93107,5.29745],[-1.92726,5.29728],[-1.92995,5.31293],[-1.92665,5.31351],[-1.92365,5.32662],[-1.93006,5.33251],[-1.92908,5.34301],[-1.95569,5.34994],[-1.96399,5.33763],[-1.97125,5.33822],[-1.97351,5.34736],[-1.98206,5.34058],[-1.998,5.35353],[-2.002,5.36362],[-2.00962,5.36101],[-2.02248,5.37237],[-2.04275,5.3706],[-2.05997,5.36079],[-2.05918,5.35073],[-2.10267,5.30476],[-2.1281,5.26905],[-2.13338,5.24986],[-2.13632,5.24749],[-2.1412,5.25186],[-2.14409,5.24925],[-2.15042,5.25174],[-2.14913,5.2596],[-2.15236,5.26095],[-2.14864,5.26657],[-2.153,5.27059],[-2.17129,5.27271],[-2.17548,5.28291],[-2.1744,5.31877],[-2.18927,5.32098],[-2.18871,5.33541],[-2.20827,5.3348],[-2.21442,5.35809],[-2.22741,5.36405],[-2.23166,5.3691],[-2.22958,5.37183],[-2.24049,5.37186],[-2.23182,5.38214],[-2.23694,5.3819],[-2.24391,5.3943],[-2.24978,5.3929],[-2.26006,5.39997],[-2.26105,5.41565],[-2.26557,5.41868],[-2.25934,5.42179],[-2.26364,5.42763],[-2.25988,5.43146],[-2.26236,5.43579],[-2.25898,5.45307],[-2.25392,5.45963],[-2.25699,5.47733],[-2.26182,5.47801],[-2.25866,5.48226],[-2.26193,5.48404],[-2.25056,5.49809],[-2.25522,5.52211],[-2.24594,5.52106],[-2.24618,5.54744],[-2.2301,5.56399],[-2.20706,5.57044],[-2.19338,5.56557],[-2.19001,5.55998],[-2.18257,5.56159],[-2.17813,5.55262],[-2.16873,5.54784],[-2.15941,5.55495],[-2.16289,5.56671],[-2.17456,5.56877],[-2.17248,5.57312],[-2.16592,5.5726],[-2.17348,5.58953],[-2.16787,5.59961],[-2.17252,5.60375],[-2.16592,5.61283],[-2.15907,5.61483],[-2.16001,5.62335],[-2.15717,5.61907],[-2.15261,5.62618],[-2.114,5.61516],[-2.09902,5.61626],[-2.09334,5.60863],[-2.08338,5.62041],[-2.07177,5.61897],[-2.06582,5.6163],[-2.06155,5.60612],[-2.05467,5.62429],[-2.0412,5.63443],[-2.02764,5.63105],[-2.02471,5.62172],[-2.02326,5.63147],[-2.01558,5.63678],[-2.0091,5.63621],[-2.00066,5.62869],[-1.98687,5.63473],[-1.98067,5.62551],[-1.97644,5.6277],[-1.97597,5.62415],[-1.97255,5.62798],[-1.96639,5.62407],[-1.96523,5.63057],[-1.94691,5.63144],[-1.9407,5.65058],[-1.93127,5.65138],[-1.92389,5.66259],[-1.91704,5.66062],[-1.91099,5.67055],[-1.89313,5.66465],[-1.85622,5.69171],[-1.83868,5.69389],[-1.82964,5.68516],[-1.82661,5.67453],[-1.81804,5.67466],[-1.83218,5.59244],[-1.82446,5.5932]]]}},{"type":"Feature","properties":{"display_name":"Sekondi Takoradi","region":"Western","api_district":"Sekondi-Takoradi Metropolitan","match_resolution":"base"},"geometry":{"type":"Polygon","coordinates":[[[-1.71447,5.04297],[-1.71851,5.0371],[-1.71517,5.02604],[-1.71123,5.02101],[-1.70341,5.02038],[-1.70497,5.01512],[-1.69352,4.99095],[-1.6843,4.98932],[-1.68915,4.97792],[-1.66937,4.96821],[-1.70279,4.95514],[-1.70582,4.95081],[-1.70249,4.94635],[-1.70679,4.94627],[-1.70885,4.94054],[-1.70618,4.93366],[-1.73498,4.92355],[-1.74196,4.91629],[-1.74836,4.89499],[-1.74215,4.88752],[-1.73315,4.88816],[-1.73503,4.88153],[-1.76739,4.87492],[-1.77215,4.88031],[-1.77771,4.8802],[-1.78007,4.88589],[-1.77338,4.90026],[-1.75953,4.90473],[-1.75055,4.91778],[-1.75766,4.92374],[-1.75392,4.93157],[-1.75991,4.92896],[-1.76253,4.93157],[-1.75317,4.94275],[-1.76776,4.94462],[-1.7629,4.95505],[-1.77637,4.95021],[-1.77936,4.95692],[-1.74494,4.98301],[-1.73895,5.00165],[-1.74402,5.01767],[-1.73627,5.01518],[-1.73655,5.02726],[-1.74072,5.03344],[-1.73497,5.04334],[-1.73035,5.048],[-1.71447,5.04297]]]}},{"type":"Feature","properties":{"display_name":"Shama","region":"Western","api_district":"Shama District","match_resolution":"base"},"geometry":{"type":"Polygon","coordinates":[[[-1.58145,5.15493],[-1.58022,5.03314],[-1.60422,5.02932],[-1.62236,5.021],[-1.63352,4.99919],[-1.63119,4.99157],[-1.63561,4.98672],[-1.63467,4.98098],[-1.64072,4.97837],[-1.64319,4.97129],[-1.67411,4.96543],[-1.66937,4.96821],[-1.68915,4.97792],[-1.6843,4.98932],[-1.69352,4.99095],[-1.69704,4.99663],[-1.70497,5.01512],[-1.70341,5.02038],[-1.71173,5.02126],[-1.71538,5.0265],[-1.71851,5.0371],[-1.71312,5.04549],[-1.71514,5.05263],[-1.69898,5.05466],[-1.70648,5.06244],[-1.70157,5.08272],[-1.71747,5.10411],[-1.71087,5.10593],[-1.69998,5.10167],[-1.68961,5.10455],[-1.67556,5.09933],[-1.6643,5.10227],[-1.64889,5.09461],[-1.64988,5.10272],[-1.64173,5.11696],[-1.62775,5.1169],[-1.63489,5.12326],[-1.62628,5.13008],[-1.62219,5.1285],[-1.61921,5.1437],[-1.60105,5.15496],[-1.58145,5.15493]]]}},{"type":"Feature","properties":{"display_name":"Tarkwa Nsuaem","region":"Western","api_district":"Tarkwa-Nsuaem Municipal","match_resolution":"base"},"geometry":{"type":"Polygon","coordinates":[[[-1.85409,5.22311],[-1.84908,5.19659],[-1.88404,5.14441],[-1.89495,5.15807],[-1.92379,5.16147],[-1.93873,5.15484],[-1.93564,5.14682],[-1.95022,5.11638],[-1.94889,5.10088],[-1.95297,5.09352],[-1.95353,5.08142],[-1.9501,5.07745],[-1.95485,5.07039],[-1.95411,5.06327],[-1.94881,5.05909],[-1.95341,5.05786],[-1.94913,5.05409],[-1.95305,5.04207],[-1.94942,5.03765],[-1.95102,5.02488],[-1.97351,5.021],[-1.97671,4.98484],[-1.98858,4.97444],[-1.98032,4.96439],[-1.979,4.94965],[-1.99292,4.93469],[-1.99473,4.92645],[-1.99418,4.92211],[-1.98584,4.9197],[-1.98295,4.91305],[-1.98504,4.90464],[-2.00341,4.90083],[-2.01156,4.90285],[-2.01377,4.91361],[-2.02618,4.92005],[-2.04493,4.91564],[-2.05014,4.908],[-2.06579,4.9096],[-2.07695,4.92956],[-2.08117,4.95565],[-2.08833,4.95997],[-2.09219,5.00567],[-2.0991,5.01897],[-2.10532,5.0209],[-2.10555,5.02668],[-2.08826,5.04164],[-2.09753,5.05771],[-2.09846,5.06933],[-2.10816,5.08068],[-2.1271,5.06618],[-2.12976,5.0772],[-2.13774,5.08623],[-2.15475,5.08534],[-2.14439,5.1147],[-2.12454,5.14273],[-2.13764,5.1831],[-2.12528,5.18645],[-2.11832,5.19974],[-2.10539,5.20857],[-2.11866,5.22042],[-2.11605,5.22443],[-2.12427,5.24678],[-2.1373,5.24446],[-2.1281,5.26905],[-2.08797,5.32226],[-2.05918,5.35073],[-2.05997,5.36079],[-2.04275,5.3706],[-2.02248,5.37237],[-2.00962,5.36101],[-2.002,5.36362],[-1.998,5.35353],[-1.98206,5.34058],[-1.97351,5.34736],[-1.97125,5.33822],[-1.96399,5.33763],[-1.95569,5.34994],[-1.92908,5.34301],[-1.93006,5.33251],[-1.92365,5.32662],[-1.92665,5.31351],[-1.92995,5.31293],[-1.92726,5.29728],[-1.93107,5.29745],[-1.93072,5.29256],[-1.93675,5.29073],[-1.93847,5.28521],[-1.95014,5.28102],[-1.96232,5.25222],[-1.95651,5.2396],[-1.95731,5.22544],[-1.95131,5.21922],[-1.94868,5.20505],[-1.93928,5.1994],[-1.92876,5.20982],[-1.91589,5.20702],[-1.90582,5.2159],[-1.90459,5.22788],[-1.89455,5.23027],[-1.88723,5.22456],[-1.88439,5.22998],[-1.87265,5.23574],[-1.85409,5.22311]]]}},{"type":"Feature","properties":{"display_name":"Wassa Amenfi Central","region":"Western","api_district":"Wassa Amenfi Central District","match_resolution":"base"},"geometry":{"type":"Polygon","coordinates":[[[-2.36816,5.37788],[-2.3775,5.38648],[-2.3778,5.40675],[-2.38726,5.42123],[-2.3896,5.43767],[-2.38532,5.455],[-2.36789,5.46169],[-2.45089,5.50528],[-2.45678,5.51578],[-2.44942,5.53607],[-2.44321,5.58481],[-2.42528,5.64163],[-2.37732,5.66712],[-2.38857,5.72402],[-2.38078,5.75714],[-2.36105,5.77529],[-2.31615,5.79427],[-2.31831,5.86094],[-2.30752,5.87195],[-2.43128,5.99009],[-2.42685,5.99806],[-2.42044,6.0006],[-2.42039,6.0085],[-2.41527,6.00943],[-2.41313,6.02706],[-2.40397,6.03338],[-2.39304,6.03013],[-2.37972,6.04402],[-2.3789,6.06063],[-2.37374,6.0646],[-2.37284,6.07174],[-2.3769,6.0826],[-2.37087,6.08439],[-2.37331,6.08642],[-2.37042,6.09763],[-2.35401,6.10551],[-2.32416,6.10112],[-2.31653,6.09599],[-2.30343,6.09651],[-2.29057,6.10374],[-2.28347,6.10224],[-2.27213,6.12169],[-2.25686,6.1199],[-2.25571,6.13596],[-2.229,6.15031],[-2.21456,6.14177],[-2.20871,6.12718],[-2.21455,6.11791],[-2.20717,6.11424],[-2.20656,6.1055],[-2.19748,6.09018],[-2.19898,6.07988],[-2.19343,6.07234],[-2.19904,6.06707],[-2.19655,6.0566],[-2.19935,6.04521],[-2.19325,6.03422],[-2.19281,6.02384],[-2.1881,6.01946],[-2.19061,6.00914],[-2.1789,6.00122],[-2.18269,5.99519],[-2.17661,5.99369],[-2.17363,5.98464],[-2.16708,5.98427],[-2.16811,5.97772],[-2.16376,5.97799],[-2.15787,5.9599],[-2.16257,5.95969],[-2.16156,5.94854],[-2.1658,5.93599],[-2.16495,5.93066],[-2.16019,5.93084],[-2.16462,5.91865],[-2.16096,5.91676],[-2.16005,5.90543],[-2.16582,5.90374],[-2.16726,5.89623],[-2.16275,5.89081],[-2.16935,5.88409],[-2.15957,5.86412],[-2.166,5.86155],[-2.16356,5.85375],[-2.16854,5.85246],[-2.16436,5.83658],[-2.16731,5.83415],[-2.15834,5.82507],[-2.15733,5.81351],[-2.14862,5.80828],[-2.15253,5.8028],[-2.15773,5.80531],[-2.16054,5.7993],[-2.16482,5.80185],[-2.17114,5.79204],[-2.1631,5.77433],[-2.15496,5.77223],[-2.15837,5.76484],[-2.15513,5.75981],[-2.14638,5.76181],[-2.14747,5.75641],[-2.13542,5.75063],[-2.13536,5.73932],[-2.14055,5.73387],[-2.13479,5.73038],[-2.1494,5.70675],[-2.14185,5.69147],[-2.14529,5.68508],[-2.14239,5.67657],[-2.14704,5.67394],[-2.14596,5.66947],[-2.15702,5.6659],[-2.15613,5.65716],[-2.16452,5.65727],[-2.15869,5.64056],[-2.16366,5.63843],[-2.16637,5.6274],[-2.15907,5.61483],[-2.16592,5.61283],[-2.17252,5.60375],[-2.16787,5.59961],[-2.17348,5.58953],[-2.16592,5.5726],[-2.17248,5.57312],[-2.17456,5.56877],[-2.16289,5.56671],[-2.15896,5.55586],[-2.16873,5.54784],[-2.17813,5.55262],[-2.18257,5.56159],[-2.19001,5.55998],[-2.19338,5.56557],[-2.2048,5.57054],[-2.2301,5.56399],[-2.24635,5.54698],[-2.24594,5.52106],[-2.25522,5.52211],[-2.25056,5.49809],[-2.26193,5.48404],[-2.25866,5.48226],[-2.26182,5.47801],[-2.25699,5.47733],[-2.25395,5.45814],[-2.25898,5.45307],[-2.26236,5.43579],[-2.25988,5.43146],[-2.26364,5.42763],[-2.25934,5.42179],[-2.26557,5.41868],[-2.26105,5.41565],[-2.26006,5.39997],[-2.24978,5.3929],[-2.24391,5.3943],[-2.23694,5.3819],[-2.23182,5.38214],[-2.24049,5.37186],[-2.22958,5.37183],[-2.23166,5.3691],[-2.22741,5.36405],[-2.21847,5.36136],[-2.2111,5.35359],[-2.21405,5.34929],[-2.20684,5.33827],[-2.20786,5.32722],[-2.24978,5.32949],[-2.25576,5.33826],[-2.26212,5.33575],[-2.25995,5.34581],[-2.2762,5.3567],[-2.27646,5.34803],[-2.28239,5.34618],[-2.28911,5.35177],[-2.28941,5.34351],[-2.29734,5.34805],[-2.30534,5.33951],[-2.31611,5.34768],[-2.33057,5.351],[-2.33368,5.34784],[-2.34474,5.36444],[-2.35058,5.36383],[-2.35693,5.37564],[-2.36816,5.37788]]]}},{"type":"Feature","properties":{"display_name":"Wassa Amenfi East","region":"Western","api_district":"Wassa Amenfi East Municipal","match_resolution":"base"},"geometry":{"type":"Polygon","coordinates":[[[-2.15717,5.61907],[-2.166,5.63061],[-2.16366,5.63843],[-2.15869,5.64056],[-2.16452,5.65727],[-2.15613,5.65716],[-2.15702,5.6659],[-2.14596,5.66947],[-2.14704,5.67394],[-2.14239,5.67657],[-2.14529,5.68508],[-2.14185,5.69147],[-2.1494,5.70675],[-2.13559,5.7261],[-2.13482,5.73111],[-2.14055,5.73387],[-2.13536,5.73932],[-2.13504,5.74991],[-2.14747,5.75641],[-2.14638,5.76181],[-2.15513,5.75981],[-2.15837,5.76484],[-2.15496,5.77223],[-2.1631,5.77433],[-2.17114,5.79204],[-2.16482,5.80185],[-2.16054,5.7993],[-2.15773,5.80531],[-2.15253,5.8028],[-2.14862,5.80828],[-2.15733,5.81351],[-2.15834,5.82507],[-2.16731,5.83415],[-2.16436,5.83658],[-2.16854,5.85246],[-2.16356,5.85375],[-2.166,5.86155],[-2.15957,5.86412],[-2.16935,5.88409],[-2.16275,5.89081],[-2.16726,5.89623],[-2.16582,5.90374],[-2.16005,5.90543],[-2.16096,5.91676],[-2.16462,5.91865],[-2.16019,5.93084],[-2.16495,5.93066],[-2.1658,5.93599],[-2.16156,5.94854],[-2.16257,5.95969],[-2.15787,5.9599],[-2.16376,5.97799],[-2.16811,5.97772],[-2.16708,5.98427],[-2.17363,5.98464],[-2.17661,5.99369],[-2.18269,5.99519],[-2.1789,6.00122],[-2.19061,6.00914],[-2.1881,6.01946],[-2.19281,6.02384],[-2.19325,6.03422],[-2.19935,6.04521],[-2.19655,6.0566],[-2.19904,6.06707],[-2.19344,6.07345],[-2.19898,6.07988],[-2.19748,6.09018],[-2.20656,6.1055],[-2.20717,6.11424],[-2.21455,6.11791],[-2.20871,6.12718],[-2.21456,6.14177],[-2.189,6.14718],[-2.18174,6.121],[-2.17112,6.12365],[-2.16237,6.11981],[-2.15437,6.10632],[-2.14115,6.09974],[-2.14027,6.09119],[-2.12992,6.09288],[-2.05868,6.07153],[-2.04761,6.05922],[-2.05151,6.05001],[-2.02771,6.04257],[-2.01824,6.02768],[-1.99221,6.02156],[-1.9853,6.01647],[-1.98401,6.00999],[-1.96849,6.00108],[-1.95381,5.98431],[-1.94435,5.98348],[-1.93923,5.96966],[-1.93921,5.95584],[-1.92814,5.94257],[-1.90902,5.93718],[-1.91017,5.92824],[-1.90315,5.91741],[-1.89204,5.91583],[-1.88784,5.90854],[-1.88808,5.8976],[-1.87968,5.88936],[-1.86962,5.88386],[-1.85908,5.88613],[-1.85395,5.89544],[-1.8418,5.90168],[-1.83669,5.89543],[-1.82585,5.89942],[-1.81616,5.89095],[-1.81372,5.86782],[-1.8228,5.8538],[-1.83191,5.82081],[-1.8407,5.80455],[-1.84466,5.80496],[-1.83648,5.79072],[-1.83409,5.79402],[-1.82977,5.79197],[-1.8288,5.78648],[-1.84005,5.78181],[-1.85073,5.76758],[-1.81114,5.75945],[-1.80099,5.75095],[-1.80061,5.74463],[-1.81363,5.73667],[-1.81664,5.72483],[-1.78653,5.73262],[-1.78379,5.72548],[-1.79103,5.70979],[-1.79182,5.69555],[-1.81268,5.676],[-1.8262,5.67417],[-1.82964,5.68516],[-1.83868,5.69389],[-1.85622,5.69171],[-1.89313,5.66465],[-1.9056,5.6711],[-1.91099,5.67055],[-1.91905,5.6596],[-1.92433,5.66237],[-1.93127,5.65138],[-1.94227,5.64879],[-1.941,5.64308],[-1.94691,5.63144],[-1.96523,5.63057],[-1.96639,5.62407],[-1.97255,5.62798],[-1.97597,5.62415],[-1.97644,5.6277],[-1.98067,5.62551],[-1.98687,5.63473],[-2.00066,5.62869],[-2.0091,5.63621],[-2.01558,5.63678],[-2.02326,5.63147],[-2.02471,5.62172],[-2.02764,5.63105],[-2.0412,5.63443],[-2.05467,5.62429],[-2.06155,5.60612],[-2.06582,5.6163],[-2.07177,5.61897],[-2.08338,5.62041],[-2.09334,5.60863],[-2.10152,5.61676],[-2.114,5.61516],[-2.15261,5.62618],[-2.15717,5.61907]]]}},{"type":"Feature","properties":{"display_name":"Wassa Amenfi West","region":"Western","api_district":"Wassa Amenfi West District","match_resolution":"base"},"geometry":{"type":"Polygon","coordinates":[[[-2.61782,5.41248],[-2.61785,5.42553],[-2.61006,5.43242],[-2.61038,5.44862],[-2.60105,5.45413],[-2.60406,5.46551],[-2.59065,5.4648],[-2.59113,5.4694],[-2.60006,5.47035],[-2.59753,5.48612],[-2.57945,5.48631],[-2.58477,5.49888],[-2.57878,5.51371],[-2.58205,5.51766],[-2.59173,5.51851],[-2.59861,5.51232],[-2.60435,5.52648],[-2.59596,5.52537],[-2.59821,5.53495],[-2.59124,5.54638],[-2.58048,5.54858],[-2.57916,5.54308],[-2.57221,5.54192],[-2.5692,5.5549],[-2.57689,5.56241],[-2.56904,5.55912],[-2.56674,5.58114],[-2.55888,5.58167],[-2.56156,5.58772],[-2.56924,5.58714],[-2.57157,5.59093],[-2.56558,5.59686],[-2.56898,5.6086],[-2.58207,5.62325],[-2.57981,5.62744],[-2.57325,5.62766],[-2.57336,5.64796],[-2.55776,5.64142],[-2.55313,5.64666],[-2.55849,5.66048],[-2.57635,5.65774],[-2.58028,5.6649],[-2.57435,5.66371],[-2.57471,5.67375],[-2.56351,5.67665],[-2.56566,5.68164],[-2.57454,5.67827],[-2.57201,5.69043],[-2.55888,5.68487],[-2.55104,5.68968],[-2.55989,5.70213],[-2.55666,5.70725],[-2.56892,5.71125],[-2.56604,5.724],[-2.58128,5.74084],[-2.59269,5.74292],[-2.59376,5.73387],[-2.59799,5.733],[-2.60736,5.73692],[-2.59609,5.75219],[-2.57783,5.76036],[-2.5712,5.76939],[-2.57848,5.78513],[-2.57176,5.79188],[-2.58122,5.79521],[-2.58204,5.80781],[-2.57162,5.80705],[-2.5684,5.81086],[-2.55654,5.79419],[-2.53613,5.79747],[-2.5251,5.79524],[-2.52957,5.78573],[-2.50881,5.77728],[-2.50628,5.78259],[-2.49776,5.78505],[-2.49867,5.79051],[-2.5031,5.79224],[-2.49548,5.79641],[-2.50197,5.80102],[-2.50148,5.81001],[-2.4978,5.80954],[-2.49449,5.80066],[-2.48273,5.80202],[-2.48756,5.81217],[-2.48601,5.82569],[-2.49612,5.82278],[-2.50602,5.82709],[-2.50974,5.82348],[-2.51772,5.82483],[-2.51215,5.83467],[-2.52059,5.83538],[-2.51303,5.86521],[-2.50406,5.86307],[-2.50489,5.87057],[-2.49979,5.87304],[-2.49612,5.86707],[-2.48714,5.86991],[-2.49879,5.88751],[-2.49808,5.89602],[-2.51028,5.89913],[-2.50983,5.91453],[-2.49785,5.91444],[-2.49717,5.91716],[-2.50568,5.92316],[-2.50202,5.9264],[-2.51057,5.94634],[-2.50757,5.95004],[-2.51645,5.95438],[-2.51507,5.96695],[-2.53076,5.96907],[-2.5347,5.96533],[-2.53847,5.97848],[-2.5584,5.97867],[-2.55724,5.98391],[-2.54965,5.98744],[-2.55,5.99259],[-2.53702,6.00348],[-2.51156,6.04354],[-2.5041,6.04927],[-2.50427,6.05431],[-2.49928,6.05346],[-2.49936,6.05892],[-2.48932,6.0646],[-2.50599,6.0725],[-2.50679,6.08303],[-2.49631,6.09269],[-2.48233,6.09619],[-2.47599,6.10802],[-2.47094,6.10957],[-2.46065,6.10972],[-2.45167,6.09967],[-2.44405,6.11684],[-2.43863,6.11988],[-2.4324,6.11451],[-2.43383,6.10699],[-2.41272,6.08829],[-2.39916,6.08984],[-2.39127,6.08432],[-2.37737,6.0829],[-2.37284,6.07174],[-2.37374,6.0646],[-2.3789,6.06063],[-2.37972,6.04402],[-2.39304,6.03013],[-2.40397,6.03338],[-2.41313,6.02706],[-2.41527,6.00943],[-2.42039,6.0085],[-2.42044,6.0006],[-2.42685,5.99806],[-2.43128,5.99009],[-2.30752,5.87195],[-2.31831,5.86094],[-2.31615,5.79427],[-2.36105,5.77529],[-2.38078,5.75714],[-2.38857,5.72402],[-2.37732,5.66712],[-2.42528,5.64163],[-2.44321,5.58481],[-2.44942,5.53607],[-2.45678,5.51578],[-2.45089,5.50528],[-2.36789,5.46169],[-2.38532,5.455],[-2.3896,5.43767],[-2.38726,5.42123],[-2.3778,5.40675],[-2.3775,5.38648],[-2.36813,5.37719],[-2.37587,5.37562],[-2.38434,5.37976],[-2.40329,5.37671],[-2.40835,5.37981],[-2.41494,5.37522],[-2.43235,5.38178],[-2.44012,5.37932],[-2.47939,5.40067],[-2.49004,5.39973],[-2.49929,5.37832],[-2.49481,5.3758],[-2.50433,5.3723],[-2.51479,5.37719],[-2.52747,5.3709],[-2.53205,5.37512],[-2.58509,5.37782],[-2.59044,5.38036],[-2.58988,5.39068],[-2.59942,5.41517],[-2.60702,5.41282],[-2.61228,5.41643],[-2.61339,5.41152],[-2.61782,5.41248]]]}},{"type":"Feature","properties":{"display_name":"Wassa East","region":"Western","api_district":"Wassa East District","match_resolution":"base"},"geometry":{"type":"Polygon","coordinates":[[[-1.57034,5.15838],[-1.60105,5.15496],[-1.61467,5.14747],[-1.61955,5.14329],[-1.62219,5.1285],[-1.62628,5.13008],[-1.63489,5.12326],[-1.62775,5.1169],[-1.64173,5.11696],[-1.64988,5.10272],[-1.64889,5.09461],[-1.65398,5.09482],[-1.6643,5.10227],[-1.68516,5.10031],[-1.68143,5.10867],[-1.68641,5.11728],[-1.71742,5.11752],[-1.74405,5.13641],[-1.77133,5.12817],[-1.78188,5.13174],[-1.79024,5.13733],[-1.78945,5.14339],[-1.79744,5.14961],[-1.79527,5.15342],[-1.8028,5.16493],[-1.85472,5.18999],[-1.84908,5.19659],[-1.85409,5.22311],[-1.82519,5.24603],[-1.79535,5.27825],[-1.7584,5.31018],[-1.76834,5.34232],[-1.79814,5.39037],[-1.82215,5.44681],[-1.81496,5.45397],[-1.8141,5.46657],[-1.81999,5.47641],[-1.82642,5.47834],[-1.82516,5.4834],[-1.81328,5.4986],[-1.80054,5.50078],[-1.80076,5.50877],[-1.7832,5.53373],[-1.79591,5.54384],[-1.80662,5.53773],[-1.81339,5.54212],[-1.81811,5.54045],[-1.82092,5.55434],[-1.81625,5.56147],[-1.81659,5.57626],[-1.82446,5.5932],[-1.75058,5.62689],[-1.73772,5.6236],[-1.71952,5.63019],[-1.71347,5.63639],[-1.6857,5.64227],[-1.67846,5.63472],[-1.67636,5.60808],[-1.658,5.61823],[-1.64596,5.61791],[-1.62312,5.6018],[-1.61767,5.58518],[-1.60962,5.5757],[-1.60756,5.56353],[-1.59464,5.56491],[-1.59035,5.55443],[-1.594,5.52988],[-1.60812,5.5319],[-1.61622,5.5188],[-1.6127,5.46578],[-1.60223,5.45653],[-1.60167,5.45061],[-1.62249,5.4401],[-1.62885,5.42199],[-1.62313,5.42029],[-1.62084,5.42597],[-1.61288,5.42131],[-1.60909,5.42336],[-1.59651,5.41074],[-1.57874,5.41047],[-1.56299,5.41535],[-1.54741,5.40613],[-1.52574,5.40294],[-1.51386,5.39268],[-1.50238,5.40135],[-1.48934,5.39924],[-1.47863,5.38937],[-1.47481,5.37773],[-1.46209,5.38188],[-1.45662,5.34802],[-1.44657,5.33987],[-1.43736,5.33832],[-1.41413,5.31791],[-1.39979,5.298],[-1.4277,5.28905],[-1.43551,5.26755],[-1.44409,5.26781],[-1.44863,5.22964],[-1.44632,5.21013],[-1.46178,5.20722],[-1.4812,5.20995],[-1.49052,5.20629],[-1.5099,5.20827],[-1.52276,5.19964],[-1.52506,5.17067],[-1.53302,5.17372],[-1.53834,5.16339],[-1.56739,5.1584],[-1.56842,5.16251],[-1.57034,5.15838]]]}},{"type":"Feature","properties":{"display_name":"Aowin","region":"Western North","api_district":"Aowin Municipal","match_resolution":"base"},"geometry":{"type":"Polygon","coordinates":[[[-2.90829,6.04159],[-2.90651,6.02395],[-2.91009,6.02173],[-2.90588,6.00462],[-2.90085,6.00666],[-2.88709,5.99899],[-2.88621,5.98343],[-2.87675,5.97468],[-2.7498,5.96361],[-2.72443,5.98924],[-2.66443,5.97543],[-2.67954,5.96266],[-2.68342,5.94863],[-2.67693,5.93718],[-2.67393,5.94683],[-2.65594,5.96515],[-2.64648,5.95975],[-2.62399,5.97043],[-2.61557,5.96227],[-2.60724,5.96219],[-2.60008,5.97029],[-2.59267,5.96733],[-2.58539,5.97475],[-2.56777,5.96993],[-2.56012,5.97833],[-2.54261,5.97996],[-2.53847,5.97848],[-2.5347,5.96533],[-2.53076,5.96907],[-2.51507,5.96695],[-2.51645,5.95438],[-2.50757,5.95004],[-2.51057,5.94634],[-2.50332,5.93463],[-2.50202,5.9264],[-2.50568,5.92316],[-2.49717,5.91716],[-2.49785,5.91444],[-2.50983,5.91453],[-2.51028,5.89913],[-2.49808,5.89602],[-2.49879,5.88751],[-2.48714,5.86991],[-2.49612,5.86707],[-2.49979,5.87304],[-2.50489,5.87057],[-2.50406,5.86307],[-2.51303,5.86521],[-2.52059,5.83538],[-2.51215,5.83467],[-2.51772,5.82483],[-2.50974,5.82348],[-2.50602,5.82709],[-2.49612,5.82278],[-2.48601,5.82569],[-2.48756,5.81217],[-2.48273,5.80202],[-2.49449,5.80066],[-2.4978,5.80954],[-2.50148,5.81001],[-2.50197,5.80102],[-2.49548,5.79641],[-2.5031,5.79224],[-2.49867,5.79051],[-2.49776,5.78505],[-2.50628,5.78259],[-2.50881,5.77728],[-2.52957,5.78573],[-2.5251,5.79524],[-2.53613,5.79747],[-2.55654,5.79419],[-2.5684,5.81086],[-2.57162,5.80705],[-2.58204,5.80781],[-2.58122,5.79521],[-2.57176,5.79188],[-2.57848,5.78513],[-2.5712,5.76939],[-2.57783,5.76036],[-2.59609,5.75219],[-2.60736,5.73692],[-2.59799,5.733],[-2.59376,5.73387],[-2.59269,5.74292],[-2.58128,5.74084],[-2.56604,5.724],[-2.56892,5.71125],[-2.55666,5.70725],[-2.55989,5.70213],[-2.55104,5.68968],[-2.55888,5.68487],[-2.57201,5.69043],[-2.57454,5.67827],[-2.56566,5.68164],[-2.56351,5.67665],[-2.57188,5.67613],[-2.57549,5.67228],[-2.57391,5.66423],[-2.58066,5.66249],[-2.57635,5.65774],[-2.55899,5.6608],[-2.55313,5.64666],[-2.55776,5.64142],[-2.57336,5.64796],[-2.57325,5.62766],[-2.57981,5.62744],[-2.58207,5.62325],[-2.56898,5.6086],[-2.56558,5.59686],[-2.57157,5.59093],[-2.56924,5.58714],[-2.56156,5.58772],[-2.55888,5.58167],[-2.56674,5.58114],[-2.56904,5.55912],[-2.57689,5.56241],[-2.5692,5.5549],[-2.57221,5.54192],[-2.57916,5.54308],[-2.58048,5.54858],[-2.59124,5.54638],[-2.59821,5.53495],[-2.59596,5.52537],[-2.60435,5.52648],[-2.59861,5.51232],[-2.59173,5.51851],[-2.58205,5.51766],[-2.57878,5.51371],[-2.58477,5.49888],[-2.57962,5.48577],[-2.59753,5.48612],[-2.60006,5.47035],[-2.59113,5.4694],[-2.59065,5.4648],[-2.60406,5.46551],[-2.60105,5.45413],[-2.61038,5.44862],[-2.61006,5.43242],[-2.61785,5.42553],[-2.62054,5.40864],[-2.63091,5.40221],[-2.65221,5.37726],[-2.67115,5.36793],[-2.67882,5.35405],[-2.68679,5.34832],[-2.6928,5.34872],[-2.69755,5.34268],[-2.71466,5.34922],[-2.72059,5.34591],[-2.72416,5.35746],[-2.72419,5.38776],[-2.74781,5.43789],[-2.76827,5.55437],[-2.76135,5.59932],[-2.7789,5.60579],[-2.77534,5.6151],[-2.78503,5.61424],[-2.78629,5.62481],[-2.7903,5.62338],[-2.7927,5.6279],[-2.79334,5.62321],[-2.80713,5.61829],[-2.8051,5.62127],[-2.81055,5.62489],[-2.80871,5.6273],[-2.82219,5.62639],[-2.82855,5.63449],[-2.84588,5.64274],[-2.84867,5.64862],[-2.85619,5.64932],[-2.85835,5.65708],[-2.86857,5.64508],[-2.88209,5.64009],[-2.88604,5.63473],[-2.89993,5.62922],[-2.92074,5.62799],[-2.92443,5.62124],[-2.93447,5.61976],[-2.94756,5.63662],[-2.96665,5.64061],[-2.96102,5.66965],[-2.95333,5.67383],[-2.95273,5.71598],[-3.02608,5.70973],[-3.02051,5.85709],[-3.07282,5.98254],[-3.04764,5.99557],[-3.00238,6.01067],[-2.95289,6.0458],[-2.94309,6.03495],[-2.90829,6.04159]]]}},{"type":"Feature","properties":{"display_name":"Bia East","region":"Western North","api_district":"Bia East District","match_resolution":"base"},"geometry":{"type":"Polygon","coordinates":[[[-2.86481,6.85163],[-2.85412,6.83159],[-2.85929,6.82413],[-2.85803,6.81971],[-2.84871,6.81604],[-2.84843,6.81071],[-2.8428,6.80642],[-2.84888,6.79971],[-2.83754,6.78867],[-2.84984,6.77281],[-2.84081,6.75868],[-2.84131,6.75032],[-2.84618,6.74695],[-2.84574,6.74121],[-2.85885,6.73215],[-2.85793,6.72689],[-2.86591,6.71869],[-2.86462,6.71298],[-2.85932,6.71151],[-2.86228,6.70462],[-2.85819,6.69833],[-2.86232,6.69709],[-2.86167,6.6933],[-2.85571,6.68249],[-2.84949,6.67923],[-2.84807,6.66903],[-2.85726,6.65978],[-2.87338,6.65754],[-2.88088,6.64652],[-2.88943,6.65192],[-2.89349,6.645],[-2.90152,6.64508],[-2.94859,6.68728],[-2.94338,6.74333],[-2.94824,6.74794],[-2.99492,6.76243],[-3.01486,6.76038],[-3.0671,6.76874],[-3.08181,6.77766],[-3.094,6.79962],[-3.13249,6.80648],[-3.15686,6.79717],[-3.16343,6.81502],[-3.1829,6.82206],[-3.22575,6.82487],[-3.11656,7.00587],[-3.09971,6.99426],[-3.09223,6.97965],[-3.07558,6.97187],[-3.07198,6.96302],[-3.07278,6.94368],[-3.06517,6.93953],[-3.04563,6.93824],[-3.03387,6.92745],[-3.0167,6.93095],[-3.01282,6.93661],[-2.99603,6.94047],[-2.98869,6.94644],[-2.96903,6.93705],[-2.9386,6.9414],[-2.92854,6.92917],[-2.9198,6.92492],[-2.91849,6.91797],[-2.90533,6.90622],[-2.89627,6.89291],[-2.89676,6.8875],[-2.88594,6.87955],[-2.87165,6.8537],[-2.86481,6.85163]]]}},{"type":"Feature","properties":{"display_name":"Bia West","region":"Western North","api_district":"Bia West District","match_resolution":"base"},"geometry":{"type":"Polygon","coordinates":[[[-3.22619,6.82456],[-3.1829,6.82206],[-3.16343,6.81502],[-3.15686,6.79717],[-3.13249,6.80648],[-3.094,6.79962],[-3.08181,6.77766],[-3.0671,6.76874],[-3.01486,6.76038],[-2.99492,6.76243],[-2.94824,6.74794],[-2.94338,6.74333],[-2.94859,6.68728],[-2.90152,6.64508],[-2.89349,6.645],[-2.88943,6.65192],[-2.88195,6.6458],[-2.87815,6.62386],[-2.88177,6.62045],[-2.87319,6.6117],[-2.87463,6.60559],[-2.87923,6.60491],[-2.87943,6.59838],[-2.89004,6.59373],[-2.89052,6.58392],[-2.89611,6.58184],[-2.89326,6.5768],[-2.89818,6.5712],[-2.89522,6.5597],[-2.90049,6.55544],[-2.90595,6.55654],[-2.90697,6.55163],[-2.91717,6.55129],[-2.92248,6.54225],[-2.92022,6.53605],[-2.92379,6.53172],[-2.91945,6.5255],[-2.92471,6.52296],[-2.92354,6.51178],[-2.9289,6.51235],[-2.9308,6.50693],[-2.92987,6.49879],[-2.92539,6.49518],[-2.9377,6.4869],[-2.96954,6.50507],[-2.99838,6.50883],[-3.00309,6.50388],[-3.0175,6.50479],[-3.01987,6.51708],[-3.0296,6.52725],[-3.0247,6.53365],[-3.03706,6.53987],[-3.03744,6.50817],[-3.06898,6.53017],[-3.08204,6.52441],[-3.08239,6.51879],[-3.11998,6.46481],[-3.11089,6.43635],[-3.09267,6.42053],[-3.09953,6.38453],[-3.09161,6.34902],[-3.10105,6.35893],[-3.1264,6.36456],[-3.13594,6.35742],[-3.13954,6.34934],[-3.1513,6.34592],[-3.16338,6.32486],[-3.1652,6.31283],[-3.17696,6.31289],[-3.18576,6.32596],[-3.1865,6.34291],[-3.23664,6.53873],[-3.23415,6.59647],[-3.26206,6.61761],[-3.25666,6.64386],[-3.24368,6.66548],[-3.23526,6.66767],[-3.23667,6.67641],[-3.23108,6.68067],[-3.23272,6.68631],[-3.22782,6.69126],[-3.23216,6.70059],[-3.2223,6.70522],[-3.209,6.73163],[-3.21784,6.74885],[-3.21191,6.7553],[-3.22717,6.76779],[-3.2313,6.77665],[-3.23184,6.82114],[-3.22619,6.82456]]]}},{"type":"Feature","properties":{"display_name":"Bibiani-Anhwiaso-Bekwai-","region":"Western North","api_district":"Bibiani-Anhwiaso-Bekwai Municipal","match_resolution":"base"},"geometry":{"type":"Polygon","coordinates":[[[-2.21456,6.14177],[-2.22998,6.15017],[-2.25571,6.13596],[-2.25686,6.1199],[-2.27116,6.12232],[-2.28347,6.10224],[-2.29176,6.10344],[-2.30343,6.09651],[-2.31875,6.0963],[-2.32416,6.10112],[-2.35401,6.10551],[-2.36056,6.10025],[-2.36212,6.10054],[-2.34175,6.12652],[-2.34188,6.13712],[-2.34531,6.14017],[-2.33688,6.16712],[-2.34363,6.17034],[-2.35214,6.1863],[-2.37463,6.1953],[-2.37315,6.20692],[-2.38339,6.21255],[-2.38479,6.22508],[-2.38233,6.2281],[-2.37046,6.2252],[-2.36093,6.24439],[-2.35044,6.24531],[-2.34777,6.25511],[-2.35391,6.26539],[-2.36525,6.27263],[-2.36818,6.28323],[-2.38224,6.28689],[-2.3906,6.30146],[-2.40247,6.3095],[-2.39956,6.34169],[-2.38982,6.33426],[-2.38991,6.34647],[-2.38486,6.35038],[-2.38101,6.34682],[-2.37825,6.34931],[-2.36186,6.38481],[-2.35113,6.39514],[-2.34402,6.43369],[-2.34984,6.43465],[-2.35084,6.44722],[-2.35516,6.4475],[-2.34897,6.45538],[-2.36,6.47721],[-2.35219,6.48413],[-2.34364,6.48237],[-2.33738,6.49327],[-2.31011,6.48985],[-2.30413,6.48353],[-2.29355,6.49162],[-2.27904,6.48703],[-2.26263,6.49113],[-2.23994,6.47215],[-2.23009,6.45005],[-2.23168,6.42067],[-2.22586,6.41778],[-2.22767,6.40842],[-2.21541,6.36376],[-2.21661,6.34473],[-2.22243,6.33977],[-2.22712,6.31997],[-2.20006,6.3545],[-2.17269,6.36488],[-2.15256,6.35442],[-2.14911,6.34845],[-2.13647,6.34796],[-2.12465,6.33677],[-2.12118,6.3291],[-2.12755,6.31882],[-2.12408,6.30121],[-2.11951,6.30772],[-2.09936,6.30927],[-2.07425,6.29447],[-2.07958,6.29049],[-2.0772,6.28658],[-2.08028,6.27511],[-2.09864,6.23991],[-2.10661,6.24604],[-2.12659,6.25029],[-2.13139,6.25894],[-2.17555,6.21433],[-2.20593,6.19797],[-2.189,6.14718],[-2.21456,6.14177]]]}},{"type":"Feature","properties":{"display_name":"Bodi","region":"Western North","api_district":"Bodi District","match_resolution":"base"},"geometry":{"type":"Polygon","coordinates":[[[-2.94824,6.16543],[-2.95966,6.16449],[-2.95673,6.17987],[-2.95975,6.19191],[-2.96657,6.19806],[-2.98608,6.20549],[-2.99558,6.19307],[-3.02068,6.2117],[-3.03092,6.21016],[-3.02964,6.25084],[-3.02541,6.26907],[-3.018,6.27638],[-2.989,6.26308],[-2.96122,6.26666],[-2.96031,6.27472],[-2.94836,6.28275],[-2.94896,6.28876],[-2.93616,6.29158],[-2.94207,6.30523],[-2.93482,6.31382],[-2.90707,6.32435],[-2.87993,6.31512],[-2.87029,6.31965],[-2.85071,6.31506],[-2.83089,6.3175],[-2.81676,6.32272],[-2.82391,6.33075],[-2.81273,6.33333],[-2.80657,6.3392],[-2.79546,6.33551],[-2.78682,6.3374],[-2.76379,6.31621],[-2.72241,6.37401],[-2.73147,6.37974],[-2.72864,6.39256],[-2.71883,6.39646],[-2.71127,6.38494],[-2.70429,6.38127],[-2.70056,6.38644],[-2.69215,6.38152],[-2.67862,6.38793],[-2.67098,6.37346],[-2.66059,6.3707],[-2.65751,6.36082],[-2.66171,6.35636],[-2.64906,6.34718],[-2.64701,6.33579],[-2.62814,6.32213],[-2.62793,6.31449],[-2.62412,6.31214],[-2.63418,6.31188],[-2.63713,6.30459],[-2.63526,6.28232],[-2.64354,6.27021],[-2.66465,6.27369],[-2.68692,6.26296],[-2.67633,6.2485],[-2.68601,6.23507],[-2.69608,6.23719],[-2.70507,6.23351],[-2.71452,6.23856],[-2.72222,6.23458],[-2.72049,6.22875],[-2.72548,6.23156],[-2.74576,6.22376],[-2.76148,6.17399],[-2.78019,6.1499],[-2.77312,6.11839],[-2.83681,6.08353],[-2.84343,6.09043],[-2.84442,6.10304],[-2.83865,6.11553],[-2.84623,6.13179],[-2.84548,6.14141],[-2.85255,6.14307],[-2.85552,6.15078],[-2.87518,6.1657],[-2.88113,6.18593],[-2.88939,6.19052],[-2.89035,6.19534],[-2.89398,6.18975],[-2.90141,6.18965],[-2.90436,6.18369],[-2.90785,6.18552],[-2.90869,6.17954],[-2.91286,6.18457],[-2.92141,6.18277],[-2.92641,6.17525],[-2.9326,6.17575],[-2.94117,6.16863],[-2.94373,6.17077],[-2.94824,6.16543]]]}},{"type":"Feature","properties":{"display_name":"Juaboso","region":"Western North","api_district":"Juaboso District","match_resolution":"base"},"geometry":{"type":"Polygon","coordinates":[[[-3.03136,6.22585],[-3.04573,6.22845],[-3.05869,6.21912],[-3.0813,6.22237],[-3.0889,6.23087],[-3.11209,6.22935],[-3.11801,6.23339],[-3.12521,6.22675],[-3.12428,6.21813],[-3.13094,6.20807],[-3.15481,6.25223],[-3.1743,6.25157],[-3.17073,6.29421],[-3.17696,6.31289],[-3.1652,6.31283],[-3.16338,6.32486],[-3.1513,6.34592],[-3.13954,6.34934],[-3.13594,6.35742],[-3.12491,6.36512],[-3.10105,6.35893],[-3.09161,6.34902],[-3.09953,6.38453],[-3.09267,6.42053],[-3.11089,6.43635],[-3.11998,6.46481],[-3.08239,6.51879],[-3.08204,6.52441],[-3.06898,6.53017],[-3.03744,6.50817],[-3.03706,6.53987],[-3.0247,6.53365],[-3.0296,6.52725],[-3.01987,6.51708],[-3.0175,6.50479],[-3.00309,6.50388],[-2.99838,6.50883],[-2.96954,6.50507],[-2.9377,6.4869],[-2.92539,6.49518],[-2.92987,6.49879],[-2.9308,6.50693],[-2.9289,6.51235],[-2.92354,6.51178],[-2.92471,6.52296],[-2.91945,6.5255],[-2.92379,6.53172],[-2.92022,6.53605],[-2.92248,6.54225],[-2.91717,6.55129],[-2.90697,6.55163],[-2.90595,6.55654],[-2.90049,6.55544],[-2.89522,6.5597],[-2.89818,6.5712],[-2.89326,6.5768],[-2.89611,6.58184],[-2.89052,6.58392],[-2.88965,6.59433],[-2.87956,6.59828],[-2.87881,6.60567],[-2.87463,6.60559],[-2.87319,6.6117],[-2.88177,6.62045],[-2.87833,6.628],[-2.88263,6.64053],[-2.87972,6.65084],[-2.87412,6.65416],[-2.86637,6.64976],[-2.87158,6.64172],[-2.86942,6.63823],[-2.85137,6.64293],[-2.84418,6.6365],[-2.83274,6.63473],[-2.83093,6.62676],[-2.82453,6.62603],[-2.81602,6.61669],[-2.80367,6.61605],[-2.80084,6.60703],[-2.78895,6.60156],[-2.78463,6.59489],[-2.77979,6.57577],[-2.76305,6.58444],[-2.74811,6.58066],[-2.72732,6.58882],[-2.70185,6.58527],[-2.68113,6.57201],[-2.67413,6.50537],[-2.68492,6.49353],[-2.74387,6.48432],[-2.72961,6.45614],[-2.71608,6.45869],[-2.71821,6.43406],[-2.72584,6.42313],[-2.71774,6.41243],[-2.71659,6.40139],[-2.72991,6.38828],[-2.73147,6.37974],[-2.72241,6.37401],[-2.76379,6.31621],[-2.78682,6.3374],[-2.79546,6.33551],[-2.80657,6.3392],[-2.81273,6.33333],[-2.82391,6.33075],[-2.81676,6.32272],[-2.82539,6.31837],[-2.85071,6.31506],[-2.87029,6.31965],[-2.87993,6.31512],[-2.90707,6.32435],[-2.92425,6.31945],[-2.94207,6.30523],[-2.93616,6.29158],[-2.94896,6.28876],[-2.94836,6.28275],[-2.96031,6.27472],[-2.96122,6.26666],[-2.989,6.26308],[-3.018,6.27638],[-3.02541,6.26907],[-3.03136,6.22585]]]}},{"type":"Feature","properties":{"display_name":"Sefwi-Akontombra","region":"Western North","api_district":"Sefwi-Akontombra District","match_resolution":"base"},"geometry":{"type":"Polygon","coordinates":[[[-2.55682,5.98465],[-2.56777,5.96993],[-2.58539,5.97475],[-2.59267,5.96733],[-2.59955,5.97052],[-2.60724,5.96219],[-2.61557,5.96227],[-2.62399,5.97043],[-2.64648,5.95975],[-2.65594,5.96515],[-2.67393,5.94683],[-2.67693,5.93718],[-2.68342,5.94863],[-2.67954,5.96266],[-2.66443,5.97543],[-2.72443,5.98924],[-2.7498,5.96361],[-2.8808,5.97639],[-2.8891,5.99084],[-2.88709,5.99899],[-2.90085,6.00666],[-2.90588,6.00462],[-2.91009,6.02173],[-2.90651,6.02395],[-2.9094,6.04466],[-2.92579,6.06196],[-2.93541,6.05889],[-2.94998,6.07102],[-2.94833,6.07729],[-2.92933,6.08274],[-2.9221,6.10919],[-2.9295,6.12372],[-2.92503,6.128],[-2.9413,6.14974],[-2.94774,6.16656],[-2.93216,6.17593],[-2.92641,6.17525],[-2.92141,6.18277],[-2.91286,6.18457],[-2.90869,6.17954],[-2.90785,6.18552],[-2.90436,6.18369],[-2.90141,6.18965],[-2.89398,6.18975],[-2.8921,6.1943],[-2.89035,6.19534],[-2.88939,6.19052],[-2.88113,6.18593],[-2.87518,6.1657],[-2.85552,6.15078],[-2.85255,6.14307],[-2.84548,6.14141],[-2.84623,6.13179],[-2.83865,6.11553],[-2.84442,6.10304],[-2.84343,6.09043],[-2.83681,6.08353],[-2.77312,6.11839],[-2.78019,6.1499],[-2.76148,6.17399],[-2.74576,6.22376],[-2.72548,6.23156],[-2.72049,6.22875],[-2.72222,6.23458],[-2.71452,6.23856],[-2.70489,6.23351],[-2.69608,6.23719],[-2.68601,6.23507],[-2.6812,6.23967],[-2.67657,6.23234],[-2.67143,6.23314],[-2.66488,6.22271],[-2.64994,6.22266],[-2.62675,6.23882],[-2.61376,6.23513],[-2.59146,6.25093],[-2.58657,6.2417],[-2.5659,6.23344],[-2.56481,6.22547],[-2.57146,6.21813],[-2.57738,6.21975],[-2.57403,6.21672],[-2.58208,6.21035],[-2.57964,6.20511],[-2.57818,6.20773],[-2.57667,6.20422],[-2.57472,6.20668],[-2.56873,6.20319],[-2.5672,6.19257],[-2.54982,6.19354],[-2.5443,6.19793],[-2.53562,6.19116],[-2.51614,6.18773],[-2.5308,6.17698],[-2.51219,6.17164],[-2.5117,6.14967],[-2.46692,6.14851],[-2.4449,6.15428],[-2.45084,6.14171],[-2.44579,6.13467],[-2.44517,6.11504],[-2.44897,6.10208],[-2.45245,6.10016],[-2.46065,6.10972],[-2.47599,6.10802],[-2.48233,6.09619],[-2.49631,6.09269],[-2.50679,6.08303],[-2.50599,6.0725],[-2.48932,6.0646],[-2.49936,6.05892],[-2.49928,6.05346],[-2.50427,6.05431],[-2.50589,6.0466],[-2.51156,6.04354],[-2.53702,6.00348],[-2.55,5.99259],[-2.54965,5.98744],[-2.55682,5.98465]]]}},{"type":"Feature","properties":{"display_name":"Sefwi-Wiawso","region":"Western North","api_district":"Sefwi-Wiawso Municipal","match_resolution":"base"},"geometry":{"type":"Polygon","coordinates":[[[-2.71883,6.39646],[-2.71774,6.41243],[-2.72584,6.42313],[-2.71821,6.43406],[-2.71608,6.45869],[-2.72961,6.45614],[-2.74387,6.48432],[-2.68492,6.49353],[-2.66871,6.51136],[-2.66338,6.52508],[-2.65641,6.52941],[-2.64941,6.52567],[-2.64593,6.52998],[-2.6352,6.52893],[-2.60614,6.51963],[-2.59239,6.50462],[-2.58523,6.48974],[-2.56217,6.48083],[-2.54337,6.46383],[-2.53299,6.45984],[-2.52738,6.46205],[-2.52683,6.45491],[-2.53965,6.44835],[-2.55236,6.4322],[-2.55894,6.42971],[-2.55716,6.42116],[-2.54773,6.40975],[-2.54688,6.40052],[-2.50387,6.41517],[-2.47697,6.40268],[-2.46884,6.39156],[-2.46856,6.38053],[-2.44757,6.37105],[-2.42738,6.34828],[-2.39747,6.3516],[-2.40247,6.3095],[-2.3906,6.30146],[-2.38224,6.28689],[-2.36818,6.28323],[-2.36525,6.27263],[-2.35391,6.26539],[-2.34777,6.25511],[-2.35044,6.24531],[-2.36093,6.24439],[-2.37046,6.2252],[-2.38294,6.22792],[-2.3846,6.21503],[-2.37315,6.20692],[-2.37463,6.1953],[-2.35214,6.1863],[-2.34363,6.17034],[-2.33688,6.16712],[-2.34531,6.14017],[-2.34188,6.13712],[-2.34175,6.12652],[-2.36175,6.10077],[-2.37058,6.09743],[-2.37087,6.08439],[-2.39127,6.08432],[-2.39916,6.08984],[-2.41197,6.08791],[-2.43383,6.10699],[-2.43342,6.11581],[-2.43863,6.11988],[-2.44565,6.11515],[-2.44579,6.13467],[-2.45084,6.14171],[-2.4451,6.15488],[-2.46692,6.14851],[-2.5117,6.14967],[-2.51219,6.17164],[-2.5308,6.17698],[-2.51614,6.18773],[-2.53562,6.19116],[-2.5443,6.19793],[-2.54982,6.19354],[-2.5672,6.19257],[-2.56873,6.20319],[-2.57472,6.20668],[-2.57667,6.20422],[-2.57818,6.20773],[-2.57964,6.20511],[-2.58208,6.21035],[-2.57403,6.21672],[-2.57738,6.21975],[-2.57146,6.21813],[-2.56481,6.22547],[-2.5659,6.23344],[-2.58657,6.2417],[-2.59146,6.25093],[-2.61376,6.23513],[-2.62675,6.23882],[-2.64994,6.22266],[-2.66488,6.22271],[-2.67143,6.23314],[-2.67657,6.23234],[-2.6812,6.23967],[-2.67633,6.2485],[-2.68692,6.26296],[-2.66465,6.27369],[-2.64354,6.27021],[-2.63526,6.28232],[-2.63713,6.30459],[-2.63418,6.31188],[-2.62412,6.31214],[-2.62793,6.31449],[-2.62857,6.32258],[-2.64701,6.33579],[-2.64906,6.34718],[-2.66171,6.35636],[-2.65751,6.36082],[-2.66059,6.3707],[-2.67098,6.37346],[-2.67774,6.38716],[-2.68494,6.38724],[-2.69215,6.38152],[-2.70056,6.38644],[-2.70429,6.38127],[-2.71127,6.38494],[-2.71883,6.39646]]]}},{"type":"Feature","properties":{"display_name":"Suaman","region":"Western North","api_district":"Suaman District","match_resolution":"base"},"geometry":{"type":"Polygon","coordinates":[[[-2.90829,6.04159],[-2.94309,6.03495],[-2.95289,6.0458],[-3.00238,6.01067],[-3.04764,5.99557],[-3.07282,5.98254],[-3.10228,6.15194],[-3.13094,6.20807],[-3.12428,6.21813],[-3.12521,6.22675],[-3.11732,6.2335],[-3.11209,6.22935],[-3.0889,6.23087],[-3.0813,6.22237],[-3.05869,6.21912],[-3.04573,6.22845],[-3.03644,6.22764],[-3.02893,6.22037],[-3.03019,6.20904],[-3.02068,6.2117],[-2.9958,6.19315],[-2.98608,6.20549],[-2.96657,6.19806],[-2.95975,6.19191],[-2.95673,6.17987],[-2.95966,6.16449],[-2.94642,6.16402],[-2.9413,6.14974],[-2.92503,6.128],[-2.9295,6.12372],[-2.92213,6.1103],[-2.92933,6.08274],[-2.94833,6.07729],[-2.94998,6.07102],[-2.93541,6.05889],[-2.92579,6.06196],[-2.90829,6.04159]]]}}]}