{"type":"FeatureCollection","features":[{"type":"Feature","properties":{"name":"Lake Volta"},"geometry":{"type":"Polygon","coordinates":[[[-1.9053,8.4596],[-1.8963,8.452],[-1.8839,8.4723],[-1.8837,8.483],[-1.8969,8.5298],[-1.8957,8.5497],[-1.8893,8.5887],[-1.871,8.637],[-1.8554,8.6546],[-1.8404,8.6623],[-1.813,8.6626],[-1.7851,8.6514],[-1.7664,8.6401],[-1.7577,8.6325],[-1.7334,8.6277],[-1.6938,8.6431],[-1.6834,8.6581],[-1.6834,8.6761],[-1.6804,8.6827],[-1.6573,8.696],[-1.6455,8.6928],[-1.63,8.6811],[-1.6142,8.6772],[-1.5764,8.6778],[-1.5558,8.6756],[-1.5298,8.6816],[-1.5097,8.6937],[-1.5007,8.7389],[-1.4885,8.7579],[-1.4761,8.7662],[-1.4395,8.7682],[-1.4105,8.7756],[-1.376,8.7689],[-1.3531,8.759],[-1.3074,8.7228],[-1.2861,8.7208],[-1.2623,8.6916],[-1.2103,8.6695],[-1.1971,8.6717],[-1.1872,8.68],[-1.1871,8.6892],[-1.1925,8.6943],[-1.1829,8.6968],[-1.1752,8.6931],[-1.1749,8.6991],[-1.1801,8.7032],[-1.1784,8.7045],[-1.173,8.7047],[-1.1703,8.6947],[-1.1636,8.6926],[-1.1528,8.6952],[-1.1538,8.6978],[-1.1592,8.6973],[-1.1637,8.7045],[-1.1578,8.7065],[-1.1467,8.6964],[-1.1348,8.6959],[-1.1332,8.6932],[-1.1243,8.6954],[-1.1326,8.7001],[-1.1326,8.7071],[-1.1227,8.7032],[-1.119,8.6974],[-1.1146,8.6975],[-1.1102,8.7],[-1.1098,8.7071],[-1.1054,8.7031],[-1.0943,8.7099],[-1.0741,8.7131],[-1.0482,8.7084],[-1.0299,8.7004],[-1.028,8.7033],[-1.0252,8.6978],[-1.0101,8.6898],[-1.0073,8.6916],[-1.0025,8.6834],[-0.9995,8.7045],[-1.0022,8.7126],[-1.0065,8.7138],[-1.0088,8.7232],[-1.0024,8.7175],[-1.0017,8.7294],[-1.0047,8.7353],[-1.0166,8.7403],[-1.0035,8.7384],[-1.0045,8.7457],[-0.9953,8.748],[-0.9948,8.7634],[-0.9911,8.7586],[-0.9824,8.7607],[-0.9822,8.7658],[-0.9984,8.7788],[-1.0227,8.782],[-1.0332,8.7871],[-1.0442,8.809],[-1.0899,8.8212],[-1.1181,8.8539],[-1.1291,8.877],[-1.1607,8.9162],[-1.168,8.9293],[-1.1674,8.9422],[-1.1558,8.9703],[-1.1401,8.9921],[-1.1178,9.0122],[-1.1181,9.0174],[-1.1281,9.0248],[-1.1277,9.0305],[-1.1145,9.0346],[-1.1018,9.028],[-1.0969,9.0365],[-1.1076,9.0525],[-1.1201,9.0941],[-1.1359,9.1217],[-1.1691,9.1451],[-1.2066,9.1434],[-1.2267,9.164],[-1.2467,9.1708],[-1.2511,9.1901],[-1.2448,9.2066],[-1.2383,9.2123],[-1.2367,9.2288],[-1.2405,9.2437],[-1.2366,9.2622],[-1.2391,9.2658],[-1.2463,9.2648],[-1.2521,9.2663],[-1.2534,9.2688],[-1.2529,9.2724],[-1.244,9.2744],[-1.2411,9.2838],[-1.2443,9.2874],[-1.2519,9.2865],[-1.2549,9.2889],[-1.2443,9.2884],[-1.2402,9.2842],[-1.2407,9.2764],[-1.2457,9.2721],[-1.2526,9.2697],[-1.2511,9.267],[-1.2388,9.2666],[-1.2358,9.2636],[-1.2394,9.2436],[-1.2355,9.2282],[-1.2368,9.2124],[-1.2435,9.2066],[-1.2494,9.1924],[-1.2462,9.1725],[-1.2267,9.1653],[-1.2051,9.1443],[-1.1682,9.1463],[-1.1388,9.1262],[-1.1305,9.1163],[-1.1197,9.0962],[-1.1067,9.0534],[-1.0957,9.0384],[-1.0961,9.0321],[-1.1013,9.0266],[-1.1142,9.0333],[-1.1259,9.0294],[-1.1264,9.0245],[-1.1155,9.0163],[-1.1159,9.0108],[-1.1379,8.9923],[-1.1495,8.9772],[-1.1596,8.9588],[-1.1669,8.9353],[-1.1618,8.9204],[-1.1286,8.8789],[-1.1152,8.8529],[-1.0882,8.8219],[-1.0778,8.822],[-1.0437,8.8108],[-1.031,8.791],[-1.0176,8.7837],[-1.0,8.7815],[-0.9886,8.7754],[-0.9828,8.7705],[-0.9804,8.76],[-0.9771,8.7588],[-0.9792,8.7505],[-0.9862,8.7469],[-0.986,8.7308],[-0.976,8.7254],[-0.976,8.7227],[-0.9818,8.724],[-0.9868,8.721],[-0.9849,8.7104],[-0.961,8.6915],[-0.9543,8.6943],[-0.9569,8.6764],[-0.9514,8.677],[-0.9453,8.6709],[-0.9407,8.6707],[-0.9368,8.6596],[-0.927,8.654],[-0.9265,8.6578],[-0.9175,8.6514],[-0.9129,8.6577],[-0.9146,8.6633],[-0.9099,8.6626],[-0.9052,8.6568],[-0.9106,8.6466],[-0.9098,8.6409],[-0.9059,8.6359],[-0.9014,8.6382],[-0.9037,8.6318],[-0.9008,8.6179],[-0.8965,8.619],[-0.893,8.6127],[-0.8986,8.6119],[-0.8994,8.6058],[-0.8903,8.5996],[-0.8842,8.5854],[-0.8797,8.5866],[-0.8796,8.5784],[-0.8695,8.5746],[-0.8488,8.5477],[-0.8451,8.5574],[-0.852,8.5713],[-0.8531,8.5835],[-0.8417,8.5871],[-0.7947,8.6233],[-0.7945,8.6355],[-0.7993,8.6485],[-0.7887,8.6474],[-0.7928,8.6496],[-0.8002,8.6715],[-0.809,8.675],[-0.815,8.6679],[-0.8219,8.6713],[-0.8196,8.6759],[-0.823,8.6809],[-0.8379,8.678],[-0.8348,8.6852],[-0.8268,8.6863],[-0.8374,8.6896],[-0.8358,8.693],[-0.8256,8.6903],[-0.8284,8.6944],[-0.8224,8.6926],[-0.8209,8.6968],[-0.8142,8.6984],[-0.8042,8.6934],[-0.7917,8.6982],[-0.7942,8.6934],[-0.7907,8.6876],[-0.7819,8.6929],[-0.7831,8.6796],[-0.7715,8.6733],[-0.7658,8.6625],[-0.7735,8.6511],[-0.7693,8.6424],[-0.7574,8.6362],[-0.7578,8.6193],[-0.7387,8.6123],[-0.7377,8.6174],[-0.7419,8.6267],[-0.7378,8.6275],[-0.7332,8.637],[-0.734,8.6266],[-0.7257,8.635],[-0.7257,8.6247],[-0.7185,8.6215],[-0.71,8.6234],[-0.7114,8.6197],[-0.7061,8.6185],[-0.7161,8.6098],[-0.7191,8.598],[-0.7291,8.5856],[-0.7366,8.5905],[-0.7611,8.5893],[-0.7698,8.5838],[-0.7768,8.586],[-0.7835,8.5797],[-0.7892,8.5812],[-0.8023,8.5774],[-0.8019,8.569],[-0.7879,8.5682],[-0.7805,8.5646],[-0.7918,8.563],[-0.7948,8.5564],[-0.7928,8.5474],[-0.7822,8.5407],[-0.795,8.5374],[-0.8037,8.5295],[-0.8269,8.532],[-0.835,8.529],[-0.844,8.5325],[-0.8491,8.5244],[-0.8467,8.5204],[-0.851,8.5151],[-0.8439,8.5146],[-0.8335,8.5045],[-0.822,8.5042],[-0.8231,8.4985],[-0.7936,8.4783],[-0.7951,8.492],[-0.7923,8.4953],[-0.7853,8.4713],[-0.7783,8.4674],[-0.7784,8.4617],[-0.7736,8.4568],[-0.7619,8.454],[-0.7624,8.4635],[-0.7594,8.4683],[-0.7541,8.4515],[-0.7325,8.4658],[-0.7394,8.4552],[-0.7341,8.4501],[-0.7474,8.4425],[-0.7602,8.4403],[-0.7465,8.4247],[-0.728,8.4107],[-0.7228,8.4121],[-0.723,8.4218],[-0.7186,8.4192],[-0.718,8.4077],[-0.7095,8.4094],[-0.7306,8.3824],[-0.7263,8.3702],[-0.7131,8.3597],[-0.7131,8.354],[-0.7021,8.3492],[-0.7016,8.3548],[-0.7005,8.3502],[-0.6958,8.3517],[-0.6968,8.34],[-0.6878,8.3351],[-0.6669,8.3408],[-0.6619,8.3456],[-0.6533,8.3351],[-0.6461,8.3342],[-0.6361,8.3252],[-0.6321,8.3138],[-0.6273,8.3123],[-0.6295,8.3077],[-0.6159,8.2956],[-0.5997,8.2884],[-0.5959,8.2966],[-0.5921,8.2978],[-0.595,8.2874],[-0.58,8.2611],[-0.5718,8.253],[-0.5642,8.2506],[-0.5583,8.2626],[-0.5509,8.2668],[-0.5566,8.2537],[-0.5557,8.2457],[-0.5365,8.2277],[-0.5334,8.2284],[-0.5295,8.2438],[-0.527,8.2245],[-0.5212,8.2242],[-0.5144,8.2299],[-0.5129,8.2159],[-0.5158,8.2092],[-0.5069,8.1998],[-0.5019,8.2006],[-0.4876,8.1908],[-0.4784,8.2009],[-0.4762,8.1979],[-0.4785,8.1862],[-0.4629,8.1765],[-0.459,8.183],[-0.459,8.1737],[-0.4469,8.1661],[-0.4372,8.1742],[-0.4379,8.1635],[-0.4169,8.1533],[-0.4129,8.1588],[-0.4085,8.1551],[-0.4076,8.1489],[-0.395,8.1413],[-0.3765,8.1407],[-0.3735,8.1501],[-0.3848,8.1567],[-0.3936,8.1749],[-0.392,8.1785],[-0.382,8.1824],[-0.3892,8.1842],[-0.3955,8.1952],[-0.3898,8.2052],[-0.3947,8.2165],[-0.4014,8.2233],[-0.3938,8.2255],[-0.3928,8.2288],[-0.4036,8.2396],[-0.4022,8.2421],[-0.3889,8.238],[-0.3852,8.2402],[-0.3819,8.2238],[-0.3614,8.2144],[-0.3563,8.2208],[-0.3587,8.2303],[-0.3527,8.2348],[-0.3516,8.2397],[-0.3487,8.2358],[-0.3516,8.228],[-0.346,8.2176],[-0.3357,8.2222],[-0.3319,8.2195],[-0.3265,8.222],[-0.3236,8.2189],[-0.3197,8.2206],[-0.3147,8.215],[-0.3062,8.2378],[-0.302,8.213],[-0.3071,8.2016],[-0.305,8.1978],[-0.2907,8.2131],[-0.3009,8.2299],[-0.2911,8.2491],[-0.2781,8.2473],[-0.2714,8.2426],[-0.2682,8.2479],[-0.257,8.2459],[-0.2652,8.2357],[-0.2614,8.2215],[-0.2636,8.218],[-0.262,8.2026],[-0.2511,8.2195],[-0.2494,8.2163],[-0.2535,8.2125],[-0.253,8.2054],[-0.2437,8.2018],[-0.2422,8.2112],[-0.2315,8.2072],[-0.224,8.2093],[-0.2266,8.2073],[-0.2189,8.2128],[-0.2099,8.2159],[-0.2031,8.2149],[-0.1991,8.2176],[-0.2017,8.2252],[-0.1961,8.2318],[-0.1821,8.2361],[-0.1762,8.2318],[-0.1713,8.2333],[-0.1735,8.2527],[-0.1711,8.2554],[-0.1648,8.257],[-0.1612,8.263],[-0.153,8.2655],[-0.1449,8.283],[-0.1461,8.2869],[-0.1565,8.293],[-0.1592,8.296],[-0.163,8.3043],[-0.1638,8.3104],[-0.1738,8.3216],[-0.1719,8.3218],[-0.1632,8.3108],[-0.1585,8.2961],[-0.1455,8.2875],[-0.1443,8.283],[-0.1526,8.2647],[-0.1601,8.2625],[-0.1647,8.2561],[-0.1722,8.2535],[-0.1702,8.233],[-0.1768,8.23],[-0.1835,8.2349],[-0.1985,8.225],[-0.1994,8.2201],[-0.1923,8.2171],[-0.1868,8.2104],[-0.1886,8.2053],[-0.1872,8.2104],[-0.1969,8.2173],[-0.2008,8.2145],[-0.1987,8.2115],[-0.201,8.2077],[-0.2022,8.2134],[-0.2081,8.2145],[-0.2317,8.2037],[-0.2387,8.2066],[-0.2407,8.2],[-0.247,8.1999],[-0.2451,8.1996],[-0.2473,8.1948],[-0.2482,8.1985],[-0.2546,8.202],[-0.2583,8.2025],[-0.2548,8.197],[-0.2641,8.1921],[-0.2733,8.2049],[-0.2719,8.2194],[-0.2801,8.2305],[-0.2843,8.2314],[-0.2793,8.2236],[-0.2766,8.2074],[-0.2808,8.1975],[-0.2892,8.1953],[-0.2881,8.187],[-0.2861,8.1853],[-0.2793,8.1891],[-0.2763,8.1842],[-0.2823,8.1789],[-0.2903,8.1783],[-0.3026,8.1856],[-0.3153,8.1847],[-0.3176,8.1938],[-0.3265,8.1968],[-0.3322,8.1948],[-0.3442,8.1787],[-0.3413,8.1725],[-0.3437,8.1594],[-0.3538,8.1548],[-0.347,8.1511],[-0.3514,8.1432],[-0.3337,8.1361],[-0.331,8.145],[-0.3194,8.1512],[-0.318,8.1412],[-0.2985,8.1371],[-0.2949,8.1394],[-0.2929,8.1476],[-0.2876,8.1476],[-0.2895,8.1441],[-0.2848,8.1312],[-0.2675,8.1265],[-0.2517,8.1264],[-0.2492,8.1212],[-0.2537,8.1192],[-0.2538,8.1114],[-0.2498,8.1005],[-0.2403,8.0986],[-0.2324,8.1035],[-0.2441,8.0915],[-0.2346,8.0744],[-0.2284,8.0548],[-0.2216,8.0527],[-0.207,8.0665],[-0.2127,8.0516],[-0.2096,8.0458],[-0.2046,8.0458],[-0.2043,8.0406],[-0.1979,8.0333],[-0.1911,8.0303],[-0.178,8.0369],[-0.1762,8.0461],[-0.17,8.0421],[-0.1656,8.0465],[-0.1509,8.0454],[-0.1459,8.0519],[-0.1423,8.0475],[-0.1244,8.0509],[-0.1213,8.0574],[-0.1203,8.0524],[-0.1083,8.0532],[-0.1442,8.0404],[-0.1348,8.0316],[-0.1229,8.0281],[-0.1265,8.0241],[-0.1253,8.0197],[-0.1136,8.0201],[-0.1233,8.0121],[-0.1188,8.0052],[-0.1129,8.0033],[-0.1093,8.0063],[-0.1092,8.0028],[-0.1039,8.0007],[-0.1228,7.9986],[-0.118,7.9894],[-0.1214,7.9825],[-0.1152,7.9709],[-0.1116,7.978],[-0.0934,7.9787],[-0.0882,7.9713],[-0.0718,7.9719],[-0.0721,7.9693],[-0.0815,7.9669],[-0.0982,7.9692],[-0.1032,7.9649],[-0.0997,7.9609],[-0.1004,7.9532],[-0.0954,7.9482],[-0.079,7.9382],[-0.0685,7.9356],[-0.0816,7.9327],[-0.0852,7.9356],[-0.0935,7.9351],[-0.0965,7.9235],[-0.0908,7.9137],[-0.09,7.9031],[-0.0797,7.8996],[-0.0847,7.8924],[-0.0829,7.8862],[-0.0759,7.8835],[-0.0764,7.8808],[-0.0911,7.8751],[-0.0867,7.87],[-0.076,7.8678],[-0.0779,7.8545],[-0.07,7.8502],[-0.0765,7.8452],[-0.0747,7.837],[-0.082,7.8383],[-0.0795,7.8279],[-0.0834,7.8254],[-0.0835,7.8205],[-0.0768,7.8166],[-0.0808,7.8126],[-0.0659,7.8149],[-0.0672,7.8073],[-0.0601,7.7888],[-0.0633,7.7814],[-0.0561,7.7765],[-0.0556,7.7754],[-0.0561,7.7746],[-0.056,7.7742],[-0.0483,7.7766],[-0.0492,7.7816],[-0.0435,7.7831],[-0.0375,7.7957],[-0.0289,7.7995],[-0.0287,7.8023],[-0.024,7.8004],[-0.0303,7.7941],[-0.0285,7.7885],[-0.0319,7.7814],[-0.0276,7.7832],[-0.0228,7.7801],[-0.0106,7.7865],[-0.0086,7.7854],[-0.0138,7.7784],[-0.0127,7.7746],[0.0012,7.774],[0.0064,7.7824],[0.0097,7.7752],[0.0237,7.7874],[0.0314,7.7982],[0.0306,7.8035],[0.0369,7.8062],[0.0392,7.7927],[0.0352,7.7805],[0.0396,7.7822],[0.0448,7.7914],[0.0527,7.7919],[0.0548,7.7978],[0.0599,7.788],[0.0548,7.7823],[0.0556,7.7773],[0.0817,7.7765],[0.0761,7.7785],[0.0783,7.7836],[0.077,7.7863],[0.0745,7.7845],[0.0744,7.7892],[0.0725,7.7854],[0.0707,7.789],[0.0646,7.7896],[0.0699,7.7936],[0.0684,7.7978],[0.0736,7.7972],[0.0658,7.7992],[0.0641,7.8029],[0.0682,7.8066],[0.0651,7.808],[0.0654,7.812],[0.0727,7.8183],[0.0751,7.8156],[0.079,7.8189],[0.0851,7.8187],[0.0796,7.8229],[0.0806,7.8249],[0.0959,7.8242],[0.1019,7.8321],[0.1004,7.8342],[0.0923,7.8316],[0.0924,7.8348],[0.0978,7.8369],[0.0941,7.8412],[0.0857,7.8343],[0.0793,7.8362],[0.0753,7.8314],[0.0725,7.8351],[0.0658,7.8348],[0.0655,7.8323],[0.06,7.8339],[0.068,7.8452],[0.0568,7.8489],[0.0662,7.8553],[0.0694,7.8627],[0.0627,7.8713],[0.0542,7.8613],[0.0547,7.8681],[0.0461,7.8691],[0.0549,7.8771],[0.0414,7.8806],[0.0533,7.8838],[0.056,7.8912],[0.0587,7.8829],[0.0652,7.8885],[0.0663,7.8829],[0.0723,7.884],[0.0719,7.8932],[0.0773,7.8897],[0.0781,7.893],[0.073,7.8995],[0.0738,7.9035],[0.065,7.907],[0.0655,7.91],[0.0602,7.9036],[0.0561,7.9125],[0.0603,7.9162],[0.0589,7.9206],[0.0548,7.9186],[0.0492,7.932],[0.0472,7.9302],[0.0363,7.9379],[0.0463,7.9361],[0.0583,7.9399],[0.0549,7.9431],[0.0588,7.9484],[0.0552,7.9598],[0.0432,7.9643],[0.0451,7.9686],[0.0589,7.97],[0.0643,7.9745],[0.0677,7.964],[0.0709,7.9719],[0.0691,7.9829],[0.0803,7.9723],[0.09,7.9845],[0.0991,7.982],[0.1026,7.9854],[0.0935,8.0031],[0.1091,8.0043],[0.1086,8.0118],[0.1038,8.0158],[0.1099,8.0161],[0.1112,8.0257],[0.1062,8.0333],[0.0997,8.0359],[0.0907,8.0291],[0.0882,8.0364],[0.0869,8.0374],[0.0864,8.0374],[0.0868,8.0316],[0.0836,8.0302],[0.0853,8.0238],[0.0757,8.0212],[0.0747,8.0172],[0.0692,8.0207],[0.0619,8.0161],[0.0614,8.0194],[0.071,8.031],[0.0697,8.0402],[0.0667,8.0366],[0.0605,8.041],[0.0613,8.0451],[0.0427,8.0479],[0.0349,8.0536],[0.0327,8.0707],[0.0364,8.0871],[0.0488,8.0899],[0.0521,8.0981],[0.0578,8.0969],[0.0627,8.0841],[0.0707,8.0803],[0.081,8.0842],[0.0797,8.0748],[0.089,8.0706],[0.0944,8.0763],[0.0914,8.0788],[0.093,8.087],[0.0984,8.0787],[0.0989,8.0854],[0.1037,8.0881],[0.0985,8.0911],[0.1055,8.1075],[0.1093,8.1066],[0.1143,8.1117],[0.1222,8.1105],[0.1255,8.1153],[0.1368,8.1115],[0.1394,8.0989],[0.1387,8.0881],[0.1341,8.0812],[0.1274,8.0787],[0.1268,8.0759],[0.1315,8.0739],[0.1346,8.0783],[0.1365,8.0744],[0.1503,8.0832],[0.1529,8.0907],[0.1597,8.0838],[0.1647,8.0866],[0.1653,8.0938],[0.171,8.0872],[0.1901,8.0964],[0.1908,8.1005],[0.1874,8.1032],[0.1694,8.11],[0.1707,8.1138],[0.1645,8.1188],[0.1611,8.1278],[0.1494,8.128],[0.1508,8.1319],[0.1555,8.1331],[0.1487,8.1387],[0.1535,8.1419],[0.148,8.1465],[0.1513,8.1499],[0.1413,8.1517],[0.1406,8.1548],[0.1537,8.1586],[0.1503,8.1658],[0.156,8.1659],[0.158,8.1702],[0.1696,8.1751],[0.17,8.1797],[0.1781,8.185],[0.1783,8.1917],[0.1742,8.1948],[0.1668,8.1945],[0.1597,8.1883],[0.1571,8.1906],[0.1478,8.187],[0.1425,8.1902],[0.138,8.1862],[0.1342,8.1939],[0.1214,8.2015],[0.1254,8.203],[0.1189,8.2126],[0.1144,8.2134],[0.119,8.2181],[0.1181,8.2308],[0.1083,8.2288],[0.096,8.231],[0.0957,8.2334],[0.1059,8.2382],[0.1057,8.2447],[0.1088,8.2459],[0.1135,8.2372],[0.1192,8.2383],[0.1313,8.2475],[0.1362,8.2555],[0.1377,8.2449],[0.1439,8.252],[0.149,8.2531],[0.152,8.2461],[0.1614,8.2471],[0.1652,8.2505],[0.1624,8.2534],[0.1692,8.2561],[0.1751,8.2506],[0.1835,8.2525],[0.1873,8.2665],[0.1847,8.2701],[0.1887,8.276],[0.1851,8.2808],[0.1882,8.2867],[0.1852,8.2944],[0.1892,8.3017],[0.1813,8.3095],[0.1756,8.3036],[0.1696,8.3056],[0.168,8.3119],[0.1775,8.3163],[0.1765,8.32],[0.1694,8.3206],[0.1674,8.3245],[0.1758,8.3291],[0.1792,8.3382],[0.1672,8.3409],[0.1912,8.3468],[0.1941,8.3502],[0.1964,8.3478],[0.2037,8.3528],[0.2141,8.3492],[0.227,8.3502],[0.2295,8.3472],[0.2324,8.3531],[0.2302,8.3567],[0.2286,8.3551],[0.2289,8.3586],[0.2332,8.3577],[0.2349,8.3605],[0.2326,8.3718],[0.2232,8.3768],[0.2219,8.3834],[0.2053,8.3892],[0.1961,8.3853],[0.197,8.3918],[0.1647,8.3896],[0.1542,8.3847],[0.1537,8.3785],[0.1459,8.3764],[0.1422,8.3825],[0.1341,8.3801],[0.1313,8.3745],[0.1248,8.3715],[0.099,8.3861],[0.0969,8.3832],[0.0921,8.3876],[0.0849,8.3835],[0.0754,8.3843],[0.0801,8.3922],[0.079,8.3959],[0.0701,8.3995],[0.0707,8.4061],[0.076,8.4053],[0.0787,8.4193],[0.084,8.4199],[0.0878,8.4274],[0.0803,8.4339],[0.0834,8.4378],[0.0802,8.4428],[0.0859,8.4484],[0.0704,8.4601],[0.0812,8.4659],[0.0903,8.4799],[0.0943,8.4806],[0.0954,8.4776],[0.1134,8.4798],[0.1148,8.4769],[0.1162,8.485],[0.1018,8.4964],[0.0884,8.4972],[0.0883,8.5041],[0.0793,8.5138],[0.0846,8.5207],[0.075,8.5278],[0.0789,8.5319],[0.0774,8.5416],[0.0803,8.5509],[0.0858,8.5563],[0.0844,8.559],[0.0912,8.5629],[0.0994,8.5828],[0.1142,8.5985],[0.13,8.6053],[0.1465,8.5904],[0.1512,8.5894],[0.1674,8.5937],[0.1719,8.5997],[0.1709,8.6125],[0.1522,8.6241],[0.1397,8.6374],[0.1355,8.6548],[0.1396,8.6703],[0.169,8.7025],[0.1791,8.708],[0.1818,8.7156],[0.1804,8.7244],[0.1593,8.7662],[0.1618,8.7786],[0.1699,8.7923],[0.1696,8.8312],[0.1721,8.8364],[0.1768,8.8389],[0.2006,8.839],[0.2066,8.8349],[0.2104,8.8272],[0.2163,8.8262],[0.2231,8.8368],[0.2217,8.8438],[0.2163,8.8487],[0.1946,8.8488],[0.1888,8.8515],[0.1706,8.8887],[0.1714,8.9053],[0.1881,8.9205],[0.1794,8.9536],[0.1801,8.9584],[0.1864,8.9667],[0.2081,8.9747],[0.222,8.975],[0.243,9.0013],[0.2534,9.0228],[0.2608,9.0251],[0.268,9.0236],[0.2869,9.0111],[0.2941,9.0161],[0.3031,9.0356],[0.2953,9.0462],[0.2821,9.0497],[0.2485,9.0401],[0.2257,9.0428],[0.2035,9.0378],[0.1981,9.0408],[0.1882,9.0639],[0.1949,9.0776],[0.2223,9.0737],[0.2373,9.0692],[0.2445,9.0644],[0.2517,9.0681],[0.253,9.0754],[0.2525,9.0808],[0.242,9.0936],[0.2267,9.1056],[0.209,9.1239],[0.1798,9.1383],[0.1673,9.1579],[0.1663,9.1651],[0.1717,9.1901],[0.1908,9.1981],[0.2043,9.2161],[0.2169,9.2253],[0.2187,9.2302],[0.2099,9.2379],[0.1971,9.2336],[0.1886,9.2334],[0.1846,9.2351],[0.179,9.2442],[0.1777,9.2706],[0.184,9.3016],[0.1868,9.3062],[0.2165,9.305],[0.2343,9.3027],[0.2457,9.2972],[0.2484,9.2898],[0.2565,9.2899],[0.2596,9.3166],[0.2519,9.3185],[0.2495,9.3246],[0.2505,9.3332],[0.235,9.3462],[0.2414,9.3545],[0.2307,9.364],[0.2121,9.3686],[0.207,9.3809],[0.2163,9.4051],[0.2175,9.4246],[0.2283,9.4345],[0.2474,9.4397],[0.2288,9.4628],[0.2267,9.4781],[0.2286,9.4862],[0.2367,9.4867],[0.2541,9.4782],[0.27,9.4793],[0.2754,9.4881],[0.2869,9.4873],[0.2975,9.4963],[0.3104,9.5036],[0.3082,9.513],[0.2962,9.5227],[0.2818,9.5244],[0.2552,9.5188],[0.2435,9.5233],[0.2364,9.536],[0.235,9.549],[0.2394,9.5742],[0.2444,9.576],[0.2529,9.5747],[0.266,9.5673],[0.2895,9.5769],[0.2993,9.5752],[0.308,9.5777],[0.318,9.5759],[0.3248,9.5791],[0.3326,9.5791],[0.329,9.5786],[0.3408,9.5781],[0.3464,9.5725],[0.3606,9.5745],[0.3744,9.5809],[0.383,9.5912],[0.373,9.6071],[0.3716,9.6158],[0.3765,9.6019],[0.3842,9.5916],[0.3738,9.5792],[0.3601,9.5733],[0.3455,9.572],[0.3341,9.5782],[0.3179,9.575],[0.3084,9.5767],[0.2976,9.5744],[0.289,9.576],[0.2666,9.5661],[0.253,9.5739],[0.2396,9.5732],[0.2405,9.5645],[0.2359,9.5481],[0.2376,9.5353],[0.2437,9.5246],[0.2557,9.5197],[0.2798,9.526],[0.2972,9.523],[0.3094,9.5135],[0.3114,9.5039],[0.2872,9.4867],[0.2761,9.4873],[0.2702,9.4785],[0.2534,9.4774],[0.2369,9.4856],[0.2289,9.4852],[0.2296,9.4645],[0.2485,9.4397],[0.2272,9.4323],[0.219,9.4247],[0.2179,9.4071],[0.2086,9.381],[0.2127,9.3694],[0.2297,9.3658],[0.2417,9.3574],[0.2427,9.3513],[0.2371,9.3452],[0.251,9.3346],[0.2524,9.3188],[0.2605,9.3167],[0.2576,9.2896],[0.2491,9.2881],[0.2409,9.2993],[0.2306,9.3024],[0.1861,9.3048],[0.1788,9.2705],[0.181,9.242],[0.1885,9.2342],[0.2117,9.2386],[0.218,9.2351],[0.2196,9.2298],[0.2185,9.2258],[0.206,9.2161],[0.1918,9.1975],[0.1718,9.1885],[0.1724,9.18],[0.1673,9.1635],[0.1807,9.1391],[0.2091,9.125],[0.243,9.0944],[0.2553,9.0776],[0.2522,9.0666],[0.2445,9.0629],[0.2326,9.0693],[0.2043,9.0754],[0.1949,9.0746],[0.1911,9.0597],[0.2006,9.0401],[0.226,9.0441],[0.2489,9.0415],[0.2719,9.05],[0.2865,9.0508],[0.3003,9.0437],[0.3042,9.0347],[0.2949,9.0149],[0.2875,9.0099],[0.2819,9.0103],[0.2768,9.0175],[0.2669,9.0224],[0.255,9.0222],[0.2437,8.9993],[0.2237,8.9745],[0.2023,8.9714],[0.1854,8.9647],[0.1817,8.9584],[0.1896,8.9209],[0.1734,8.9058],[0.1719,8.8897],[0.1899,8.8527],[0.2166,8.8503],[0.2211,8.8473],[0.2245,8.8373],[0.2206,8.8271],[0.2141,8.8246],[0.209,8.826],[0.2,8.8377],[0.1735,8.8355],[0.1705,8.8278],[0.1716,8.7932],[0.1632,8.7782],[0.1609,8.7668],[0.1645,8.7607],[0.1655,8.7745],[0.1691,8.7756],[0.1737,8.7737],[0.1765,8.7696],[0.1715,8.7709],[0.17,8.7665],[0.1784,8.7655],[0.1815,8.7623],[0.1824,8.7588],[0.1809,8.7459],[0.1849,8.7415],[0.1838,8.7444],[0.1854,8.7457],[0.1896,8.7443],[0.1981,8.7451],[0.2,8.7442],[0.1999,8.7474],[0.201,8.749],[0.2107,8.7544],[0.215,8.7558],[0.2225,8.7497],[0.2153,8.7554],[0.2016,8.7488],[0.2001,8.7436],[0.189,8.7438],[0.1851,8.7452],[0.1851,8.7409],[0.1804,8.746],[0.1809,8.7618],[0.1785,8.7647],[0.1701,8.765],[0.1692,8.768],[0.1704,8.7713],[0.1748,8.7711],[0.1705,8.7747],[0.1669,8.773],[0.168,8.7542],[0.1821,8.725],[0.1838,8.7137],[0.1813,8.7067],[0.1683,8.6995],[0.1407,8.6687],[0.1379,8.6532],[0.1391,8.6426],[0.1453,8.6344],[0.1532,8.6257],[0.1711,8.6169],[0.1742,8.6098],[0.1738,8.5963],[0.1647,8.5902],[0.1489,8.5873],[0.1291,8.6028],[0.1205,8.5984],[0.1125,8.5884],[0.1148,8.5848],[0.1105,8.579],[0.1058,8.5584],[0.0938,8.5462],[0.0916,8.5379],[0.0956,8.5368],[0.0903,8.5306],[0.0938,8.5233],[0.0979,8.525],[0.0982,8.5203],[0.1201,8.5011],[0.1336,8.5029],[0.1334,8.4997],[0.1272,8.4966],[0.1269,8.4869],[0.1402,8.4821],[0.1496,8.4688],[0.129,8.4793],[0.1214,8.4691],[0.1074,8.4687],[0.088,8.4604],[0.0893,8.454],[0.0968,8.4486],[0.1016,8.4533],[0.0998,8.4447],[0.1063,8.4383],[0.1024,8.4323],[0.1038,8.4191],[0.0957,8.4046],[0.0981,8.3987],[0.1074,8.3977],[0.1151,8.3912],[0.1271,8.3903],[0.1397,8.3982],[0.1397,8.4062],[0.1434,8.4103],[0.1442,8.4068],[0.149,8.4056],[0.1489,8.3984],[0.1541,8.4006],[0.1557,8.4074],[0.1678,8.4016],[0.1769,8.4049],[0.1794,8.4125],[0.1878,8.4066],[0.1916,8.4104],[0.1956,8.4082],[0.2003,8.4102],[0.2024,8.4161],[0.2065,8.4118],[0.2104,8.4196],[0.2139,8.4106],[0.2195,8.4115],[0.2216,8.4162],[0.2247,8.41],[0.2296,8.4113],[0.2402,8.405],[0.2421,8.4071],[0.2441,8.4018],[0.2486,8.4053],[0.2494,8.4048],[0.2455,8.4008],[0.2515,8.3917],[0.2519,8.3842],[0.2536,8.3858],[0.254,8.3855],[0.2514,8.3746],[0.2534,8.3641],[0.2457,8.3405],[0.2424,8.3412],[0.2399,8.3355],[0.2343,8.333],[0.2496,8.3335],[0.2566,8.3299],[0.2492,8.3281],[0.2414,8.3213],[0.2377,8.3222],[0.2349,8.3187],[0.2399,8.3153],[0.239,8.3131],[0.2203,8.3111],[0.2078,8.3035],[0.2056,8.2988],[0.2089,8.2947],[0.2075,8.2845],[0.2034,8.2824],[0.1995,8.2698],[0.2068,8.2708],[0.2067,8.2666],[0.1992,8.2612],[0.2037,8.2522],[0.1943,8.2531],[0.1951,8.2468],[0.1859,8.2378],[0.1812,8.2402],[0.1628,8.2318],[0.1415,8.2309],[0.1306,8.2249],[0.1261,8.2183],[0.1348,8.2065],[0.146,8.2012],[0.1482,8.2066],[0.1538,8.2019],[0.1614,8.2037],[0.1623,8.2066],[0.1727,8.2075],[0.186,8.2019],[0.1871,8.197],[0.1927,8.193],[0.204,8.2045],[0.2047,8.1974],[0.2088,8.1934],[0.2029,8.1953],[0.2022,8.1991],[0.1988,8.1876],[0.1884,8.1886],[0.1895,8.1774],[0.1853,8.1778],[0.1836,8.1724],[0.1751,8.1659],[0.1771,8.1631],[0.1657,8.1561],[0.1631,8.1495],[0.1644,8.1381],[0.1742,8.129],[0.178,8.131],[0.1781,8.1247],[0.1821,8.1198],[0.1867,8.1237],[0.1903,8.1149],[0.2073,8.1134],[0.2142,8.1175],[0.2208,8.1172],[0.224,8.1137],[0.2335,8.1184],[0.2223,8.1088],[0.2303,8.108],[0.234,8.1116],[0.2459,8.1127],[0.237,8.109],[0.2454,8.1022],[0.242,8.1005],[0.2364,8.1048],[0.2213,8.106],[0.2165,8.1114],[0.2094,8.1045],[0.204,8.1071],[0.2014,8.1011],[0.2044,8.0957],[0.2005,8.0951],[0.2008,8.088],[0.1943,8.0873],[0.1894,8.0821],[0.1968,8.0801],[0.1909,8.0759],[0.1933,8.0678],[0.1796,8.0761],[0.1639,8.0733],[0.1628,8.0697],[0.1584,8.072],[0.1556,8.0688],[0.1466,8.069],[0.1425,8.0647],[0.152,8.0606],[0.1406,8.058],[0.1392,8.052],[0.1327,8.0483],[0.1296,8.0487],[0.133,8.0583],[0.1301,8.0605],[0.1188,8.0552],[0.1218,8.0634],[0.1131,8.0678],[0.1062,8.0572],[0.0989,8.0537],[0.1038,8.0524],[0.1073,8.0556],[0.1091,8.0487],[0.1216,8.0457],[0.1254,8.0358],[0.131,8.0344],[0.1278,8.0263],[0.131,8.0218],[0.1268,8.0203],[0.1285,8.0148],[0.1248,8.0079],[0.134,8.0095],[0.1297,8.0022],[0.1468,7.9952],[0.1405,7.9907],[0.1357,7.9941],[0.131,7.9939],[0.1285,7.9901],[0.1239,7.993],[0.1201,7.9881],[0.1203,7.9788],[0.1139,7.9761],[0.1212,7.971],[0.1154,7.9695],[0.1151,7.9657],[0.1086,7.9648],[0.1055,7.9674],[0.0979,7.9614],[0.0992,7.955],[0.0889,7.9542],[0.0836,7.9525],[0.0846,7.949],[0.0767,7.95],[0.069,7.9461],[0.0727,7.9389],[0.0779,7.9443],[0.0853,7.9433],[0.0843,7.9452],[0.0905,7.9473],[0.093,7.9456],[0.091,7.944],[0.097,7.9423],[0.0953,7.9452],[0.1043,7.9499],[0.105,7.94],[0.1127,7.9429],[0.1175,7.9362],[0.1278,7.934],[0.1343,7.9372],[0.1343,7.9313],[0.1253,7.9303],[0.124,7.9268],[0.1215,7.9295],[0.1138,7.9279],[0.1183,7.9148],[0.1089,7.9074],[0.1116,7.9031],[0.1071,7.8999],[0.1006,7.8796],[0.1045,7.8818],[0.1059,7.8875],[0.1095,7.8862],[0.1096,7.8918],[0.1185,7.8909],[0.1161,7.8954],[0.1238,7.906],[0.1273,7.9029],[0.1341,7.9048],[0.1372,7.9163],[0.1492,7.9139],[0.1531,7.9166],[0.1521,7.9211],[0.1591,7.9227],[0.1616,7.9196],[0.1645,7.9259],[0.1675,7.9237],[0.1704,7.9265],[0.1736,7.9196],[0.1716,7.9147],[0.1772,7.916],[0.1891,7.9092],[0.1814,7.9072],[0.1845,7.905],[0.1805,7.903],[0.1837,7.8991],[0.1793,7.8985],[0.1818,7.8928],[0.1776,7.8927],[0.181,7.8887],[0.1774,7.8892],[0.1776,7.886],[0.1702,7.8882],[0.1718,7.8835],[0.1667,7.8828],[0.1672,7.8792],[0.163,7.8777],[0.1641,7.87],[0.1691,7.8671],[0.1613,7.8625],[0.1692,7.8592],[0.1636,7.8567],[0.1659,7.8516],[0.1586,7.8484],[0.1573,7.8439],[0.1614,7.8421],[0.1535,7.8345],[0.157,7.8297],[0.1461,7.8149],[0.1482,7.8098],[0.1433,7.8072],[0.147,7.7982],[0.1533,7.8028],[0.1523,7.8106],[0.1645,7.8156],[0.1635,7.8223],[0.1717,7.8225],[0.1763,7.8279],[0.1736,7.8383],[0.1801,7.8388],[0.1806,7.8428],[0.187,7.8419],[0.1851,7.8536],[0.1915,7.8496],[0.202,7.854],[0.2006,7.8602],[0.1933,7.8658],[0.1976,7.8664],[0.1949,7.8732],[0.1972,7.8765],[0.2057,7.8674],[0.2138,7.8724],[0.2154,7.876],[0.2089,7.8806],[0.212,7.8825],[0.203,7.8947],[0.2141,7.8889],[0.2165,7.8908],[0.2083,7.9021],[0.2174,7.899],[0.2142,7.9101],[0.2222,7.9076],[0.2222,7.9275],[0.2293,7.9092],[0.2324,7.9092],[0.2354,7.9161],[0.2433,7.9173],[0.248,7.9135],[0.2517,7.9155],[0.2521,7.907],[0.2426,7.9103],[0.2396,7.9015],[0.2258,7.9001],[0.2285,7.8938],[0.2407,7.8909],[0.2223,7.8874],[0.2204,7.8829],[0.2223,7.8793],[0.2494,7.87],[0.2253,7.8639],[0.224,7.8595],[0.2177,7.8621],[0.2173,7.856],[0.2225,7.853],[0.2334,7.8541],[0.236,7.8498],[0.2496,7.8494],[0.2382,7.8437],[0.2275,7.8448],[0.2326,7.8384],[0.2234,7.8405],[0.2307,7.8338],[0.2206,7.8345],[0.2225,7.8269],[0.2174,7.8269],[0.2118,7.837],[0.2079,7.8381],[0.2055,7.8378],[0.2076,7.8329],[0.1964,7.8286],[0.2034,7.8175],[0.2148,7.8148],[0.2147,7.8019],[0.2187,7.7963],[0.2394,7.8089],[0.2388,7.8186],[0.2437,7.8161],[0.2493,7.8188],[0.25,7.8139],[0.2463,7.8113],[0.2504,7.7904],[0.2581,7.7953],[0.2585,7.788],[0.2626,7.7899],[0.2677,7.7862],[0.2613,7.7855],[0.2585,7.7782],[0.254,7.7758],[0.2562,7.7707],[0.2515,7.7639],[0.2509,7.7549],[0.2581,7.7604],[0.2573,7.7543],[0.2669,7.7578],[0.2698,7.7625],[0.2808,7.7666],[0.2663,7.7489],[0.2763,7.7464],[0.2829,7.7501],[0.2898,7.7483],[0.2785,7.7418],[0.2656,7.7393],[0.2732,7.7323],[0.2801,7.7346],[0.2782,7.7309],[0.2818,7.7279],[0.2749,7.7271],[0.2792,7.7167],[0.2705,7.7245],[0.2657,7.7253],[0.2671,7.718],[0.2611,7.722],[0.2611,7.7094],[0.2693,7.7066],[0.2684,7.7002],[0.2754,7.7023],[0.2791,7.6995],[0.2776,7.6961],[0.2729,7.6988],[0.2681,7.6921],[0.2625,7.6962],[0.2551,7.6681],[0.2606,7.6573],[0.2671,7.6589],[0.2645,7.652],[0.2715,7.6524],[0.2629,7.647],[0.2635,7.6437],[0.2755,7.6448],[0.2669,7.6398],[0.2644,7.6347],[0.275,7.629],[0.2621,7.6271],[0.2608,7.6195],[0.2656,7.6166],[0.2612,7.6155],[0.2584,7.6096],[0.2649,7.6082],[0.2613,7.6048],[0.2636,7.6021],[0.2752,7.5985],[0.2712,7.594],[0.2761,7.5908],[0.2695,7.5916],[0.2671,7.596],[0.2593,7.5992],[0.2632,7.5882],[0.2586,7.5917],[0.2528,7.5865],[0.2495,7.598],[0.2459,7.6009],[0.2373,7.6002],[0.2289,7.6137],[0.2256,7.6106],[0.2264,7.593],[0.2336,7.5878],[0.2314,7.5856],[0.2334,7.5824],[0.2387,7.5838],[0.2362,7.5798],[0.24,7.5737],[0.2477,7.5701],[0.2412,7.5675],[0.239,7.5707],[0.2357,7.5637],[0.235,7.5747],[0.2307,7.5759],[0.2276,7.573],[0.2266,7.5807],[0.2216,7.5756],[0.2189,7.5822],[0.2169,7.5707],[0.2127,7.5802],[0.2085,7.57],[0.2045,7.5682],[0.2094,7.565],[0.2117,7.5548],[0.2095,7.5461],[0.2148,7.5408],[0.2115,7.535],[0.2118,7.5166],[0.2169,7.5234],[0.2185,7.5173],[0.222,7.5187],[0.2289,7.5357],[0.2311,7.5343],[0.2296,7.5228],[0.2326,7.5217],[0.2365,7.5345],[0.2441,7.5391],[0.2423,7.5268],[0.246,7.5263],[0.2433,7.5211],[0.247,7.5192],[0.2394,7.5151],[0.239,7.5127],[0.2446,7.5108],[0.2439,7.5068],[0.2381,7.5041],[0.2467,7.4988],[0.2453,7.4951],[0.2385,7.4929],[0.2288,7.4948],[0.2283,7.4883],[0.2367,7.4863],[0.2367,7.4818],[0.2263,7.4776],[0.2302,7.4734],[0.2375,7.4771],[0.2435,7.4747],[0.2402,7.4717],[0.2445,7.4705],[0.2449,7.4661],[0.2491,7.4658],[0.2482,7.4615],[0.2514,7.4579],[0.2553,7.4604],[0.2509,7.4655],[0.2526,7.4696],[0.2491,7.4754],[0.2541,7.4747],[0.2553,7.4775],[0.2496,7.4852],[0.2577,7.4866],[0.2581,7.4907],[0.2532,7.4945],[0.2602,7.4984],[0.2573,7.5056],[0.2635,7.5021],[0.2685,7.4808],[0.2732,7.4901],[0.2766,7.4881],[0.2776,7.4962],[0.2881,7.4914],[0.2843,7.5056],[0.2875,7.5066],[0.2884,7.5022],[0.2905,7.5061],[0.287,7.5111],[0.2786,7.5144],[0.2846,7.5224],[0.2822,7.526],[0.2781,7.5238],[0.2782,7.5263],[0.2839,7.5283],[0.2884,7.5182],[0.2927,7.5194],[0.2952,7.5263],[0.3001,7.5245],[0.3024,7.5286],[0.2981,7.5288],[0.2919,7.5422],[0.287,7.5458],[0.2942,7.5447],[0.2974,7.5399],[0.3025,7.5547],[0.307,7.5538],[0.3037,7.5493],[0.3073,7.545],[0.324,7.5472],[0.3172,7.5519],[0.3251,7.5574],[0.3195,7.5605],[0.3191,7.5686],[0.3257,7.5727],[0.32,7.5762],[0.3189,7.5891],[0.3218,7.5931],[0.3364,7.5979],[0.3303,7.6022],[0.3282,7.6064],[0.3313,7.6149],[0.3324,7.6129],[0.3298,7.6199],[0.3309,7.6239],[0.3332,7.6227],[0.3303,7.6196],[0.3357,7.6203],[0.3368,7.6234],[0.3406,7.6243],[0.3421,7.6299],[0.3446,7.6304],[0.3432,7.6378],[0.3439,7.6403],[0.3469,7.6418],[0.3468,7.6467],[0.3503,7.6487],[0.3476,7.6525],[0.3471,7.6554],[0.3479,7.657],[0.353,7.6584],[0.3521,7.6683],[0.3611,7.6755],[0.3676,7.679],[0.3686,7.6793],[0.37,7.6784],[0.3714,7.6818],[0.3704,7.6781],[0.3525,7.6682],[0.3532,7.6584],[0.3473,7.6551],[0.3507,7.6492],[0.3497,7.6478],[0.3471,7.6467],[0.347,7.6414],[0.3438,7.6392],[0.3452,7.6301],[0.3424,7.6297],[0.3408,7.6239],[0.3361,7.62],[0.331,7.619],[0.3327,7.612],[0.3287,7.6061],[0.3365,7.5991],[0.3365,7.5971],[0.3194,7.5891],[0.3244,7.5841],[0.32,7.5788],[0.324,7.576],[0.3269,7.578],[0.3287,7.5736],[0.3202,7.5661],[0.3243,7.5602],[0.3284,7.5602],[0.3231,7.5525],[0.3269,7.5515],[0.3268,7.5468],[0.3157,7.5366],[0.3133,7.5397],[0.3022,7.5405],[0.3011,7.535],[0.3087,7.534],[0.3111,7.5249],[0.3063,7.5255],[0.3034,7.519],[0.3084,7.5184],[0.3083,7.5138],[0.3037,7.5114],[0.3052,7.506],[0.2992,7.5072],[0.2994,7.4984],[0.3031,7.4969],[0.2996,7.4934],[0.3034,7.4882],[0.295,7.486],[0.2905,7.4731],[0.2906,7.4594],[0.2943,7.4599],[0.2975,7.454],[0.2973,7.4451],[0.2935,7.4399],[0.2882,7.4483],[0.2839,7.446],[0.2819,7.4509],[0.2801,7.4466],[0.2712,7.4425],[0.2774,7.4413],[0.2845,7.4345],[0.2762,7.4348],[0.2701,7.4309],[0.2664,7.4356],[0.2641,7.4329],[0.2701,7.4254],[0.2797,7.4247],[0.2805,7.4189],[0.2879,7.4237],[0.2938,7.4106],[0.3029,7.4116],[0.3047,7.4166],[0.3048,7.4109],[0.3088,7.4082],[0.303,7.4101],[0.2912,7.4078],[0.2863,7.4013],[0.2857,7.4062],[0.2808,7.4059],[0.279,7.4133],[0.2743,7.412],[0.2715,7.4153],[0.273,7.4062],[0.2693,7.4085],[0.2639,7.4063],[0.2681,7.4024],[0.2628,7.3915],[0.2732,7.3895],[0.2789,7.3825],[0.2719,7.3832],[0.2714,7.3798],[0.2627,7.3821],[0.2593,7.3745],[0.2649,7.3672],[0.2594,7.3617],[0.2618,7.3593],[0.2596,7.3521],[0.2626,7.352],[0.2703,7.3618],[0.2704,7.3555],[0.2757,7.3564],[0.2761,7.3531],[0.2688,7.3426],[0.272,7.34],[0.2704,7.3346],[0.2654,7.3291],[0.263,7.3287],[0.2615,7.3329],[0.2579,7.3285],[0.261,7.3241],[0.2581,7.3202],[0.2687,7.3186],[0.2675,7.3121],[0.2724,7.3125],[0.2788,7.3038],[0.2868,7.3039],[0.2743,7.2939],[0.2704,7.294],[0.2696,7.2844],[0.2669,7.2839],[0.2643,7.2719],[0.2666,7.2609],[0.2637,7.2593],[0.2682,7.2399],[0.2664,7.2363],[0.273,7.2323],[0.2775,7.2365],[0.2773,7.2324],[0.2825,7.2289],[0.2858,7.2361],[0.2936,7.2379],[0.2926,7.2346],[0.2966,7.232],[0.2905,7.2264],[0.2917,7.2226],[0.2975,7.2271],[0.3017,7.2374],[0.3102,7.2345],[0.3018,7.2236],[0.3264,7.2268],[0.3227,7.2249],[0.3262,7.223],[0.3223,7.2206],[0.3226,7.2167],[0.3169,7.2178],[0.3172,7.2151],[0.3132,7.2151],[0.3169,7.208],[0.3111,7.2094],[0.3101,7.2033],[0.3076,7.2077],[0.3,7.2077],[0.2995,7.2143],[0.2878,7.2098],[0.2882,7.2008],[0.2792,7.205],[0.2808,7.2001],[0.2762,7.1992],[0.276,7.1901],[0.2703,7.1883],[0.2689,7.1837],[0.277,7.183],[0.2786,7.187],[0.2813,7.1832],[0.2858,7.1851],[0.286,7.1788],[0.298,7.1802],[0.2979,7.1752],[0.2946,7.1762],[0.2959,7.172],[0.287,7.1746],[0.2857,7.1603],[0.2817,7.1721],[0.2695,7.1715],[0.2657,7.1659],[0.2706,7.1595],[0.2675,7.1538],[0.2737,7.1527],[0.2633,7.1428],[0.2595,7.1358],[0.2611,7.1331],[0.2557,7.1272],[0.2588,7.1073],[0.2668,7.0984],[0.2752,7.1024],[0.2764,7.1077],[0.273,7.1112],[0.2776,7.1143],[0.2827,7.1107],[0.2832,7.1053],[0.2881,7.1088],[0.2901,7.1169],[0.2956,7.1082],[0.3068,7.1099],[0.303,7.1012],[0.2968,7.1025],[0.2986,7.097],[0.2931,7.0971],[0.2934,7.0924],[0.3007,7.0845],[0.3053,7.0714],[0.3124,7.0665],[0.3039,7.0677],[0.2974,7.0761],[0.2932,7.0761],[0.2873,7.0705],[0.2799,7.0752],[0.2833,7.0679],[0.2817,7.0589],[0.2757,7.0647],[0.2724,7.063],[0.2708,7.0692],[0.2667,7.066],[0.2732,7.0575],[0.2736,7.0505],[0.2671,7.0558],[0.2634,7.0452],[0.2559,7.064],[0.2533,7.0565],[0.2491,7.0604],[0.248,7.0564],[0.2447,7.0578],[0.2436,7.0525],[0.2491,7.0491],[0.2416,7.0466],[0.2392,7.0407],[0.2475,7.0366],[0.2403,7.0242],[0.2526,7.0313],[0.2521,7.0244],[0.2546,7.0229],[0.2513,7.0173],[0.26,7.0206],[0.2623,7.0166],[0.2572,7.0133],[0.2567,7.0072],[0.2432,7.0074],[0.2418,7.0016],[0.2457,6.9979],[0.2521,7.0036],[0.2567,6.9959],[0.2605,6.9974],[0.2616,6.9926],[0.2584,6.9885],[0.2649,6.9815],[0.2653,6.9764],[0.2684,6.9761],[0.2723,6.9516],[0.2756,6.9472],[0.2795,6.9475],[0.2749,6.941],[0.2731,6.929],[0.2706,6.9416],[0.2653,6.946],[0.2603,6.9401],[0.2591,6.9533],[0.2501,6.9542],[0.2496,6.9639],[0.2461,6.9693],[0.2421,6.97],[0.2406,6.9658],[0.235,6.9673],[0.2316,6.9418],[0.2269,6.9369],[0.2252,6.929],[0.2272,6.9124],[0.2156,6.8996],[0.2179,6.8927],[0.2155,6.8823],[0.2079,6.8696],[0.2091,6.857],[0.2206,6.8438],[0.2228,6.8334],[0.2318,6.8179],[0.2336,6.8042],[0.2313,6.7859],[0.2376,6.753],[0.2332,6.7424],[0.236,6.7356],[0.2332,6.7335],[0.2389,6.724],[0.2352,6.7181],[0.2327,6.7003],[0.237,6.6926],[0.231,6.681],[0.2345,6.6782],[0.2328,6.6751],[0.236,6.6714],[0.2338,6.6696],[0.2385,6.6645],[0.2526,6.6606],[0.2844,6.6919],[0.2659,6.6864],[0.2582,6.6934],[0.2617,6.7073],[0.2642,6.6951],[0.2684,6.6925],[0.2739,6.693],[0.2888,6.7039],[0.289,6.7091],[0.2844,6.7091],[0.2917,6.7291],[0.2884,6.7533],[0.297,6.7621],[0.2988,6.7768],[0.3035,6.7786],[0.3036,6.7835],[0.3095,6.7843],[0.3088,6.789],[0.3019,6.7905],[0.2997,6.7988],[0.3076,6.8006],[0.3043,6.8067],[0.3087,6.8074],[0.3075,6.8141],[0.3132,6.8148],[0.3082,6.8167],[0.3098,6.8192],[0.3182,6.8135],[0.3107,6.8133],[0.3134,6.8079],[0.3116,6.8045],[0.3153,6.8045],[0.3158,6.8003],[0.3033,6.796],[0.3134,6.7903],[0.3207,6.798],[0.3169,6.7919],[0.3219,6.7858],[0.3079,6.7789],[0.3078,6.7745],[0.3127,6.7727],[0.3059,6.7718],[0.3042,6.7679],[0.315,6.7614],[0.3077,6.7603],[0.3103,6.7549],[0.3021,6.7622],[0.2943,6.7545],[0.2969,6.749],[0.2963,6.7448],[0.2942,6.7455],[0.2939,6.7322],[0.2991,6.729],[0.2904,6.7189],[0.2902,6.7124],[0.297,6.7219],[0.2942,6.7149],[0.2967,6.7088],[0.3106,6.7185],[0.3145,6.7168],[0.3016,6.6999],[0.3022,6.691],[0.2943,6.6867],[0.2946,6.6802],[0.3014,6.6804],[0.2979,6.6728],[0.3019,6.6712],[0.3072,6.6758],[0.2973,6.6629],[0.2986,6.6563],[0.2961,6.6595],[0.2974,6.6704],[0.2933,6.6729],[0.2952,6.6764],[0.2861,6.6728],[0.2856,6.6761],[0.2835,6.6732],[0.2787,6.6744],[0.2757,6.6685],[0.2777,6.6654],[0.2703,6.6563],[0.2776,6.653],[0.271,6.6491],[0.2664,6.6537],[0.2658,6.6496],[0.2621,6.6502],[0.2682,6.646],[0.2643,6.6412],[0.2513,6.6437],[0.2467,6.6405],[0.2463,6.6353],[0.2416,6.6394],[0.2373,6.6342],[0.2326,6.636],[0.2302,6.6313],[0.2323,6.6271],[0.2229,6.6228],[0.2217,6.6207],[0.2253,6.6188],[0.2172,6.6116],[0.2209,6.6193],[0.2179,6.623],[0.2247,6.6298],[0.219,6.6302],[0.2144,6.6244],[0.1968,6.6147],[0.2023,6.6317],[0.1922,6.6272],[0.1873,6.6316],[0.1884,6.6228],[0.1923,6.6188],[0.1867,6.6101],[0.1884,6.6145],[0.1824,6.6222],[0.1788,6.6227],[0.1743,6.6177],[0.1719,6.6239],[0.1684,6.6206],[0.1597,6.6252],[0.1546,6.6214],[0.1606,6.614],[0.1582,6.6068],[0.1625,6.6049],[0.158,6.6023],[0.1499,6.5785],[0.1519,6.5754],[0.1364,6.5621],[0.138,6.5392],[0.1413,6.5369],[0.1443,6.5389],[0.1449,6.5327],[0.1488,6.5309],[0.1468,6.5268],[0.1539,6.5283],[0.1448,6.5141],[0.1409,6.5166],[0.1395,6.5127],[0.1353,6.5163],[0.1267,6.5146],[0.128,6.5124],[0.1198,6.5068],[0.1198,6.4969],[0.1156,6.4896],[0.1215,6.4745],[0.138,6.4659],[0.1335,6.4514],[0.1375,6.449],[0.1357,6.4417],[0.1403,6.4313],[0.1334,6.4149],[0.137,6.413],[0.1346,6.4077],[0.1377,6.3966],[0.134,6.3956],[0.1308,6.3996],[0.1278,6.3925],[0.1298,6.3896],[0.1257,6.3889],[0.1262,6.3857],[0.1095,6.3717],[0.1079,6.3654],[0.1117,6.3635],[0.1048,6.3584],[0.099,6.3462],[0.1017,6.3374],[0.0804,6.3233],[0.0813,6.3196],[0.0749,6.3072],[0.0706,6.3053],[0.0688,6.3089],[0.0627,6.2991],[0.0618,6.3013],[0.0546,6.2996],[0.0627,6.3186],[0.072,6.327],[0.072,6.3332],[0.0607,6.3205],[0.0221,6.292],[0.0368,6.3101],[0.0591,6.3284],[0.0666,6.3482],[0.0841,6.3477],[0.0844,6.3412],[0.0938,6.361],[0.0971,6.3841],[0.0855,6.3815],[0.0925,6.3987],[0.0931,6.4114],[0.0895,6.4133],[0.0891,6.4178],[0.0958,6.4266],[0.0914,6.417],[0.0973,6.4123],[0.0948,6.4068],[0.0975,6.4001],[0.1028,6.4053],[0.1006,6.4087],[0.1096,6.453],[0.1032,6.4583],[0.1005,6.4572],[0.1008,6.4663],[0.0931,6.4657],[0.0973,6.4737],[0.0959,6.477],[0.0885,6.4665],[0.0871,6.4833],[0.0901,6.4875],[0.0878,6.4891],[0.078,6.4755],[0.0705,6.4769],[0.0718,6.4682],[0.0611,6.4508],[0.0622,6.4386],[0.0647,6.4376],[0.0557,6.4397],[0.0523,6.4314],[0.0538,6.4208],[0.0436,6.4266],[0.0336,6.4249],[0.0281,6.4134],[0.0275,6.3997],[0.0182,6.3919],[0.0197,6.3884],[0.0154,6.3854],[0.0101,6.3694],[0.0034,6.3601],[0.0055,6.3558],[0.002,6.3484],[0.0032,6.349],[0.0036,6.3461],[0.0092,6.3447],[0.0111,6.3424],[-0.0018,6.3436],[-0.0042,6.3348],[-0.0018,6.3342],[-0.0059,6.3271],[-0.0073,6.3307],[-0.0161,6.3268],[-0.0188,6.3165],[-0.0239,6.314],[-0.0332,6.2968],[-0.0297,6.2883],[-0.0253,6.2894],[-0.0231,6.2913],[-0.0197,6.2921],[-0.0247,6.288],[-0.0347,6.2856],[-0.0369,6.2791],[-0.032,6.2757],[-0.0426,6.2732],[-0.0516,6.2588],[-0.0539,6.2608],[-0.0589,6.2494],[-0.0627,6.2497],[-0.0744,6.2379],[-0.0742,6.234],[-0.0845,6.2314],[-0.0881,6.2231],[-0.0916,6.2221],[-0.0888,6.2309],[-0.0704,6.245],[-0.0679,6.2543],[-0.0597,6.2532],[-0.0518,6.27],[-0.0554,6.2757],[-0.0468,6.2782],[-0.0431,6.3013],[-0.0461,6.3054],[-0.0386,6.31],[-0.0432,6.3158],[-0.0494,6.3159],[-0.0445,6.3174],[-0.0405,6.3249],[-0.0415,6.3318],[-0.0253,6.3287],[-0.0214,6.3319],[-0.0258,6.3368],[-0.0413,6.3342],[-0.0425,6.3407],[-0.0467,6.3388],[-0.0456,6.3428],[-0.0516,6.3445],[-0.0472,6.3475],[-0.0407,6.3437],[-0.0458,6.3514],[-0.0416,6.3467],[-0.0382,6.3491],[-0.0352,6.3456],[-0.0349,6.3499],[-0.0314,6.3499],[-0.0385,6.3628],[-0.0298,6.3706],[-0.03,6.3779],[-0.0334,6.3775],[-0.0304,6.3799],[-0.0385,6.3846],[-0.03,6.3902],[-0.0369,6.3971],[-0.0344,6.4008],[-0.0226,6.3974],[-0.0197,6.4002],[-0.0269,6.4039],[-0.026,6.4153],[-0.0302,6.4136],[-0.0342,6.4275],[-0.0438,6.4442],[-0.0582,6.4521],[-0.0618,6.4607],[-0.069,6.454],[-0.0657,6.4594],[-0.0699,6.4588],[-0.0652,6.4666],[-0.0683,6.4686],[-0.0741,6.4662],[-0.0766,6.4703],[-0.082,6.4685],[-0.0841,6.4733],[-0.0858,6.4725],[-0.0901,6.4728],[-0.0907,6.4736],[-0.0847,6.4749],[-0.0786,6.4721],[-0.0732,6.48],[-0.08,6.4804],[-0.0828,6.4855],[-0.0886,6.4833],[-0.0858,6.4872],[-0.093,6.4885],[-0.0887,6.4985],[-0.0901,6.5052],[-0.1051,6.4904],[-0.1125,6.4922],[-0.1117,6.5009],[-0.1012,6.5068],[-0.0974,6.5202],[-0.1078,6.5171],[-0.1084,6.5231],[-0.1122,6.5217],[-0.1113,6.5126],[-0.1201,6.4997],[-0.1147,6.5146],[-0.1275,6.5032],[-0.1372,6.5111],[-0.1402,6.5197],[-0.1415,6.5142],[-0.147,6.5192],[-0.1467,6.5173],[-0.148,6.5105],[-0.1485,6.5098],[-0.1495,6.5174],[-0.1562,6.5236],[-0.1606,6.5151],[-0.1657,6.5204],[-0.1702,6.5127],[-0.17,6.5201],[-0.1729,6.5208],[-0.171,6.5268],[-0.1824,6.521],[-0.2011,6.5235],[-0.2006,6.5268],[-0.2123,6.5368],[-0.21,6.541],[-0.2145,6.5453],[-0.2163,6.5392],[-0.22,6.5376],[-0.2217,6.541],[-0.2331,6.5414],[-0.2365,6.5502],[-0.2269,6.5508],[-0.2248,6.557],[-0.2314,6.5589],[-0.2241,6.5637],[-0.2259,6.571],[-0.2322,6.575],[-0.2417,6.5655],[-0.2438,6.5666],[-0.241,6.5686],[-0.2473,6.5706],[-0.2369,6.5746],[-0.2361,6.5777],[-0.2422,6.578],[-0.2284,6.5835],[-0.2327,6.5879],[-0.2273,6.592],[-0.2261,6.5898],[-0.2188,6.601],[-0.2312,6.5922],[-0.2343,6.595],[-0.2442,6.585],[-0.2537,6.5869],[-0.2529,6.5921],[-0.2471,6.5971],[-0.2513,6.5994],[-0.2581,6.5951],[-0.2698,6.6045],[-0.272,6.6031],[-0.2714,6.6062],[-0.2801,6.6107],[-0.2781,6.614],[-0.2843,6.6181],[-0.2874,6.6183],[-0.2914,6.6071],[-0.2984,6.6073],[-0.2933,6.6088],[-0.2969,6.6116],[-0.2935,6.6179],[-0.2968,6.6211],[-0.2795,6.6247],[-0.2693,6.6322],[-0.2783,6.6304],[-0.2862,6.6338],[-0.3114,6.627],[-0.3145,6.6345],[-0.3281,6.6386],[-0.3283,6.6264],[-0.3355,6.6299],[-0.3371,6.6231],[-0.3404,6.6291],[-0.3444,6.6298],[-0.3474,6.6284],[-0.3482,6.6226],[-0.3665,6.6281],[-0.3741,6.6227],[-0.3698,6.6183],[-0.3743,6.6156],[-0.3823,6.6243],[-0.39,6.625],[-0.3914,6.6329],[-0.3984,6.6298],[-0.3937,6.6417],[-0.3963,6.6482],[-0.4035,6.654],[-0.3992,6.6567],[-0.4027,6.6616],[-0.3988,6.6645],[-0.4061,6.6702],[-0.4068,6.6805],[-0.4207,6.682],[-0.4312,6.6894],[-0.4496,6.6899],[-0.4545,6.6967],[-0.4685,6.7004],[-0.48,6.7078],[-0.4825,6.7043],[-0.4874,6.7097],[-0.5108,6.7188],[-0.5132,6.7124],[-0.5162,6.7196],[-0.5185,6.7161],[-0.5241,6.7206],[-0.5276,6.7187],[-0.5413,6.7248],[-0.5414,6.7198],[-0.5442,6.7213],[-0.5498,6.7178],[-0.5464,6.7245],[-0.5498,6.722],[-0.5483,6.7262],[-0.553,6.7267],[-0.5562,6.7336],[-0.5601,6.7312],[-0.5602,6.7468],[-0.5705,6.7469],[-0.5735,6.7413],[-0.5782,6.7455],[-0.5878,6.7336],[-0.586,6.7236],[-0.5906,6.7274],[-0.5915,6.7224],[-0.5964,6.7255],[-0.5968,6.7175],[-0.6011,6.7181],[-0.5999,6.7144],[-0.6071,6.7156],[-0.6058,6.7092],[-0.6133,6.7065],[-0.617,6.7107],[-0.6162,6.72],[-0.6306,6.7247],[-0.6219,6.7274],[-0.616,6.735],[-0.6251,6.737],[-0.6189,6.7454],[-0.6207,6.748],[-0.6293,6.7487],[-0.6339,6.7413],[-0.6365,6.7424],[-0.643,6.7374],[-0.6449,6.732],[-0.6556,6.74],[-0.6505,6.7419],[-0.6401,6.7578],[-0.6442,6.7589],[-0.6527,6.7548],[-0.6489,6.7652],[-0.653,6.7675],[-0.6529,6.7746],[-0.6597,6.7759],[-0.6507,6.7857],[-0.6423,6.7869],[-0.639,6.7925],[-0.6412,6.7981],[-0.6564,6.7935],[-0.6607,6.797],[-0.6696,6.789],[-0.6714,6.797],[-0.6834,6.7896],[-0.6966,6.7757],[-0.6997,6.776],[-0.6957,6.7846],[-0.698,6.7865],[-0.6881,6.7917],[-0.665,6.8234],[-0.6841,6.8232],[-0.6959,6.8112],[-0.714,6.802],[-0.7012,6.8154],[-0.6993,6.8221],[-0.7388,6.8282],[-0.7409,6.8345],[-0.7287,6.8387],[-0.7279,6.8421],[-0.7458,6.8499],[-0.7427,6.8646],[-0.7461,6.8698],[-0.7573,6.8694],[-0.759,6.8531],[-0.7625,6.8552],[-0.7615,6.8618],[-0.7665,6.869],[-0.772,6.8598],[-0.7747,6.8605],[-0.7716,6.8582],[-0.7806,6.8557],[-0.7865,6.8609],[-0.7906,6.8566],[-0.7922,6.8594],[-0.8144,6.8618],[-0.8184,6.8731],[-0.8226,6.8739],[-0.8262,6.8823],[-0.8396,6.8837],[-0.8414,6.8893],[-0.8378,6.895],[-0.8332,6.8938],[-0.8305,6.8972],[-0.8347,6.8977],[-0.8352,6.9027],[-0.8417,6.9069],[-0.8394,6.9134],[-0.8411,6.9267],[-0.8341,6.9104],[-0.8305,6.9105],[-0.8314,6.9158],[-0.8241,6.9135],[-0.8249,6.8997],[-0.814,6.8969],[-0.811,6.8865],[-0.8044,6.8873],[-0.7977,6.88],[-0.7931,6.8822],[-0.7899,6.8943],[-0.784,6.8915],[-0.7831,6.8866],[-0.7729,6.8846],[-0.7718,6.8816],[-0.7598,6.8834],[-0.7608,6.887],[-0.757,6.8866],[-0.7539,6.8917],[-0.7572,6.8974],[-0.7553,6.9015],[-0.7575,6.9024],[-0.7547,6.9027],[-0.751,6.8964],[-0.7474,6.8978],[-0.7454,6.8851],[-0.7382,6.8909],[-0.7393,6.8839],[-0.732,6.879],[-0.7237,6.8847],[-0.7258,6.8641],[-0.7206,6.8665],[-0.7213,6.8602],[-0.7045,6.8561],[-0.7016,6.8504],[-0.696,6.8516],[-0.6902,6.8439],[-0.6831,6.8452],[-0.679,6.8426],[-0.6762,6.8463],[-0.6667,6.8422],[-0.669,6.8498],[-0.6624,6.8596],[-0.6612,6.8501],[-0.6527,6.8479],[-0.6541,6.8435],[-0.6476,6.835],[-0.6434,6.8374],[-0.6454,6.8207],[-0.6312,6.8212],[-0.6244,6.8125],[-0.6241,6.804],[-0.6211,6.8016],[-0.6249,6.7842],[-0.623,6.778],[-0.6028,6.7788],[-0.5925,6.7754],[-0.5877,6.7671],[-0.5864,6.7703],[-0.5938,6.7896],[-0.5994,6.7905],[-0.6018,6.802],[-0.6088,6.8088],[-0.6137,6.8292],[-0.6111,6.8335],[-0.6065,6.8371],[-0.6094,6.8253],[-0.6054,6.8197],[-0.6018,6.8212],[-0.6035,6.8135],[-0.5967,6.8075],[-0.5949,6.8078],[-0.5922,6.8207],[-0.5894,6.8234],[-0.5913,6.813],[-0.5892,6.8013],[-0.583,6.8014],[-0.5815,6.7942],[-0.5726,6.7876],[-0.5725,6.7823],[-0.5693,6.7834],[-0.5674,6.7794],[-0.5604,6.7769],[-0.5611,6.7885],[-0.5548,6.781],[-0.549,6.7818],[-0.5435,6.7698],[-0.5382,6.7797],[-0.5386,6.7914],[-0.547,6.8093],[-0.5515,6.8118],[-0.5518,6.8126],[-0.5454,6.8131],[-0.5482,6.8267],[-0.5419,6.8299],[-0.5437,6.8356],[-0.5406,6.8361],[-0.538,6.8297],[-0.5421,6.8233],[-0.5395,6.8074],[-0.5347,6.8014],[-0.5309,6.806],[-0.5297,6.7992],[-0.5217,6.8015],[-0.5294,6.7948],[-0.5284,6.7894],[-0.513,6.7898],[-0.5223,6.785],[-0.5214,6.7822],[-0.5269,6.7779],[-0.5149,6.7781],[-0.5188,6.7709],[-0.5251,6.7679],[-0.5135,6.7686],[-0.5082,6.7649],[-0.5171,6.7604],[-0.5075,6.7523],[-0.5055,6.7399],[-0.5022,6.7397],[-0.4897,6.7587],[-0.4916,6.7615],[-0.484,6.7633],[-0.487,6.7535],[-0.4834,6.7505],[-0.4854,6.7449],[-0.4825,6.7421],[-0.476,6.7436],[-0.4742,6.7506],[-0.4698,6.7476],[-0.461,6.753],[-0.4632,6.739],[-0.4572,6.7378],[-0.4509,6.7436],[-0.4517,6.7494],[-0.4431,6.7535],[-0.4378,6.7485],[-0.4346,6.753],[-0.4236,6.7407],[-0.4263,6.7362],[-0.4221,6.7256],[-0.4159,6.7215],[-0.4034,6.7244],[-0.4053,6.7276],[-0.4006,6.7344],[-0.4158,6.7363],[-0.4166,6.739],[-0.4105,6.7437],[-0.4138,6.7456],[-0.4115,6.7525],[-0.4197,6.7538],[-0.4262,6.7668],[-0.4372,6.7767],[-0.434,6.7826],[-0.4339,6.7795],[-0.4268,6.777],[-0.4255,6.7737],[-0.4215,6.7751],[-0.4162,6.7659],[-0.4109,6.7661],[-0.4038,6.7611],[-0.4044,6.7713],[-0.3968,6.7657],[-0.3891,6.7698],[-0.3944,6.78],[-0.3888,6.7835],[-0.3962,6.7862],[-0.3965,6.7871],[-0.3889,6.7882],[-0.3866,6.7931],[-0.388,6.7963],[-0.396,6.7957],[-0.3905,6.7996],[-0.3964,6.8091],[-0.3914,6.8123],[-0.4029,6.8157],[-0.3923,6.8194],[-0.3926,6.8253],[-0.4104,6.8319],[-0.3955,6.8349],[-0.3971,6.8523],[-0.3939,6.862],[-0.3903,6.8626],[-0.3896,6.8471],[-0.3826,6.8498],[-0.3871,6.844],[-0.3879,6.8353],[-0.3813,6.8283],[-0.3841,6.8231],[-0.3794,6.8147],[-0.381,6.8061],[-0.3767,6.8018],[-0.3681,6.8102],[-0.365,6.8124],[-0.3632,6.8119],[-0.3755,6.7926],[-0.3746,6.7831],[-0.37,6.7848],[-0.3765,6.7719],[-0.3705,6.7706],[-0.3729,6.7626],[-0.3697,6.7544],[-0.3559,6.7681],[-0.363,6.7542],[-0.3644,6.7401],[-0.3633,6.7348],[-0.3541,6.7444],[-0.355,6.7297],[-0.3633,6.7248],[-0.3584,6.7204],[-0.3507,6.703],[-0.3401,6.7062],[-0.343,6.7148],[-0.3375,6.7187],[-0.3486,6.7242],[-0.3496,6.73],[-0.3433,6.7321],[-0.3414,6.7363],[-0.3338,6.7327],[-0.3343,6.7425],[-0.329,6.7383],[-0.3245,6.7442],[-0.3192,6.7305],[-0.3111,6.7332],[-0.3077,6.7313],[-0.3021,6.7164],[-0.3025,6.7228],[-0.2982,6.7278],[-0.3014,6.7425],[-0.3052,6.745],[-0.299,6.7609],[-0.293,6.7412],[-0.2854,6.7502],[-0.2846,6.7313],[-0.2794,6.7355],[-0.2738,6.7374],[-0.272,6.7372],[-0.2755,6.7328],[-0.273,6.723],[-0.268,6.7231],[-0.2606,6.7302],[-0.2545,6.727],[-0.2449,6.7288],[-0.2425,6.7241],[-0.2442,6.7117],[-0.2296,6.7113],[-0.2281,6.7144],[-0.2425,6.7292],[-0.243,6.7353],[-0.2506,6.7411],[-0.2365,6.7461],[-0.2493,6.7582],[-0.2464,6.7643],[-0.2529,6.7745],[-0.2598,6.7777],[-0.2567,6.7783],[-0.2548,6.7843],[-0.2507,6.7753],[-0.246,6.7786],[-0.2452,6.7683],[-0.2363,6.7696],[-0.2402,6.7629],[-0.2311,6.7568],[-0.2259,6.7614],[-0.2214,6.739],[-0.2183,6.741],[-0.2187,6.7519],[-0.2096,6.7619],[-0.2116,6.7578],[-0.1987,6.7499],[-0.1903,6.7554],[-0.1907,6.7433],[-0.1976,6.739],[-0.1941,6.7304],[-0.19,6.7317],[-0.1771,6.7517],[-0.1676,6.7517],[-0.1728,6.7436],[-0.1706,6.7338],[-0.1743,6.7283],[-0.1576,6.7373],[-0.1532,6.7343],[-0.1603,6.7275],[-0.1537,6.7221],[-0.1598,6.7219],[-0.1602,6.7168],[-0.1642,6.7157],[-0.178,6.717],[-0.1797,6.7116],[-0.1846,6.7092],[-0.1782,6.6981],[-0.1684,6.6952],[-0.1754,6.6914],[-0.1746,6.688],[-0.1838,6.6894],[-0.1882,6.6843],[-0.1775,6.6775],[-0.178,6.6719],[-0.1828,6.6759],[-0.1868,6.6738],[-0.1886,6.6641],[-0.1733,6.6601],[-0.1818,6.6541],[-0.1707,6.6469],[-0.1664,6.648],[-0.1654,6.6523],[-0.1592,6.6527],[-0.1505,6.6457],[-0.1483,6.6491],[-0.142,6.6481],[-0.139,6.6513],[-0.1374,6.6453],[-0.1317,6.6442],[-0.1278,6.6468],[-0.1291,6.6501],[-0.1246,6.6485],[-0.1209,6.6513],[-0.1158,6.6476],[-0.1191,6.6454],[-0.1198,6.6351],[-0.1292,6.6278],[-0.1194,6.624],[-0.1182,6.633],[-0.1135,6.6391],[-0.1087,6.6391],[-0.1067,6.6227],[-0.1,6.6151],[-0.0963,6.6193],[-0.0987,6.6249],[-0.0971,6.6391],[-0.0923,6.6348],[-0.0893,6.6251],[-0.0891,6.6296],[-0.0833,6.6344],[-0.0742,6.6174],[-0.0791,6.6125],[-0.0771,6.6004],[-0.0713,6.6008],[-0.0668,6.6084],[-0.0625,6.6073],[-0.0571,6.6138],[-0.0476,6.6137],[-0.0507,6.6216],[-0.0626,6.6268],[-0.0683,6.6363],[-0.0554,6.6312],[-0.0547,6.643],[-0.0456,6.6348],[-0.0371,6.6352],[-0.0463,6.6519],[-0.0364,6.6489],[-0.0399,6.6597],[-0.0272,6.651],[-0.0202,6.6571],[-0.026,6.6676],[-0.0079,6.6688],[-0.0112,6.6775],[-0.0158,6.6803],[-0.029,6.6799],[-0.0345,6.6829],[-0.0218,6.6879],[-0.0322,6.6968],[-0.0232,6.6956],[-0.0196,6.7],[-0.0328,6.7143],[-0.0482,6.7155],[-0.0322,6.7204],[-0.0381,6.7328],[-0.0438,6.7359],[-0.0342,6.734],[-0.0253,6.7161],[-0.0106,6.7108],[-0.0094,6.7185],[-0.0174,6.728],[-0.0097,6.7247],[-0.0092,6.7315],[-0.0032,6.7194],[0.0028,6.7171],[0.0085,6.7236],[0.0028,6.7384],[0.0121,6.7304],[0.017,6.7402],[0.0154,6.7459],[0.0208,6.7476],[0.0199,6.7433],[0.025,6.7435],[0.0206,6.7398],[0.02,6.7236],[0.0443,6.7339],[0.0329,6.7233],[0.0335,6.7213],[0.0437,6.725],[0.0355,6.7143],[0.055,6.7161],[0.0361,6.7048],[0.0331,6.6985],[0.0517,6.7006],[0.0447,6.6909],[0.0523,6.6904],[0.0603,6.6946],[0.0596,6.6905],[0.0488,6.6839],[0.0496,6.6766],[0.0591,6.6735],[0.0628,6.6849],[0.0697,6.682],[0.0718,6.6884],[0.0774,6.685],[0.086,6.6917],[0.0736,6.6727],[0.0778,6.6714],[0.0786,6.6672],[0.0726,6.6631],[0.0674,6.6495],[0.0695,6.6481],[0.0767,6.6537],[0.0804,6.6524],[0.0812,6.6562],[0.087,6.6589],[0.0812,6.6598],[0.08,6.6728],[0.0877,6.6744],[0.0944,6.6816],[0.0977,6.679],[0.1065,6.695],[0.1093,6.6884],[0.1147,6.6961],[0.1193,6.6964],[0.1163,6.6942],[0.1184,6.6821],[0.1279,6.689],[0.1263,6.696],[0.1315,6.7028],[0.1326,6.6959],[0.1372,6.6934],[0.1402,6.6985],[0.1438,6.6988],[0.1414,6.7041],[0.1497,6.7082],[0.1477,6.7048],[0.1504,6.7005],[0.1619,6.6956],[0.1639,6.7023],[0.1592,6.7058],[0.1675,6.7083],[0.1681,6.7124],[0.1646,6.7141],[0.1754,6.7175],[0.1723,6.722],[0.1818,6.7238],[0.178,6.7304],[0.1862,6.7299],[0.1831,6.7335],[0.1864,6.7389],[0.1908,6.7398],[0.1891,6.7423],[0.1836,6.7432],[0.1686,6.7372],[0.1692,6.7403],[0.1613,6.7414],[0.172,6.7458],[0.175,6.7521],[0.1812,6.7527],[0.1847,6.7605],[0.1802,6.7567],[0.18,6.7594],[0.1731,6.7615],[0.1683,6.7572],[0.1606,6.7671],[0.1555,6.7649],[0.1523,6.768],[0.151,6.7762],[0.1437,6.7764],[0.1412,6.7715],[0.1455,6.7713],[0.1423,6.7663],[0.137,6.7663],[0.1331,6.7619],[0.1407,6.7566],[0.128,6.7602],[0.1277,6.7654],[0.1237,6.7549],[0.1195,6.7535],[0.1201,6.7576],[0.1149,6.7572],[0.1217,6.769],[0.116,6.7685],[0.1177,6.7742],[0.1034,6.7653],[0.0988,6.7699],[0.1083,6.7759],[0.1102,6.7805],[0.1014,6.7768],[0.0962,6.7801],[0.0859,6.7798],[0.0996,6.7908],[0.0969,6.7965],[0.1018,6.8019],[0.0915,6.8053],[0.1006,6.8125],[0.0905,6.8151],[0.0879,6.819],[0.0809,6.8131],[0.0747,6.8133],[0.0803,6.809],[0.081,6.8033],[0.0762,6.8055],[0.072,6.8012],[0.0647,6.8081],[0.0615,6.8057],[0.0679,6.7947],[0.0543,6.8002],[0.0614,6.7864],[0.0578,6.7909],[0.0494,6.7933],[0.0487,6.788],[0.0556,6.7752],[0.0536,6.7674],[0.0504,6.7768],[0.044,6.7734],[0.0422,6.7836],[0.0331,6.7797],[0.0346,6.7833],[0.0314,6.7864],[0.0399,6.7917],[0.0388,6.7955],[0.0426,6.8015],[0.0383,6.8048],[0.0454,6.8108],[0.043,6.8123],[0.0408,6.8081],[0.033,6.8077],[0.0292,6.8034],[0.0291,6.7959],[0.0226,6.7991],[0.0198,6.7967],[0.0229,6.7904],[0.0116,6.7915],[0.0122,6.786],[0.0179,6.782],[0.0154,6.7769],[0.0104,6.7782],[0.0112,6.7696],[0.0048,6.7692],[0.0029,6.7805],[-0.004,6.7713],[-0.0044,6.7815],[-0.0153,6.7695],[-0.018,6.7713],[-0.0152,6.7769],[-0.0239,6.7782],[-0.0224,6.7841],[-0.0152,6.7868],[-0.013,6.7978],[-0.0234,6.7942],[-0.026,6.8038],[-0.0346,6.8073],[-0.0418,6.7965],[-0.0341,6.7884],[-0.0399,6.7818],[-0.0398,6.7733],[-0.0452,6.7783],[-0.0515,6.7786],[-0.0636,6.7731],[-0.0648,6.7785],[-0.0719,6.7671],[-0.0721,6.7784],[-0.0747,6.7801],[-0.0862,6.7703],[-0.0884,6.761],[-0.0907,6.7665],[-0.096,6.7628],[-0.0965,6.7661],[-0.1024,6.7682],[-0.0941,6.7689],[-0.0868,6.7819],[-0.1003,6.7845],[-0.0784,6.7881],[-0.0961,6.8014],[-0.0869,6.8009],[-0.067,6.7918],[-0.0568,6.7948],[-0.0554,6.7979],[-0.0593,6.8032],[-0.0915,6.8108],[-0.0899,6.8137],[-0.0923,6.8151],[-0.0972,6.814],[-0.1083,6.8328],[-0.1169,6.8371],[-0.1162,6.8414],[-0.1059,6.8369],[-0.1056,6.8398],[-0.101,6.8308],[-0.0969,6.8377],[-0.0982,6.8278],[-0.0949,6.826],[-0.0916,6.8308],[-0.0921,6.8227],[-0.0796,6.8221],[-0.08,6.8296],[-0.0746,6.8241],[-0.0691,6.8278],[-0.0564,6.8237],[-0.0506,6.8257],[-0.0539,6.8344],[-0.0638,6.8359],[-0.0695,6.8419],[-0.0721,6.8522],[-0.0665,6.8547],[-0.0649,6.8489],[-0.0484,6.8418],[-0.0503,6.8509],[-0.0624,6.8592],[-0.0596,6.8622],[-0.0641,6.8661],[-0.0584,6.8668],[-0.0598,6.8767],[-0.0556,6.8746],[-0.051,6.8645],[-0.0448,6.8646],[-0.0414,6.8695],[-0.0427,6.8748],[-0.0497,6.8771],[-0.0498,6.8842],[-0.0557,6.8908],[-0.0516,6.8909],[-0.0526,6.8963],[-0.0501,6.8989],[-0.0412,6.8883],[-0.0417,6.8976],[-0.0378,6.8969],[-0.0351,6.901],[-0.0368,6.8936],[-0.0337,6.8926],[-0.0284,6.8775],[-0.0251,6.8782],[-0.0234,6.885],[-0.0219,6.8868],[-0.0229,6.8769],[-0.0184,6.8761],[-0.024,6.8714],[-0.0193,6.8572],[-0.0266,6.8465],[-0.0207,6.8436],[-0.0161,6.8465],[-0.0032,6.8389],[0.0007,6.8566],[0.0093,6.8608],[0.0123,6.8695],[0.0235,6.8639],[0.0298,6.867],[0.0253,6.879],[0.0301,6.8784],[0.0373,6.8714],[0.0382,6.8771],[0.0413,6.8741],[0.0414,6.8767],[0.0453,6.8754],[0.0477,6.8796],[0.0537,6.8787],[0.0545,6.8848],[0.0705,6.8894],[0.07,6.8962],[0.0759,6.8933],[0.0784,6.8995],[0.0834,6.8989],[0.1185,6.9173],[0.1155,6.9252],[0.1088,6.9265],[0.1013,6.934],[0.099,6.9293],[0.0947,6.9302],[0.0918,6.9259],[0.0843,6.928],[0.0765,6.9251],[0.0674,6.9101],[0.0509,6.9134],[0.0433,6.9119],[0.0396,6.9178],[0.0345,6.9122],[0.0287,6.9172],[0.0143,6.9161],[0.008,6.9094],[-0.0055,6.9169],[-0.0012,6.9197],[-0.0053,6.9245],[0.0053,6.9246],[0.0082,6.9304],[0.0053,6.9373],[-0.0067,6.9424],[0.0073,6.9447],[0.0074,6.9523],[0.0193,6.9518],[0.0162,6.9626],[0.0185,6.9673],[0.0288,6.9609],[0.0347,6.9644],[0.0339,6.9733],[0.0279,6.9764],[0.028,6.9791],[0.0322,6.9795],[0.0283,6.9838],[0.0336,6.985],[0.0288,6.9919],[0.034,6.9928],[0.0335,6.9983],[0.0378,6.9955],[0.0395,6.9979],[0.0421,6.992],[0.0472,6.9907],[0.0418,7.0056],[0.047,7.0018],[0.0515,7.0025],[0.0441,7.0112],[0.0545,7.0101],[0.0563,6.9978],[0.0603,6.9948],[0.0768,6.9975],[0.0865,6.991],[0.0911,6.9941],[0.09,6.9979],[0.0844,6.9999],[0.0826,7.0078],[0.0691,7.0051],[0.0622,7.0071],[0.0498,7.022],[0.0548,7.0256],[0.0529,7.0295],[0.0561,7.0324],[0.0523,7.0367],[0.0555,7.0428],[0.0625,7.0401],[0.0731,7.0434],[0.0691,7.0478],[0.0699,7.0556],[0.0738,7.0563],[0.0756,7.0688],[0.0817,7.0664],[0.0874,7.0712],[0.0957,7.0713],[0.1003,7.0541],[0.1102,7.0659],[0.1163,7.0642],[0.1165,7.0457],[0.1295,7.0683],[0.1196,7.0767],[0.1155,7.0719],[0.1124,7.0749],[0.1089,7.0714],[0.0977,7.073],[0.0985,7.0805],[0.0907,7.079],[0.0887,7.0894],[0.0822,7.0886],[0.0802,7.0836],[0.07,7.0819],[0.0751,7.0953],[0.0835,7.0959],[0.0809,7.1001],[0.0876,7.0995],[0.0916,7.1026],[0.0766,7.1133],[0.0676,7.1098],[0.0591,7.1117],[0.0657,7.1192],[0.0677,7.1161],[0.0732,7.1175],[0.0744,7.1232],[0.0791,7.1207],[0.0892,7.1293],[0.0916,7.1395],[0.0897,7.1443],[0.0939,7.1487],[0.0868,7.1466],[0.0861,7.1511],[0.081,7.1439],[0.0762,7.1494],[0.0794,7.1625],[0.0902,7.1664],[0.0852,7.1747],[0.075,7.1657],[0.0748,7.1694],[0.0693,7.1666],[0.0712,7.1597],[0.0665,7.16],[0.0651,7.1569],[0.0619,7.1656],[0.0596,7.1549],[0.0553,7.15],[0.0546,7.1555],[0.0463,7.146],[0.0484,7.1549],[0.0405,7.1621],[0.0384,7.1676],[0.042,7.1728],[0.0383,7.1804],[0.0381,7.1726],[0.0354,7.1737],[0.0318,7.1663],[0.0292,7.1682],[0.0315,7.1724],[0.0274,7.1716],[0.024,7.1754],[0.0219,7.173],[0.0196,7.1793],[0.0114,7.1753],[0.0143,7.1814],[0.0112,7.1835],[0.0073,7.181],[0.0071,7.1861],[0.0029,7.1858],[0.0046,7.1916],[-0.0022,7.1827],[-0.0036,7.186],[-0.0126,7.186],[-0.0128,7.1788],[-0.0071,7.1756],[-0.0169,7.1771],[-0.0171,7.1614],[-0.0199,7.1597],[-0.0233,7.1727],[-0.0212,7.1783],[-0.0268,7.1834],[-0.0304,7.1753],[-0.0327,7.1814],[-0.0398,7.1803],[-0.0411,7.1772],[-0.0433,7.1802],[-0.0477,7.1668],[-0.0496,7.1724],[-0.0543,7.1689],[-0.0504,7.1741],[-0.053,7.1744],[-0.0495,7.1786],[-0.0514,7.1824],[-0.0388,7.189],[-0.0468,7.1923],[-0.0536,7.1869],[-0.0586,7.1872],[-0.0577,7.1826],[-0.0612,7.1794],[-0.0627,7.1821],[-0.0702,7.1804],[-0.0688,7.171],[-0.0772,7.1766],[-0.0814,7.1597],[-0.0833,7.1651],[-0.0863,7.1588],[-0.088,7.1614],[-0.083,7.1687],[-0.0862,7.1707],[-0.0849,7.1752],[-0.0921,7.1741],[-0.0924,7.178],[-0.0966,7.1802],[-0.1051,7.1594],[-0.1069,7.1628],[-0.1109,7.1555],[-0.114,7.1541],[-0.1034,7.1708],[-0.112,7.1684],[-0.1045,7.1761],[-0.1033,7.1798],[-0.1063,7.181],[-0.1002,7.1839],[-0.1059,7.1903],[-0.1045,7.1927],[-0.1171,7.1899],[-0.1236,7.1936],[-0.1259,7.1847],[-0.1287,7.1899],[-0.1332,7.1897],[-0.1307,7.1941],[-0.1343,7.192],[-0.1495,7.194],[-0.1461,7.1975],[-0.1477,7.2002],[-0.1542,7.1933],[-0.161,7.1941],[-0.1638,7.1906],[-0.1644,7.1952],[-0.1601,7.1954],[-0.1617,7.2017],[-0.1587,7.1949],[-0.1545,7.1958],[-0.1487,7.2028],[-0.1473,7.21],[-0.1438,7.2069],[-0.1429,7.2093],[-0.14,7.2096],[-0.1445,7.2022],[-0.1428,7.1966],[-0.1361,7.1962],[-0.134,7.2006],[-0.1306,7.1949],[-0.1229,7.2036],[-0.1237,7.1956],[-0.1089,7.1992],[-0.1053,7.2026],[-0.1107,7.2076],[-0.107,7.2078],[-0.1021,7.2035],[-0.0961,7.2045],[-0.1071,7.1972],[-0.0985,7.1984],[-0.0991,7.1902],[-0.0952,7.1915],[-0.096,7.1884],[-0.0915,7.1841],[-0.0806,7.1823],[-0.0825,7.189],[-0.0774,7.1883],[-0.0772,7.1932],[-0.0719,7.188],[-0.0653,7.1896],[-0.0693,7.2007],[-0.0642,7.1981],[-0.0605,7.2002],[-0.0604,7.2035],[-0.0664,7.2056],[-0.0549,7.2104],[-0.0525,7.2179],[-0.0594,7.2202],[-0.0555,7.2219],[-0.047,7.2178],[-0.0521,7.2133],[-0.05,7.2109],[-0.052,7.2076],[-0.0578,7.2055],[-0.052,7.2008],[-0.0396,7.2062],[-0.0347,7.2011],[-0.0349,7.2072],[-0.0396,7.2084],[-0.036,7.2107],[-0.03,7.2103],[-0.033,7.2059],[-0.0312,7.2036],[-0.0285,7.2061],[-0.0253,7.2044],[-0.0297,7.199],[-0.0278,7.1975],[-0.019,7.2013],[-0.0192,7.2077],[-0.0239,7.2132],[-0.0177,7.2214],[-0.0173,7.2131],[-0.0147,7.2115],[-0.0109,7.2143],[-0.0117,7.21],[-0.0087,7.2103],[-0.0107,7.1977],[-0.0037,7.205],[0.0031,7.1974],[0.0072,7.2009],[0.0084,7.2092],[-0.0003,7.213],[0.0024,7.2157],[0.0076,7.2136],[0.0127,7.219],[0.0049,7.2281],[0.0089,7.232],[0.0074,7.2337],[0.0075,7.2348],[0.013,7.235],[0.0126,7.2391],[0.0133,7.2414],[0.0152,7.2433],[0.0143,7.2445],[0.0157,7.2432],[0.0131,7.239],[0.0158,7.2384],[0.016,7.2333],[0.0191,7.2337],[0.0105,7.2266],[0.0203,7.2218],[0.0121,7.2069],[0.0154,7.207],[0.0128,7.2002],[0.0163,7.202],[0.0117,7.1888],[0.0189,7.1914],[0.0195,7.1879],[0.0228,7.1884],[0.0219,7.1906],[0.0256,7.192],[0.0221,7.1959],[0.0272,7.1983],[0.0238,7.2002],[0.0287,7.201],[0.0316,7.2077],[0.0342,7.206],[0.0387,7.2093],[0.0373,7.2119],[0.0415,7.2131],[0.0409,7.2079],[0.0439,7.2099],[0.0443,7.2084],[0.0412,7.2048],[0.0483,7.199],[0.049,7.2057],[0.0523,7.2038],[0.0559,7.2068],[0.0535,7.2021],[0.0559,7.2012],[0.0521,7.1989],[0.0544,7.1967],[0.0485,7.1942],[0.0522,7.19],[0.049,7.1884],[0.0524,7.1843],[0.0521,7.1795],[0.0557,7.1813],[0.0567,7.1876],[0.0599,7.1854],[0.0636,7.1937],[0.0686,7.193],[0.0673,7.1885],[0.0761,7.1939],[0.0744,7.2009],[0.0801,7.2019],[0.0767,7.2054],[0.0792,7.206],[0.0797,7.2135],[0.0834,7.2071],[0.0882,7.209],[0.0894,7.2062],[0.094,7.2102],[0.0936,7.2046],[0.0897,7.2016],[0.0923,7.1903],[0.0968,7.1954],[0.0964,7.1825],[0.1033,7.1812],[0.1077,7.1933],[0.1073,7.2035],[0.1095,7.2035],[0.1124,7.2141],[0.1148,7.2185],[0.1194,7.2145],[0.1223,7.2166],[0.1222,7.2235],[0.1269,7.2256],[0.128,7.2344],[0.127,7.2365],[0.1241,7.2335],[0.123,7.2398],[0.1332,7.2389],[0.1353,7.2434],[0.1395,7.2441],[0.1399,7.248],[0.1314,7.2509],[0.1373,7.2556],[0.1417,7.2535],[0.1406,7.2592],[0.1472,7.259],[0.1463,7.2648],[0.1411,7.2675],[0.1498,7.2674],[0.1455,7.2724],[0.1499,7.2788],[0.155,7.2764],[0.1543,7.2844],[0.1619,7.2738],[0.1601,7.2719],[0.1639,7.2674],[0.1654,7.2527],[0.1745,7.2653],[0.1815,7.269],[0.1813,7.2831],[0.1745,7.2902],[0.1814,7.2907],[0.1863,7.2962],[0.1765,7.2941],[0.1789,7.2995],[0.1769,7.3091],[0.1737,7.3146],[0.1691,7.3154],[0.1717,7.3207],[0.1673,7.331],[0.1689,7.345],[0.1653,7.3723],[0.1628,7.381],[0.1584,7.3829],[0.1599,7.3911],[0.1556,7.3893],[0.154,7.3834],[0.1561,7.378],[0.1616,7.3764],[0.1577,7.3675],[0.1599,7.3649],[0.1566,7.3519],[0.1507,7.3644],[0.154,7.3143],[0.1494,7.3138],[0.1475,7.3195],[0.1504,7.3236],[0.1473,7.3288],[0.1412,7.3252],[0.1411,7.3196],[0.1378,7.3225],[0.1375,7.3198],[0.1336,7.3218],[0.1388,7.3313],[0.1345,7.3306],[0.1339,7.3342],[0.1309,7.3313],[0.1253,7.332],[0.1257,7.337],[0.1331,7.344],[0.1291,7.3463],[0.1303,7.3524],[0.1193,7.3438],[0.1208,7.357],[0.1148,7.3595],[0.1115,7.3561],[0.1102,7.3587],[0.1085,7.3549],[0.1034,7.3548],[0.1025,7.3501],[0.0999,7.3524],[0.1008,7.3472],[0.0988,7.3443],[0.1002,7.3492],[0.0956,7.3521],[0.0979,7.3557],[0.0864,7.3543],[0.0908,7.3582],[0.0881,7.3646],[0.0837,7.3655],[0.088,7.3665],[0.0936,7.3635],[0.0927,7.3693],[0.0879,7.3734],[0.0909,7.3803],[0.0872,7.3809],[0.0875,7.3905],[0.0813,7.3929],[0.083,7.3961],[0.0828,7.3968],[0.0785,7.3932],[0.0737,7.3997],[0.0825,7.4052],[0.073,7.404],[0.0761,7.4092],[0.0712,7.4067],[0.0625,7.4212],[0.0669,7.4278],[0.0613,7.4305],[0.056,7.4255],[0.051,7.4313],[0.0532,7.435],[0.0505,7.4344],[0.0468,7.4408],[0.0495,7.4455],[0.0445,7.4491],[0.0443,7.454],[0.0546,7.4536],[0.0556,7.457],[0.0597,7.457],[0.0619,7.4642],[0.0615,7.4704],[0.0577,7.4736],[0.0523,7.4655],[0.0452,7.4625],[0.0398,7.4691],[0.0533,7.4832],[0.052,7.487],[0.0473,7.4847],[0.0458,7.4877],[0.0517,7.4965],[0.0462,7.4993],[0.0445,7.4927],[0.0383,7.4954],[0.0414,7.4855],[0.0353,7.4856],[0.0333,7.4824],[0.0263,7.4885],[0.0269,7.4927],[0.0223,7.4923],[0.0177,7.4968],[0.0189,7.5013],[0.0141,7.4961],[0.0096,7.5065],[0.0047,7.5063],[-0.0003,7.5139],[-0.0053,7.516],[-0.0055,7.5114],[-0.0078,7.5118],[-0.0118,7.5181],[-0.0181,7.5139],[-0.0168,7.5209],[-0.0262,7.5191],[-0.0246,7.5119],[-0.029,7.5055],[-0.0321,7.5147],[-0.0357,7.5131],[-0.0327,7.5193],[-0.0383,7.5242],[-0.0444,7.5237],[-0.0477,7.5135],[-0.0491,7.5203],[-0.0542,7.5242],[-0.0534,7.5189],[-0.0576,7.5206],[-0.0611,7.5126],[-0.0685,7.5229],[-0.0722,7.5171],[-0.0772,7.5183],[-0.0779,7.5099],[-0.084,7.5125],[-0.0833,7.518],[-0.087,7.518],[-0.0931,7.526],[-0.0991,7.5194],[-0.0944,7.5166],[-0.0965,7.514],[-0.0941,7.5115],[-0.0912,7.5135],[-0.083,7.5089],[-0.088,7.5017],[-0.079,7.4985],[-0.072,7.501],[-0.0777,7.496],[-0.0771,7.4898],[-0.0676,7.4945],[-0.0735,7.4873],[-0.068,7.4823],[-0.0693,7.4758],[-0.0513,7.4749],[-0.0576,7.4725],[-0.0567,7.4697],[-0.0653,7.4709],[-0.0637,7.4656],[-0.0717,7.4627],[-0.0684,7.4684],[-0.0769,7.4794],[-0.0846,7.4736],[-0.0806,7.4867],[-0.0843,7.4892],[-0.083,7.4934],[-0.0922,7.4981],[-0.0955,7.4953],[-0.0892,7.4847],[-0.0974,7.4727],[-0.1031,7.4753],[-0.1064,7.471],[-0.1071,7.4739],[-0.1222,7.4672],[-0.1232,7.4628],[-0.1245,7.4654],[-0.129,7.4648],[-0.1349,7.4608],[-0.1386,7.46],[-0.1257,7.4702],[-0.1203,7.4705],[-0.1006,7.4829],[-0.1045,7.4905],[-0.1119,7.4888],[-0.1068,7.496],[-0.1193,7.4936],[-0.1086,7.5012],[-0.1054,7.5078],[-0.1072,7.5108],[-0.1132,7.5085],[-0.1145,7.5037],[-0.1223,7.5017],[-0.1166,7.5056],[-0.1195,7.5095],[-0.1141,7.5156],[-0.1284,7.5088],[-0.1357,7.5097],[-0.1186,7.517],[-0.1207,7.5193],[-0.1146,7.5226],[-0.1159,7.5299],[-0.1257,7.525],[-0.1202,7.5312],[-0.13,7.5309],[-0.1371,7.5197],[-0.1422,7.5193],[-0.1389,7.5253],[-0.1547,7.5195],[-0.1608,7.5202],[-0.1375,7.5341],[-0.1463,7.5365],[-0.1479,7.5336],[-0.152,7.5374],[-0.1551,7.5343],[-0.1641,7.5366],[-0.1687,7.5263],[-0.1689,7.5383],[-0.1776,7.5352],[-0.1809,7.538],[-0.1848,7.5327],[-0.1858,7.5374],[-0.1886,7.5349],[-0.1925,7.5385],[-0.2012,7.5346],[-0.1983,7.5276],[-0.2079,7.5265],[-0.2042,7.5324],[-0.2062,7.533],[-0.2137,7.5298],[-0.2231,7.5315],[-0.2259,7.5204],[-0.2279,7.5281],[-0.2388,7.5254],[-0.2479,7.5277],[-0.2394,7.5279],[-0.237,7.5316],[-0.2283,7.5303],[-0.2287,7.5331],[-0.2224,7.5358],[-0.209,7.5354],[-0.2147,7.5458],[-0.2055,7.5378],[-0.1996,7.541],[-0.2031,7.549],[-0.1966,7.5436],[-0.1877,7.5433],[-0.1898,7.55],[-0.1873,7.5493],[-0.1864,7.5549],[-0.1857,7.5455],[-0.1821,7.543],[-0.1788,7.5484],[-0.1773,7.5456],[-0.1666,7.5434],[-0.1677,7.5503],[-0.1641,7.5475],[-0.1562,7.5514],[-0.1605,7.5438],[-0.1497,7.5454],[-0.1434,7.5521],[-0.1416,7.5444],[-0.1366,7.5443],[-0.1363,7.5488],[-0.13,7.5396],[-0.126,7.5441],[-0.133,7.5519],[-0.1322,7.5565],[-0.1395,7.5616],[-0.1397,7.5636],[-0.1317,7.5584],[-0.1303,7.5732],[-0.1267,7.5711],[-0.1284,7.5614],[-0.1264,7.5624],[-0.1238,7.5622],[-0.1285,7.5602],[-0.1283,7.5556],[-0.1241,7.5552],[-0.1259,7.5529],[-0.1199,7.5486],[-0.1177,7.5417],[-0.1169,7.5552],[-0.1128,7.5466],[-0.1095,7.5515],[-0.1093,7.5405],[-0.1063,7.5446],[-0.1029,7.541],[-0.093,7.5466],[-0.0919,7.5445],[-0.0985,7.5407],[-0.0876,7.5446],[-0.0944,7.5581],[-0.0904,7.5613],[-0.0844,7.55],[-0.0781,7.5477],[-0.081,7.5405],[-0.0747,7.5413],[-0.0702,7.5467],[-0.0674,7.5418],[-0.0503,7.5416],[-0.0469,7.5447],[-0.0589,7.5599],[-0.0541,7.5584],[-0.0503,7.5657],[-0.0511,7.5564],[-0.0435,7.5534],[-0.0416,7.5464],[-0.035,7.5486],[-0.034,7.5568],[-0.0296,7.5513],[-0.0313,7.5427],[-0.0234,7.5477],[-0.02,7.5453],[-0.0122,7.5477],[-0.0147,7.5429],[-0.0239,7.5383],[-0.0205,7.5354],[-0.0098,7.5374],[-0.0086,7.5342],[-0.0043,7.5353],[-0.0009,7.5412],[-0.0025,7.5543],[0.0022,7.5521],[0.005,7.5541],[0.0043,7.5492],[0.0085,7.5507],[0.0114,7.5432],[0.0158,7.541],[0.0191,7.5442],[0.0266,7.5434],[0.0265,7.5484],[0.0348,7.5448],[0.0352,7.5389],[0.0391,7.54],[0.0397,7.5344],[0.0468,7.5357],[0.0384,7.551],[0.0259,7.5596],[0.0204,7.5601],[0.0172,7.5558],[0.0141,7.5625],[0.0206,7.5636],[0.0141,7.5671],[0.0165,7.5697],[-0.0091,7.5841],[-0.0059,7.5855],[-0.007,7.588],[-0.0003,7.59],[-0.0057,7.5999],[-0.0125,7.6021],[-0.0105,7.6076],[-0.015,7.6096],[-0.0149,7.6149],[-0.0186,7.6152],[-0.0166,7.6272],[-0.0229,7.6276],[-0.0245,7.6214],[-0.0338,7.6283],[-0.0409,7.6301],[-0.0444,7.6257],[-0.0498,7.6314],[-0.0616,7.6313],[-0.063,7.6341],[-0.061,7.6424],[-0.0519,7.6481],[-0.0577,7.6532],[-0.0575,7.6584],[-0.0337,7.6808],[-0.0335,7.6861],[-0.0287,7.6851],[-0.0295,7.6914],[-0.0192,7.6991],[-0.0214,7.7032],[-0.0192,7.7068],[-0.0126,7.7074],[-0.0097,7.7135],[-0.0052,7.7137],[-0.0128,7.7261],[-0.0109,7.7388],[-0.0037,7.7392],[0.0065,7.7492],[0.0034,7.7567],[-0.0122,7.7578],[-0.0232,7.7636],[-0.0283,7.7521],[-0.0325,7.7628],[-0.0406,7.7543],[-0.0345,7.7397],[-0.0204,7.7398],[-0.0251,7.7317],[-0.0207,7.7312],[-0.0202,7.7278],[-0.0316,7.7164],[-0.0183,7.7162],[-0.0338,7.7004],[-0.0431,7.6985],[-0.0447,7.6849],[-0.0405,7.6817],[-0.0413,7.6791],[-0.0467,7.6742],[-0.0587,7.673],[-0.0559,7.6639],[-0.0659,7.6603],[-0.0694,7.6539],[-0.0726,7.6747],[-0.076,7.6781],[-0.0777,7.6692],[-0.0836,7.6642],[-0.084,7.6576],[-0.0875,7.6633],[-0.0959,7.6603],[-0.0854,7.6701],[-0.0853,7.6766],[-0.089,7.679],[-0.1035,7.6684],[-0.1068,7.6691],[-0.1067,7.6642],[-0.1128,7.6641],[-0.1095,7.6632],[-0.1058,7.6536],[-0.1106,7.6574],[-0.1164,7.6562],[-0.1209,7.6523],[-0.1181,7.647],[-0.1285,7.6409],[-0.1238,7.6557],[-0.1279,7.6589],[-0.1207,7.6761],[-0.1149,7.6801],[-0.1175,7.682],[-0.1159,7.6868],[-0.1219,7.6847],[-0.1236,7.6913],[-0.116,7.7043],[-0.1226,7.704],[-0.1241,7.7105],[-0.1283,7.7073],[-0.13,7.7154],[-0.1386,7.7133],[-0.1385,7.7074],[-0.1433,7.7067],[-0.1428,7.7014],[-0.1347,7.6967],[-0.1355,7.6881],[-0.1297,7.6825],[-0.1337,7.6684],[-0.1401,7.6689],[-0.1385,7.663],[-0.1472,7.6659],[-0.142,7.6579],[-0.1464,7.6587],[-0.15,7.6534],[-0.1438,7.6491],[-0.1446,7.6467],[-0.1508,7.6453],[-0.1523,7.6497],[-0.1557,7.6467],[-0.1563,7.6509],[-0.159,7.6475],[-0.1618,7.6524],[-0.1661,7.6459],[-0.1645,7.6415],[-0.169,7.6436],[-0.1705,7.6523],[-0.1729,7.6528],[-0.1759,7.6457],[-0.1791,7.6453],[-0.1789,7.6394],[-0.184,7.6428],[-0.1834,7.6336],[-0.1848,7.632],[-0.1858,7.6388],[-0.1896,7.6388],[-0.188,7.6414],[-0.1971,7.6435],[-0.1902,7.645],[-0.1869,7.6569],[-0.1938,7.6584],[-0.1996,7.6554],[-0.1988,7.6594],[-0.209,7.6605],[-0.2094,7.668],[-0.2168,7.6714],[-0.2265,7.6694],[-0.2282,7.6738],[-0.2301,7.6686],[-0.2368,7.6685],[-0.2406,7.673],[-0.2437,7.6705],[-0.2462,7.6729],[-0.2538,7.6721],[-0.2577,7.6691],[-0.2489,7.6638],[-0.2498,7.6611],[-0.2391,7.6575],[-0.2273,7.6579],[-0.2243,7.654],[-0.2282,7.6532],[-0.2271,7.6501],[-0.2316,7.653],[-0.2405,7.6508],[-0.2337,7.6419],[-0.2334,7.6362],[-0.2419,7.6443],[-0.2459,7.6318],[-0.2455,7.6469],[-0.2486,7.6514],[-0.253,7.647],[-0.2538,7.6348],[-0.2591,7.6376],[-0.2629,7.6277],[-0.2624,7.6358],[-0.2649,7.6365],[-0.2579,7.6429],[-0.2617,7.6464],[-0.2594,7.6503],[-0.265,7.6494],[-0.2671,7.6447],[-0.2708,7.6468],[-0.272,7.642],[-0.2782,7.647],[-0.2773,7.6424],[-0.2821,7.6377],[-0.2774,7.6348],[-0.2814,7.6328],[-0.2862,7.6399],[-0.2853,7.6467],[-0.2885,7.6475],[-0.2947,7.6378],[-0.289,7.6338],[-0.2931,7.631],[-0.2871,7.6214],[-0.2932,7.6257],[-0.2888,7.6114],[-0.2889,7.607],[-0.2987,7.6244],[-0.3032,7.6206],[-0.2996,7.612],[-0.3058,7.6179],[-0.3094,7.6168],[-0.3055,7.6261],[-0.3099,7.629],[-0.3032,7.6374],[-0.3053,7.6412],[-0.3075,7.6362],[-0.311,7.6373],[-0.315,7.633],[-0.3183,7.6402],[-0.3181,7.631],[-0.3248,7.6381],[-0.322,7.63],[-0.3265,7.6284],[-0.323,7.6222],[-0.3259,7.6214],[-0.3253,7.6149],[-0.3296,7.618],[-0.3305,7.6064],[-0.3334,7.6036],[-0.3314,7.608],[-0.3353,7.6159],[-0.3315,7.6259],[-0.3336,7.6292],[-0.3363,7.6282],[-0.3367,7.6387],[-0.3436,7.6295],[-0.3429,7.6244],[-0.3464,7.6254],[-0.3462,7.617],[-0.3497,7.6165],[-0.3507,7.6117],[-0.3503,7.6314],[-0.3543,7.6246],[-0.3593,7.6193],[-0.3626,7.6186],[-0.3556,7.6273],[-0.3592,7.6306],[-0.3486,7.6417],[-0.3529,7.6396],[-0.3555,7.6416],[-0.3581,7.6365],[-0.3606,7.6402],[-0.3631,7.6351],[-0.3643,7.6407],[-0.3675,7.6407],[-0.3682,7.6338],[-0.3708,7.6369],[-0.373,7.6315],[-0.3746,7.6405],[-0.3833,7.6297],[-0.3807,7.6398],[-0.3868,7.6408],[-0.3884,7.6376],[-0.3927,7.6444],[-0.3931,7.6335],[-0.3896,7.6279],[-0.3965,7.6256],[-0.3904,7.6141],[-0.3973,7.6195],[-0.3999,7.6175],[-0.4027,7.6283],[-0.4084,7.6253],[-0.4099,7.6164],[-0.4106,7.6305],[-0.4177,7.6214],[-0.4182,7.6154],[-0.422,7.6147],[-0.4201,7.6075],[-0.4261,7.6141],[-0.4201,7.6306],[-0.4247,7.6255],[-0.4285,7.6281],[-0.4342,7.6232],[-0.4357,7.6286],[-0.4443,7.6273],[-0.4456,7.6239],[-0.4407,7.6216],[-0.4427,7.6181],[-0.437,7.6164],[-0.4433,7.6138],[-0.4419,7.6109],[-0.4485,7.6161],[-0.4502,7.6091],[-0.4421,7.5962],[-0.4456,7.595],[-0.4484,7.6017],[-0.4566,7.6083],[-0.4566,7.6006],[-0.4594,7.5978],[-0.4519,7.5857],[-0.4563,7.5858],[-0.4568,7.5801],[-0.4611,7.5813],[-0.4579,7.5753],[-0.4622,7.5783],[-0.4657,7.5767],[-0.4593,7.5844],[-0.4632,7.5847],[-0.4586,7.5907],[-0.4693,7.5955],[-0.4644,7.6014],[-0.4655,7.6069],[-0.471,7.6074],[-0.4732,7.6041],[-0.4763,7.6071],[-0.4807,7.6055],[-0.4815,7.5986],[-0.4853,7.604],[-0.4878,7.5989],[-0.4899,7.597],[-0.49,7.6057],[-0.4966,7.5997],[-0.4982,7.6041],[-0.4939,7.6091],[-0.4979,7.6112],[-0.4941,7.6128],[-0.4964,7.6146],[-0.4944,7.6209],[-0.5015,7.6135],[-0.506,7.6173],[-0.5089,7.6052],[-0.5125,7.6033],[-0.5146,7.6101],[-0.5187,7.6065],[-0.5211,7.608],[-0.5224,7.6043],[-0.5265,7.6068],[-0.525,7.5976],[-0.5193,7.5923],[-0.5222,7.5867],[-0.5256,7.592],[-0.5301,7.5856],[-0.5277,7.5731],[-0.5308,7.5731],[-0.5331,7.578],[-0.5392,7.5743],[-0.5384,7.5686],[-0.5407,7.5687],[-0.5362,7.5602],[-0.5376,7.5564],[-0.5422,7.5594],[-0.5416,7.562],[-0.5458,7.5623],[-0.5457,7.5667],[-0.5511,7.5616],[-0.5572,7.5626],[-0.5572,7.5496],[-0.5638,7.5591],[-0.5586,7.5701],[-0.5606,7.5752],[-0.5649,7.5705],[-0.5758,7.5678],[-0.5723,7.5528],[-0.5797,7.5495],[-0.5755,7.5534],[-0.5782,7.5626],[-0.5829,7.5661],[-0.5981,7.5648],[-0.6022,7.5616],[-0.6046,7.565],[-0.6129,7.5598],[-0.6144,7.5628],[-0.6203,7.5628],[-0.6228,7.5576],[-0.6289,7.5628],[-0.6369,7.5601],[-0.6378,7.5577],[-0.6291,7.5534],[-0.6281,7.5411],[-0.6299,7.5394],[-0.6339,7.5455],[-0.6435,7.5482],[-0.6402,7.5352],[-0.6448,7.5346],[-0.6433,7.529],[-0.6474,7.5368],[-0.6499,7.5365],[-0.6511,7.5454],[-0.6566,7.5472],[-0.6485,7.5466],[-0.6488,7.5511],[-0.6445,7.5526],[-0.6348,7.5512],[-0.6489,7.5599],[-0.6453,7.5627],[-0.6496,7.5631],[-0.6474,7.5669],[-0.6511,7.5746],[-0.6357,7.5658],[-0.633,7.5674],[-0.6335,7.5733],[-0.6267,7.5687],[-0.6172,7.57],[-0.6116,7.5768],[-0.6136,7.5847],[-0.6075,7.5708],[-0.6048,7.5735],[-0.595,7.5733],[-0.5957,7.5776],[-0.5902,7.5746],[-0.589,7.582],[-0.5855,7.5728],[-0.5812,7.5723],[-0.572,7.5759],[-0.5731,7.579],[-0.5668,7.5773],[-0.5677,7.584],[-0.5622,7.5826],[-0.5592,7.5858],[-0.5547,7.583],[-0.5506,7.5721],[-0.5487,7.5793],[-0.5442,7.5804],[-0.5443,7.5835],[-0.5479,7.5839],[-0.5441,7.5917],[-0.5353,7.5895],[-0.533,7.5998],[-0.5379,7.6089],[-0.545,7.604],[-0.5477,7.6127],[-0.5547,7.6064],[-0.5531,7.6117],[-0.5652,7.6146],[-0.5604,7.6171],[-0.5702,7.6246],[-0.5559,7.6168],[-0.5516,7.6161],[-0.552,7.6207],[-0.5444,7.6183],[-0.5414,7.6133],[-0.539,7.6169],[-0.5304,7.6131],[-0.5176,7.617],[-0.5221,7.6202],[-0.5306,7.6195],[-0.5214,7.6245],[-0.523,7.6314],[-0.5172,7.6245],[-0.5116,7.6277],[-0.5149,7.6332],[-0.5134,7.6395],[-0.5173,7.6407],[-0.5138,7.6423],[-0.5139,7.6469],[-0.521,7.6514],[-0.515,7.6534],[-0.5169,7.6582],[-0.5141,7.6603],[-0.5177,7.6634],[-0.5142,7.6628],[-0.5135,7.6661],[-0.5113,7.6587],[-0.514,7.6511],[-0.5102,7.6433],[-0.5062,7.6452],[-0.5078,7.6373],[-0.5027,7.6371],[-0.5056,7.6311],[-0.5002,7.6281],[-0.4875,7.6382],[-0.4883,7.6329],[-0.4812,7.6326],[-0.4818,7.6298],[-0.4746,7.628],[-0.4839,7.6235],[-0.4818,7.6213],[-0.4846,7.6175],[-0.4813,7.615],[-0.4772,7.6208],[-0.4742,7.6166],[-0.4706,7.6174],[-0.4714,7.6215],[-0.4687,7.6228],[-0.4652,7.6173],[-0.4562,7.6215],[-0.4621,7.6236],[-0.4586,7.6278],[-0.4641,7.6289],[-0.4517,7.6351],[-0.4622,7.6356],[-0.4651,7.6376],[-0.4531,7.6412],[-0.4598,7.6454],[-0.4572,7.6477],[-0.4594,7.6518],[-0.457,7.653],[-0.4576,7.6616],[-0.4515,7.6465],[-0.4461,7.6604],[-0.4446,7.6592],[-0.4465,7.649],[-0.4427,7.6478],[-0.446,7.6442],[-0.4423,7.6373],[-0.4383,7.6423],[-0.4336,7.6393],[-0.4304,7.6487],[-0.4281,7.6396],[-0.4211,7.6437],[-0.4182,7.6403],[-0.4057,7.6427],[-0.4055,7.6459],[-0.4155,7.6485],[-0.4133,7.6513],[-0.4043,7.6509],[-0.4071,7.6562],[-0.3989,7.656],[-0.402,7.6651],[-0.4077,7.6654],[-0.4051,7.6679],[-0.4073,7.6699],[-0.4134,7.6704],[-0.4094,7.6744],[-0.4209,7.6779],[-0.4112,7.6809],[-0.4115,7.6856],[-0.4157,7.6867],[-0.4127,7.6889],[-0.4137,7.6962],[-0.4087,7.6821],[-0.4018,7.6731],[-0.3985,7.6738],[-0.3963,7.6863],[-0.3992,7.6916],[-0.3954,7.688],[-0.3902,7.6903],[-0.3948,7.6854],[-0.3923,7.678],[-0.3948,7.6681],[-0.3931,7.6664],[-0.3879,7.6735],[-0.3894,7.6618],[-0.3846,7.6554],[-0.3837,7.6621],[-0.3788,7.6605],[-0.3776,7.6564],[-0.3667,7.6548],[-0.3666,7.6584],[-0.3717,7.662],[-0.3712,7.6653],[-0.363,7.6624],[-0.3569,7.6537],[-0.3538,7.6541],[-0.3574,7.6636],[-0.3409,7.6535],[-0.3478,7.6672],[-0.3433,7.6665],[-0.3474,7.6814],[-0.338,7.6767],[-0.3411,7.6713],[-0.339,7.6648],[-0.3361,7.6605],[-0.328,7.6613],[-0.3314,7.6583],[-0.3282,7.6532],[-0.3228,7.6542],[-0.3226,7.6582],[-0.3128,7.6549],[-0.3187,7.6618],[-0.3116,7.663],[-0.3115,7.6675],[-0.3059,7.6665],[-0.3076,7.6644],[-0.3045,7.6605],[-0.3,7.6603],[-0.2981,7.665],[-0.2914,7.6649],[-0.288,7.6683],[-0.285,7.6656],[-0.2859,7.6612],[-0.2813,7.6651],[-0.2741,7.6601],[-0.2701,7.6654],[-0.2727,7.6655],[-0.2711,7.6688],[-0.2759,7.6681],[-0.2744,7.6733],[-0.2808,7.6742],[-0.2847,7.6772],[-0.2692,7.6811],[-0.2746,7.6836],[-0.2749,7.6877],[-0.2633,7.6902],[-0.2599,7.688],[-0.2579,7.6986],[-0.2435,7.6944],[-0.2423,7.6986],[-0.2379,7.6975],[-0.2364,7.6992],[-0.241,7.7012],[-0.2471,7.6981],[-0.2424,7.7065],[-0.2254,7.703],[-0.2235,7.708],[-0.2303,7.7134],[-0.2344,7.711],[-0.2365,7.715],[-0.2343,7.7199],[-0.2374,7.7217],[-0.251,7.7125],[-0.26,7.7105],[-0.2508,7.7206],[-0.2623,7.7228],[-0.271,7.73],[-0.2806,7.7299],[-0.2795,7.7327],[-0.2844,7.7364],[-0.2778,7.7328],[-0.2694,7.7329],[-0.2659,7.7409],[-0.2646,7.7321],[-0.2528,7.7287],[-0.2533,7.7346],[-0.2477,7.7304],[-0.2389,7.732],[-0.2404,7.7375],[-0.2365,7.7401],[-0.2304,7.7306],[-0.2226,7.7298],[-0.2178,7.7237],[-0.2152,7.7304],[-0.2215,7.7457],[-0.2212,7.7493],[-0.2143,7.7394],[-0.2099,7.7437],[-0.2117,7.7352],[-0.2055,7.7329],[-0.2098,7.7261],[-0.2093,7.7214],[-0.2052,7.7196],[-0.2106,7.7129],[-0.2052,7.7098],[-0.2045,7.7026],[-0.1937,7.7013],[-0.1958,7.7062],[-0.1912,7.7087],[-0.1948,7.7131],[-0.191,7.7152],[-0.1908,7.7347],[-0.1885,7.725],[-0.185,7.7257],[-0.1858,7.7127],[-0.1771,7.7168],[-0.1818,7.7056],[-0.1728,7.7093],[-0.1749,7.7026],[-0.1694,7.6954],[-0.1647,7.7001],[-0.1589,7.7007],[-0.1563,7.706],[-0.1576,7.7142],[-0.1613,7.7172],[-0.1682,7.7154],[-0.164,7.7209],[-0.1683,7.7273],[-0.1631,7.7282],[-0.1642,7.7341],[-0.1605,7.7351],[-0.1586,7.741],[-0.1541,7.7321],[-0.1483,7.7363],[-0.1455,7.7435],[-0.1524,7.7475],[-0.1486,7.7515],[-0.1514,7.7589],[-0.14,7.7619],[-0.1349,7.7695],[-0.1494,7.7734],[-0.1562,7.7713],[-0.1621,7.7792],[-0.1673,7.7797],[-0.1713,7.7829],[-0.1756,7.7833],[-0.1777,7.7843],[-0.1782,7.7854],[-0.1636,7.787],[-0.1503,7.7803],[-0.1247,7.7853],[-0.1346,7.7987],[-0.1395,7.7987],[-0.1453,7.8045],[-0.1558,7.8033],[-0.1593,7.8117],[-0.1775,7.8165],[-0.1876,7.8327],[-0.1794,7.8238],[-0.1695,7.8192],[-0.1523,7.8166],[-0.1454,7.8216],[-0.1466,7.8134],[-0.1411,7.8105],[-0.134,7.812],[-0.1236,7.8223],[-0.1133,7.8148],[-0.1141,7.8193],[-0.1103,7.8226],[-0.1171,7.8227],[-0.1239,7.8283],[-0.1243,7.8351],[-0.128,7.8353],[-0.1361,7.8269],[-0.1395,7.8308],[-0.1439,7.8301],[-0.1505,7.8379],[-0.1622,7.836],[-0.16,7.8408],[-0.1667,7.8495],[-0.18,7.8495],[-0.1805,7.8561],[-0.17,7.8603],[-0.1754,7.8653],[-0.1745,7.8702],[-0.1648,7.8745],[-0.163,7.869],[-0.155,7.8685],[-0.1662,7.8821],[-0.1623,7.8892],[-0.1559,7.8907],[-0.1577,7.8957],[-0.181,7.8912],[-0.1817,7.8963],[-0.1717,7.904],[-0.1704,7.9089],[-0.1581,7.9116],[-0.1539,7.9237],[-0.1631,7.9303],[-0.1581,7.9318],[-0.1595,7.9355],[-0.1493,7.9417],[-0.1466,7.9517],[-0.1498,7.9528],[-0.169,7.9436],[-0.1886,7.9326],[-0.1899,7.9281],[-0.1957,7.9293],[-0.2047,7.9051],[-0.2099,7.9147],[-0.2184,7.9149],[-0.2212,7.9068],[-0.2355,7.9148],[-0.2468,7.9074],[-0.2495,7.9116],[-0.2546,7.9119],[-0.2369,7.9213],[-0.2287,7.9198],[-0.219,7.9243],[-0.2142,7.932],[-0.2213,7.9376],[-0.2255,7.9385],[-0.2256,7.9389],[-0.2086,7.9375],[-0.2039,7.9436],[-0.1953,7.947],[-0.1926,7.9519],[-0.1953,7.9562],[-0.1816,7.9619],[-0.1783,7.9687],[-0.1823,7.9725],[-0.1804,7.9852],[-0.1702,7.9837],[-0.1705,7.9935],[-0.1622,7.994],[-0.1618,8.006],[-0.1522,8.0102],[-0.1517,8.0166],[-0.1678,8.0165],[-0.1755,8.0116],[-0.1782,8.0013],[-0.1936,7.9902],[-0.1979,7.982],[-0.2051,7.9736],[-0.2007,7.9837],[-0.2028,7.9917],[-0.2127,7.9898],[-0.2207,7.9924],[-0.2366,7.9839],[-0.2299,7.9896],[-0.2236,8.0021],[-0.224,8.0101],[-0.2299,8.0134],[-0.2418,8.0116],[-0.2419,8.0167],[-0.2469,8.0224],[-0.2461,8.0278],[-0.2722,8.038],[-0.2752,8.0416],[-0.2511,8.0436],[-0.2589,8.0516],[-0.2638,8.0643],[-0.2765,8.07],[-0.2816,8.068],[-0.2871,8.0723],[-0.2902,8.0858],[-0.3022,8.073],[-0.3017,8.0817],[-0.2982,8.0853],[-0.2996,8.0985],[-0.3051,8.1045],[-0.3148,8.0995],[-0.3126,8.108],[-0.3177,8.1094],[-0.3173,8.1026],[-0.3285,8.1019],[-0.3411,8.0917],[-0.3337,8.0879],[-0.3366,8.0846],[-0.336,8.0775],[-0.333,8.0758],[-0.334,8.0647],[-0.3267,8.0427],[-0.3373,8.0211],[-0.3455,8.0132],[-0.3508,8.0122],[-0.3511,8.0011],[-0.3562,7.9914],[-0.3589,8.0042],[-0.3761,8.0049],[-0.3794,8.0012],[-0.3854,8.009],[-0.3831,8.0177],[-0.3758,8.0145],[-0.356,8.0252],[-0.3482,8.0333],[-0.3456,8.0424],[-0.3477,8.0508],[-0.3533,8.0519],[-0.3484,8.0583],[-0.3494,8.0709],[-0.3629,8.0743],[-0.3671,8.0795],[-0.38,8.0776],[-0.3689,8.0915],[-0.3663,8.1024],[-0.3824,8.1034],[-0.3889,8.0999],[-0.4015,8.1037],[-0.4081,8.1028],[-0.4109,8.0982],[-0.4134,8.1042],[-0.4185,8.1039],[-0.4229,8.1081],[-0.4227,8.1125],[-0.4262,8.1137],[-0.4256,8.1092],[-0.4301,8.1057],[-0.4397,8.1115],[-0.4459,8.1072],[-0.4463,8.1031],[-0.4527,8.1003],[-0.4518,8.1068],[-0.4601,8.1032],[-0.4774,8.1047],[-0.4809,8.1084],[-0.4843,8.1027],[-0.4923,8.1006],[-0.5049,8.0802],[-0.5165,8.0705],[-0.508,8.0833],[-0.5029,8.1042],[-0.5056,8.1107],[-0.5005,8.1106],[-0.4879,8.1197],[-0.5178,8.1267],[-0.5227,8.1327],[-0.5258,8.132],[-0.5259,8.1372],[-0.5409,8.1426],[-0.546,8.1491],[-0.5563,8.1544],[-0.561,8.1511],[-0.5536,8.1456],[-0.5534,8.1338],[-0.5555,8.1249],[-0.5636,8.1149],[-0.5872,8.1079],[-0.591,8.1102],[-0.6036,8.1078],[-0.6099,8.1118],[-0.6173,8.1117],[-0.6218,8.1004],[-0.6362,8.0852],[-0.6445,8.0836],[-0.6515,8.0727],[-0.6671,8.0627],[-0.6693,8.0524],[-0.6737,8.0586],[-0.6845,8.0454],[-0.6829,8.0546],[-0.6735,8.0674],[-0.7068,8.0605],[-0.6939,8.0679],[-0.6581,8.0797],[-0.6524,8.091],[-0.6324,8.1053],[-0.6271,8.1263],[-0.6402,8.1368],[-0.6381,8.1447],[-0.649,8.1448],[-0.6508,8.1379],[-0.6479,8.1309],[-0.6551,8.128],[-0.656,8.1185],[-0.6738,8.1165],[-0.6868,8.1231],[-0.6896,8.1172],[-0.6959,8.1187],[-0.7005,8.1135],[-0.7035,8.1174],[-0.7065,8.1168],[-0.7241,8.1022],[-0.7273,8.1076],[-0.7378,8.1082],[-0.7447,8.1204],[-0.7552,8.116],[-0.7577,8.1107],[-0.7484,8.0873],[-0.7567,8.0725],[-0.7865,8.0624],[-0.8065,8.0614],[-0.807,8.0566],[-0.803,8.0515],[-0.7922,8.0397],[-0.7885,8.0399],[-0.7909,8.0368],[-0.7881,8.0299],[-0.7895,8.0112],[-0.7942,8.0001],[-0.8028,7.9903],[-0.8094,7.9916],[-0.8137,7.9874],[-0.814,7.9955],[-0.8036,8.0009],[-0.8014,8.0125],[-0.8084,8.0158],[-0.8122,8.0132],[-0.8173,8.018],[-0.8119,8.0229],[-0.8134,8.0381],[-0.8111,8.0438],[-0.8236,8.047],[-0.8366,8.0415],[-0.832,8.0463],[-0.8355,8.0522],[-0.8579,8.0591],[-0.8345,8.0584],[-0.8283,8.0676],[-0.8309,8.0715],[-0.8214,8.0726],[-0.8156,8.0816],[-0.8064,8.0784],[-0.7964,8.085],[-0.7685,8.0915],[-0.7678,8.0952],[-0.7756,8.1035],[-0.7899,8.1044],[-0.8019,8.1091],[-0.8046,8.1258],[-0.7939,8.1148],[-0.7785,8.1183],[-0.7614,8.1375],[-0.7431,8.1455],[-0.7314,8.1456],[-0.7269,8.1263],[-0.7077,8.1294],[-0.699,8.136],[-0.693,8.1333],[-0.6867,8.1378],[-0.6734,8.1299],[-0.6681,8.1302],[-0.6636,8.1428],[-0.6714,8.1453],[-0.6821,8.1548],[-0.6843,8.1708],[-0.6784,8.1576],[-0.6689,8.1526],[-0.6524,8.1561],[-0.6402,8.1671],[-0.6335,8.1674],[-0.6272,8.1589],[-0.6245,8.144],[-0.6086,8.1352],[-0.5811,8.1324],[-0.5799,8.136],[-0.5858,8.1373],[-0.5926,8.151],[-0.6025,8.1565],[-0.6053,8.1649],[-0.6011,8.1769],[-0.6017,8.1865],[-0.597,8.1926],[-0.603,8.1982],[-0.6089,8.1987],[-0.6151,8.21],[-0.6394,8.2057],[-0.6371,8.2151],[-0.6311,8.2185],[-0.6376,8.2315],[-0.6415,8.2297],[-0.6509,8.2366],[-0.6644,8.2381],[-0.6871,8.2549],[-0.7024,8.2513],[-0.7039,8.261],[-0.6996,8.2656],[-0.7001,8.2714],[-0.7182,8.2851],[-0.7349,8.2799],[-0.7378,8.2852],[-0.7415,8.2853],[-0.7542,8.2773],[-0.7653,8.281],[-0.7574,8.2849],[-0.7416,8.3016],[-0.7416,8.3077],[-0.7472,8.313],[-0.7678,8.3148],[-0.7744,8.3232],[-0.7863,8.3248],[-0.7972,8.3306],[-0.8285,8.3314],[-0.8414,8.3283],[-0.8509,8.3318],[-0.8516,8.3374],[-0.8424,8.3381],[-0.8318,8.3452],[-0.8127,8.3449],[-0.813,8.3526],[-0.8008,8.3465],[-0.7884,8.3448],[-0.7845,8.3484],[-0.7856,8.3567],[-0.7923,8.368],[-0.8166,8.3935],[-0.8372,8.437],[-0.8464,8.4413],[-0.8418,8.4451],[-0.8359,8.4433],[-0.8241,8.4604],[-0.8527,8.4906],[-0.8563,8.4884],[-0.865,8.4993],[-0.872,8.5001],[-0.866,8.5032],[-0.87,8.5091],[-0.8899,8.515],[-0.8771,8.5192],[-0.8773,8.5327],[-0.8714,8.5249],[-0.8733,8.5317],[-0.8994,8.5687],[-0.914,8.6016],[-0.9182,8.6013],[-0.9186,8.5966],[-0.9224,8.5979],[-0.9179,8.6057],[-0.9187,8.611],[-0.9288,8.6283],[-0.9321,8.6287],[-0.9303,8.631],[-0.9357,8.6387],[-0.9419,8.6355],[-0.9468,8.6463],[-0.9534,8.6493],[-0.9882,8.6438],[-1.0277,8.6799],[-1.0425,8.6867],[-1.0556,8.6868],[-1.057,8.6914],[-1.062,8.693],[-1.0788,8.6941],[-1.083,8.6877],[-1.0885,8.6923],[-1.0955,8.6896],[-1.1066,8.6789],[-1.1139,8.6774],[-1.1149,8.681],[-1.1198,8.6752],[-1.1278,8.6755],[-1.1438,8.6587],[-1.1462,8.6432],[-1.1516,8.6363],[-1.146,8.6329],[-1.1468,8.6241],[-1.1276,8.5939],[-1.1241,8.5841],[-1.1311,8.5799],[-1.1324,8.5756],[-1.1258,8.5677],[-1.1342,8.5673],[-1.1432,8.546],[-1.1558,8.5417],[-1.1605,8.5355],[-1.1601,8.5305],[-1.1641,8.5349],[-1.171,8.5356],[-1.1535,8.5462],[-1.1514,8.552],[-1.1552,8.5536],[-1.1512,8.5548],[-1.1551,8.5586],[-1.1483,8.5667],[-1.1492,8.5847],[-1.1537,8.5964],[-1.1601,8.5992],[-1.1631,8.6066],[-1.1526,8.6155],[-1.1513,8.6268],[-1.1566,8.6281],[-1.1654,8.6175],[-1.1711,8.6137],[-1.1721,8.6156],[-1.1594,8.6315],[-1.1631,8.6447],[-1.1515,8.6533],[-1.1509,8.6631],[-1.1419,8.6707],[-1.1873,8.6741],[-1.1872,8.678],[-1.1952,8.6697],[-1.2131,8.6681],[-1.2642,8.6911],[-1.2873,8.7196],[-1.3092,8.7219],[-1.3549,8.7583],[-1.3766,8.7675],[-1.4042,8.7737],[-1.4513,8.7653],[-1.4743,8.7651],[-1.4833,8.7602],[-1.4986,8.7388],[-1.5084,8.693],[-1.5258,8.6817],[-1.5529,8.6742],[-1.6146,8.6757],[-1.6286,8.679],[-1.6567,8.6946],[-1.68,8.6807],[-1.682,8.6579],[-1.6924,8.6429],[-1.7323,8.6267],[-1.7579,8.6309],[-1.7739,8.6439],[-1.8131,8.6613],[-1.8434,8.6603],[-1.8556,8.6528],[-1.8685,8.6393],[-1.8883,8.5877],[-1.8958,8.5327],[-1.8824,8.483],[-1.882,8.4761],[-1.8924,8.4536],[-1.9081,8.4393],[-1.9068,8.3966],[-1.8835,8.3495],[-1.8701,8.3345],[-1.8471,8.3304],[-1.8193,8.3396],[-1.808,8.341],[-1.7928,8.3388],[-1.7696,8.3237],[-1.7657,8.3102],[-1.7464,8.2779],[-1.7458,8.2684],[-1.7471,8.2599],[-1.7567,8.247],[-1.7645,8.2408],[-1.7711,8.2314],[-1.791,8.2242],[-1.8018,8.2255],[-1.8139,8.2359],[-1.8433,8.2512],[-1.8944,8.2608],[-1.9032,8.2524],[-1.9155,8.2249],[-1.923,8.2162],[-1.9314,8.2097],[-1.9327,8.2004],[-1.9432,8.1838],[-1.962,8.1679],[-1.9793,8.1651],[-1.992,8.1586],[-2.0053,8.1546],[-2.0296,8.1545],[-2.0413,8.148],[-2.0655,8.1461],[-2.0842,8.1537],[-2.1172,8.1571],[-2.1226,8.1488],[-2.1274,8.1477],[-2.1358,8.1521],[-2.1536,8.1715],[-2.1618,8.1734],[-2.1682,8.2123],[-2.1763,8.2185],[-2.1901,8.2212],[-2.205,8.232],[-2.2127,8.2416],[-2.2089,8.2443],[-2.208,8.2556],[-2.2116,8.2602],[-2.2156,8.2594],[-2.219,8.2631],[-2.2236,8.2625],[-2.2261,8.264],[-2.232,8.2698],[-2.2359,8.2789],[-2.224,8.2636],[-2.2189,8.2644],[-2.2158,8.2608],[-2.2116,8.2609],[-2.2094,8.2589],[-2.2064,8.2525],[-2.2077,8.2441],[-2.2115,8.2417],[-2.203,8.2313],[-2.1893,8.2223],[-2.1748,8.2189],[-2.1674,8.213],[-2.1607,8.1737],[-2.1516,8.1716],[-2.1445,8.1634],[-2.1384,8.1615],[-2.1361,8.1534],[-2.1275,8.1483],[-2.1227,8.1498],[-2.119,8.1575],[-2.1061,8.1582],[-2.0807,8.1536],[-2.0658,8.1469],[-2.0437,8.1484],[-2.0315,8.1549],[-2.0073,8.155],[-1.9785,8.1663],[-1.9613,8.1691],[-1.9433,8.1847],[-1.9329,8.2018],[-1.9318,8.2106],[-1.916,8.2257],[-1.9043,8.2525],[-1.8949,8.2619],[-1.8695,8.2593],[-1.8421,8.2521],[-1.8129,8.2365],[-1.7998,8.226],[-1.7765,8.2295],[-1.7577,8.2472],[-1.7476,8.2616],[-1.7474,8.2776],[-1.7663,8.3088],[-1.7705,8.3231],[-1.792,8.3372],[-1.8083,8.3397],[-1.8456,8.3294],[-1.8587,8.3297],[-1.8709,8.3336],[-1.8843,8.3481],[-1.9083,8.3979],[-1.9096,8.4387],[-1.8965,8.4517],[-1.9067,8.456],[-1.9053,8.4596]],[[-1.1443,8.8963],[-1.1419,8.8937],[-1.1447,8.8971],[-1.1443,8.8963]],[[-1.0783,8.8193],[-1.0746,8.8181],[-1.0734,8.8188],[-1.0783,8.8193]],[[-0.9851,8.7713],[-0.984,8.7709],[-0.9874,8.7741],[-0.9851,8.7713]],[[0.0626,6.301],[0.0626,6.3009],[0.0626,6.301],[0.0626,6.301]],[[0.0624,6.301],[0.0625,6.3009],[0.0625,6.301],[0.0624,6.301]],[[0.0623,6.301],[0.0624,6.3009],[0.0624,6.301],[0.0623,6.301]],[[0.0622,6.301],[0.0622,6.3009],[0.0622,6.301],[0.0622,6.301]],[[0.062,6.301],[0.0621,6.3009],[0.0621,6.301],[0.062,6.301]],[[-0.9525,8.6637],[-0.9531,8.6678],[-0.9572,8.6667],[-0.9525,8.6637]],[[-0.9478,8.6569],[-0.9494,8.6583],[-0.9524,8.6577],[-0.9478,8.6569]],[[-0.9485,8.6645],[-0.9483,8.6646],[-0.9485,8.6648],[-0.9485,8.6645]],[[-0.9475,8.6641],[-0.9474,8.6643],[-0.9475,8.6643],[-0.9475,8.6641]],[[-0.9464,8.6645],[-0.9463,8.6644],[-0.9463,8.6645],[-0.9464,8.6645]],[[-0.9456,8.6479],[-0.945,8.6474],[-0.9448,8.6474],[-0.9456,8.6479]],[[-0.9426,8.6464],[-0.9421,8.6454],[-0.9418,8.6456],[-0.9426,8.6464]],[[-0.9404,8.6436],[-0.9395,8.6424],[-0.9389,8.6423],[-0.9404,8.6436]],[[-0.8635,8.5078],[-0.8644,8.5082],[-0.8639,8.5076],[-0.8635,8.5078]],[[-0.7214,8.3074],[-0.7204,8.3143],[-0.7277,8.3146],[-0.7267,8.3092],[-0.7214,8.3074]],[[-0.7182,8.328],[-0.7121,8.3224],[-0.7109,8.3222],[-0.7182,8.328]],[[-0.6261,8.2267],[-0.6231,8.2263],[-0.6263,8.228],[-0.6261,8.2267]],[[-0.5935,6.7547],[-0.5951,6.7566],[-0.5956,6.7556],[-0.5935,6.7547]],[[-0.5902,8.2007],[-0.5854,8.1956],[-0.5818,8.1958],[-0.5902,8.2007]],[[-0.4836,8.1077],[-0.484,8.1077],[-0.4836,8.1073],[-0.4836,8.1077]],[[-0.4309,8.1087],[-0.4317,8.109],[-0.4312,8.1083],[-0.4309,8.1087]],[[-0.3854,6.7464],[-0.3936,6.7529],[-0.3868,6.7446],[-0.3854,6.7464]],[[-0.3797,8.1731],[-0.3655,8.1697],[-0.3614,8.1735],[-0.3652,8.1789],[-0.3726,8.1776],[-0.3798,8.1805],[-0.3797,8.1731]],[[-0.3732,6.6299],[-0.3739,6.6323],[-0.3753,6.6292],[-0.3732,6.6299]],[[-0.3589,6.6848],[-0.3555,6.6873],[-0.3614,6.6884],[-0.3618,6.6869],[-0.3589,6.6848]],[[-0.2897,8.0871],[-0.2882,8.0885],[-0.2897,8.0876],[-0.2897,8.0871]],[[-0.2473,7.7228],[-0.2471,7.7216],[-0.2464,7.7227],[-0.2473,7.7228]],[[-0.2215,6.5858],[-0.2267,6.5827],[-0.229,6.5823],[-0.2259,6.5807],[-0.2215,6.5858]],[[-0.2154,6.5762],[-0.2087,6.578],[-0.2069,6.58],[-0.2193,6.5763],[-0.2238,6.5654],[-0.2154,6.5762]],[[-0.2199,8.2102],[-0.2174,8.2111],[-0.218,8.212],[-0.2199,8.2102]],[[-0.2008,8.215],[-0.2,8.2155],[-0.2014,8.2148],[-0.2008,8.215]],[[-0.1747,7.6983],[-0.1766,7.6984],[-0.1767,7.6978],[-0.1747,7.6983]],[[-0.1589,6.5305],[-0.158,6.5306],[-0.1589,6.5305],[-0.1589,6.5305]],[[-0.1533,7.7143],[-0.1549,7.7146],[-0.1547,7.7141],[-0.1533,7.7143]],[[-0.1356,6.607],[-0.135,6.6083],[-0.1349,6.6097],[-0.1356,6.607]],[[-0.1321,7.7629],[-0.1293,7.7538],[-0.1251,7.7517],[-0.1239,7.7568],[-0.1206,7.758],[-0.1152,7.7452],[-0.1045,7.7413],[-0.1008,7.7454],[-0.0943,7.7448],[-0.0884,7.7491],[-0.0875,7.7456],[-0.0823,7.7504],[-0.0793,7.7495],[-0.0803,7.745],[-0.0651,7.7433],[-0.0586,7.7531],[-0.058,7.7604],[-0.0633,7.7619],[-0.081,7.7515],[-0.0894,7.7611],[-0.085,7.7636],[-0.0855,7.7711],[-0.098,7.7741],[-0.1167,7.7575],[-0.1233,7.7613],[-0.1217,7.7674],[-0.1251,7.7681],[-0.1321,7.7629]],[[-0.129,7.5322],[-0.1279,7.5331],[-0.1299,7.5322],[-0.129,7.5322]],[[-0.1255,7.5333],[-0.124,7.5331],[-0.1241,7.5336],[-0.1255,7.5333]],[[-0.111,7.8138],[-0.1099,7.8129],[-0.109,7.8148],[-0.111,7.8138]],[[-0.1031,7.5244],[-0.1048,7.5274],[-0.1072,7.5224],[-0.106,7.5223],[-0.1031,7.5244]],[[-0.0957,7.5068],[-0.0932,7.5009],[-0.0922,7.5073],[-0.0957,7.5068]],[[-0.0936,7.5105],[-0.0934,7.5109],[-0.0939,7.5107],[-0.0936,7.5105]],[[-0.0925,7.5418],[-0.0923,7.5423],[-0.0929,7.5422],[-0.0925,7.5418]],[[-0.0913,7.5418],[-0.0881,7.5409],[-0.0875,7.5431],[-0.0913,7.5418]],[[-0.0871,7.5414],[-0.0876,7.5412],[-0.0873,7.5411],[-0.0871,7.5414]],[[-0.081,7.5385],[-0.0773,7.5399],[-0.0771,7.5407],[-0.081,7.5385]],[[-0.0797,7.54],[-0.0797,7.5397],[-0.0795,7.54],[-0.0797,7.54]],[[-0.0801,7.5384],[-0.08,7.5384],[-0.0798,7.5384],[-0.0801,7.5384]],[[-0.0761,7.5372],[-0.0744,7.5366],[-0.0745,7.5371],[-0.0761,7.5372]],[[-0.0715,7.185],[-0.072,7.1852],[-0.0725,7.1853],[-0.0715,7.185]],[[-0.0662,6.5882],[-0.0638,6.5851],[-0.0628,6.5873],[-0.0662,6.5882]],[[-0.0558,7.7751],[-0.0559,7.7753],[-0.0559,7.7751],[-0.0558,7.7751]],[[-0.0533,7.7745],[-0.0532,7.7746],[-0.0533,7.7746],[-0.0533,7.7745]],[[-0.053,7.7743],[-0.0524,7.7744],[-0.0525,7.7746],[-0.053,7.7743]],[[-0.0512,7.7738],[-0.051,7.774],[-0.0512,7.7739],[-0.0512,7.7738]],[[-0.0388,6.3406],[-0.0362,6.3422],[-0.0389,6.3432],[-0.0388,6.3406]],[[-0.032,7.1991],[-0.0311,7.1996],[-0.0318,7.2],[-0.032,7.1991]],[[-0.0213,7.5403],[-0.0217,7.5407],[-0.0219,7.5406],[-0.0213,7.5403]],[[-0.0196,6.3177],[-0.0204,6.3183],[-0.0204,6.3167],[-0.0196,6.3177]],[[-0.0128,7.6199],[-0.004,7.62],[-0.0049,7.6242],[-0.0128,7.6199]],[[-0.0108,6.3328],[-0.0072,6.3353],[-0.0085,6.3363],[-0.0108,6.3328]],[[-0.0083,6.3571],[-0.0079,6.3557],[-0.0074,6.3561],[-0.0083,6.3571]],[[-0.0088,7.5336],[-0.0082,7.5339],[-0.009,7.5338],[-0.0088,7.5336]],[[-0.0055,7.1953],[-0.0048,7.1993],[-0.0061,7.1994],[-0.0055,7.1953]],[[0.0128,7.7483],[0.0172,7.7512],[0.0166,7.7526],[0.0145,7.7517],[0.0128,7.7483]],[[0.0266,7.1813],[0.0264,7.1828],[0.0256,7.1826],[0.0266,7.1813]],[[0.0298,7.1789],[0.0305,7.1807],[0.0276,7.1811],[0.0298,7.1789]],[[0.0366,6.8505],[0.0297,6.858],[0.0279,6.852],[0.0308,6.8467],[0.0366,6.8505]],[[0.0297,7.532],[0.0298,7.5324],[0.0296,7.5325],[0.0297,7.532]],[[0.0333,7.187],[0.0404,7.1841],[0.0392,7.1866],[0.0433,7.1883],[0.0395,7.1899],[0.0416,7.1914],[0.0382,7.1927],[0.0378,7.1979],[0.0343,7.1956],[0.0355,7.1915],[0.0322,7.1915],[0.0333,7.187]],[[0.0405,6.9537],[0.0358,6.9493],[0.0369,6.9457],[0.0417,6.9514],[0.0405,6.9537]],[[0.0392,7.1821],[0.0377,7.1834],[0.0378,7.1821],[0.0392,7.1821]],[[0.0414,8.0679],[0.0472,8.0634],[0.055,8.0664],[0.0557,8.0697],[0.0448,8.0771],[0.0405,8.0743],[0.0414,8.0679]],[[0.0443,7.2005],[0.0437,7.2009],[0.0438,7.2003],[0.0443,7.2005]],[[0.0459,7.1678],[0.0462,7.169],[0.0452,7.1674],[0.0459,7.1678]],[[0.05,7.1575],[0.049,7.1591],[0.0491,7.1574],[0.05,7.1575]],[[0.052,7.5997],[0.0491,7.6012],[0.051,7.5995],[0.052,7.5997]],[[0.0505,7.1836],[0.0501,7.1832],[0.0508,7.1831],[0.0505,7.1836]],[[0.0559,7.6534],[0.0509,7.6514],[0.0554,7.6499],[0.0559,7.6534]],[[0.0537,7.5956],[0.0668,7.5912],[0.0706,7.5978],[0.0707,7.5827],[0.0811,7.5739],[0.0785,7.5813],[0.082,7.5812],[0.0826,7.582],[0.0751,7.596],[0.0775,7.6053],[0.0732,7.6078],[0.0701,7.6029],[0.0656,7.6072],[0.0652,7.6005],[0.0589,7.6035],[0.0583,7.6],[0.0533,7.6022],[0.0537,7.5956]],[[0.0545,7.6929],[0.0634,7.6852],[0.0777,7.6872],[0.0616,7.6765],[0.0736,7.6714],[0.0687,7.6674],[0.0731,7.6566],[0.0769,7.6609],[0.0871,7.66],[0.0878,7.6538],[0.0798,7.6501],[0.0816,7.6473],[0.0854,7.6458],[0.091,7.6492],[0.0964,7.6463],[0.0989,7.653],[0.1065,7.6535],[0.1026,7.6497],[0.1118,7.6463],[0.1104,7.6368],[0.1154,7.6377],[0.1183,7.642],[0.121,7.6377],[0.126,7.6404],[0.1302,7.6359],[0.1366,7.6359],[0.1444,7.6397],[0.1348,7.6505],[0.1458,7.6504],[0.1554,7.6631],[0.1519,7.6668],[0.1537,7.6748],[0.1342,7.6837],[0.1396,7.6909],[0.1446,7.6858],[0.1511,7.6884],[0.1533,7.701],[0.1593,7.7079],[0.1519,7.7072],[0.1492,7.7114],[0.1362,7.7049],[0.1301,7.7107],[0.1401,7.7144],[0.1281,7.7226],[0.1378,7.7246],[0.1369,7.7339],[0.1308,7.7377],[0.1397,7.7399],[0.1467,7.7297],[0.1513,7.7278],[0.1696,7.734],[0.1666,7.739],[0.1795,7.7438],[0.1679,7.7485],[0.1663,7.7523],[0.1629,7.7493],[0.1574,7.7528],[0.1484,7.7529],[0.1483,7.7613],[0.1319,7.7642],[0.134,7.767],[0.1312,7.7684],[0.1144,7.7671],[0.1268,7.762],[0.1193,7.7607],[0.1001,7.7629],[0.0885,7.7609],[0.0804,7.767],[0.0739,7.7662],[0.07,7.7737],[0.0575,7.7687],[0.0635,7.7635],[0.0578,7.7551],[0.0675,7.7526],[0.0613,7.7453],[0.0686,7.743],[0.0815,7.7513],[0.0832,7.7446],[0.0944,7.7407],[0.0579,7.7354],[0.0661,7.728],[0.0827,7.7246],[0.0622,7.721],[0.0632,7.7131],[0.0756,7.7105],[0.0646,7.7059],[0.0678,7.7],[0.0544,7.7017],[0.0545,7.6929]],[[0.0645,8.0614],[0.0654,8.0623],[0.064,8.0621],[0.0645,8.0614]],[[0.0647,6.4835],[0.0667,6.4868],[0.0692,6.4906],[0.0646,6.4863],[0.0647,6.4835]],[[0.0683,7.9117],[0.0689,7.9087],[0.0716,7.9099],[0.0683,7.9117]],[[0.0705,7.4151],[0.0702,7.418],[0.0685,7.415],[0.0705,7.4151]],[[0.0745,6.3144],[0.0774,6.3167],[0.079,6.319],[0.0737,6.3166],[0.0745,6.3144]],[[0.0756,7.9107],[0.0819,7.9006],[0.0863,7.8993],[0.0942,7.9136],[0.0942,7.9252],[0.0853,7.9215],[0.0823,7.9146],[0.0756,7.9107]],[[0.0793,7.1922],[0.0802,7.193],[0.0788,7.1929],[0.0793,7.1922]],[[0.0861,6.9339],[0.0828,6.934],[0.0833,6.9318],[0.0861,6.9339]],[[0.088,7.2008],[0.0885,7.2018],[0.0877,7.2017],[0.088,7.2008]],[[0.0916,8.0377],[0.0937,8.038],[0.091,8.038],[0.0916,8.0377]],[[0.091,6.4775],[0.0914,6.4775],[0.0916,6.4777],[0.091,6.4775]],[[0.0916,6.4763],[0.0915,6.4769],[0.0915,6.4763],[0.0916,6.4763]],[[0.0928,8.0347],[0.0931,8.0348],[0.093,8.0353],[0.0928,8.0347]],[[0.0932,6.3917],[0.0954,6.3927],[0.0968,6.3947],[0.0932,6.3917]],[[0.0934,7.8636],[0.1006,7.8654],[0.1023,7.8749],[0.0999,7.8771],[0.0938,7.868],[0.0934,7.8636]],[[0.0999,7.5967],[0.1211,7.5723],[0.1228,7.5623],[0.1282,7.5548],[0.137,7.5532],[0.1323,7.5462],[0.1362,7.5275],[0.1406,7.5269],[0.1419,7.5362],[0.1445,7.5303],[0.1518,7.534],[0.1566,7.5303],[0.1597,7.5376],[0.1693,7.5348],[0.1655,7.5332],[0.16,7.52],[0.1562,7.5281],[0.1489,7.5258],[0.1488,7.5165],[0.1439,7.522],[0.1381,7.5161],[0.1332,7.5204],[0.1313,7.5168],[0.1273,7.5203],[0.1246,7.518],[0.1263,7.51],[0.1355,7.5079],[0.1273,7.5043],[0.1302,7.4955],[0.1339,7.4996],[0.1362,7.4962],[0.1441,7.4949],[0.1488,7.5019],[0.1502,7.4952],[0.1547,7.4952],[0.1547,7.4906],[0.1602,7.4865],[0.1498,7.4898],[0.149,7.4854],[0.1435,7.4895],[0.1383,7.4766],[0.1427,7.4756],[0.1366,7.4704],[0.1379,7.4654],[0.1412,7.4701],[0.1486,7.4682],[0.1506,7.4716],[0.1571,7.4724],[0.1534,7.4668],[0.1606,7.4646],[0.1601,7.4597],[0.1545,7.4632],[0.1482,7.4624],[0.1499,7.4514],[0.1451,7.4583],[0.1337,7.4543],[0.1378,7.4482],[0.1336,7.4466],[0.1262,7.4518],[0.1244,7.4471],[0.1276,7.4428],[0.1358,7.4435],[0.1419,7.4326],[0.1476,7.4321],[0.1442,7.4281],[0.1486,7.4256],[0.1489,7.4218],[0.1556,7.4379],[0.1624,7.4183],[0.1718,7.4348],[0.1704,7.4437],[0.1859,7.4602],[0.1869,7.4857],[0.195,7.4944],[0.1909,7.4948],[0.1921,7.5129],[0.1824,7.5249],[0.1883,7.5267],[0.1891,7.5373],[0.2027,7.5403],[0.2071,7.552],[0.2016,7.5555],[0.1941,7.547],[0.1861,7.5467],[0.1898,7.5571],[0.1852,7.5599],[0.1864,7.5661],[0.1748,7.5719],[0.1761,7.5558],[0.17,7.5612],[0.1637,7.5574],[0.1591,7.5583],[0.1561,7.5492],[0.1527,7.552],[0.1517,7.5703],[0.1452,7.5815],[0.1468,7.5927],[0.1425,7.5943],[0.1445,7.6009],[0.1392,7.6033],[0.1417,7.6084],[0.1375,7.6134],[0.1431,7.6182],[0.142,7.6207],[0.1306,7.62],[0.1309,7.6156],[0.1352,7.6141],[0.1319,7.6093],[0.123,7.6112],[0.1208,7.6079],[0.1054,7.603],[0.1033,7.607],[0.0988,7.6069],[0.0937,7.5998],[0.0999,7.5967]],[[0.1016,6.9575],[0.1002,6.9618],[0.0988,6.9619],[0.0986,6.9566],[0.1016,6.9575]],[[0.1015,7.1749],[0.1016,7.1732],[0.1024,7.1743],[0.1015,7.1749]],[[0.1036,7.1752],[0.1043,7.1746],[0.1038,7.1755],[0.1036,7.1752]],[[0.1055,7.1719],[0.1066,7.171],[0.106,7.1721],[0.1055,7.1719]],[[0.1057,7.993],[0.1063,7.9932],[0.1056,7.9934],[0.1057,7.993]],[[0.1081,6.8956],[0.1144,6.902],[0.106,6.9062],[0.1078,6.902],[0.1081,6.8956]],[[0.1058,7.1734],[0.1068,7.1738],[0.106,7.174],[0.1058,7.1734]],[[0.111,6.5622],[0.1087,6.5565],[0.1115,6.55],[0.1156,6.56],[0.1146,6.5636],[0.1074,6.5645],[0.111,6.5622]],[[0.1266,7.0938],[0.1312,7.1054],[0.1345,7.0924],[0.1422,7.0993],[0.1412,7.1049],[0.1338,7.1071],[0.1329,7.1102],[0.136,7.118],[0.1429,7.1124],[0.1468,7.1187],[0.1508,7.1194],[0.1489,7.1255],[0.1558,7.1388],[0.1532,7.1449],[0.1487,7.1429],[0.1425,7.1286],[0.1379,7.1298],[0.1401,7.1371],[0.1367,7.1606],[0.1322,7.1544],[0.1338,7.1464],[0.1247,7.1367],[0.1267,7.1316],[0.1223,7.1289],[0.1221,7.1185],[0.1168,7.1173],[0.1137,7.1124],[0.1149,7.1073],[0.1073,7.1035],[0.1168,7.0993],[0.1202,7.0897],[0.1266,7.0938]],[[0.108,6.4172],[0.1086,6.4196],[0.1075,6.4178],[0.108,6.4172]],[[0.1089,6.9659],[0.1118,6.9577],[0.1213,6.9689],[0.1254,6.9688],[0.122,6.9722],[0.1189,6.9887],[0.1214,6.9999],[0.1177,6.9983],[0.1094,6.982],[0.1089,6.9659]],[[0.11,7.8342],[0.1138,7.8303],[0.1151,7.8211],[0.1182,7.8218],[0.1203,7.8295],[0.129,7.832],[0.1258,7.8394],[0.1314,7.842],[0.1327,7.8519],[0.1283,7.855],[0.1338,7.8591],[0.1383,7.8555],[0.1418,7.8578],[0.138,7.8615],[0.145,7.8649],[0.1406,7.8673],[0.141,7.874],[0.1463,7.8745],[0.1522,7.8806],[0.1504,7.8846],[0.1576,7.8971],[0.1567,7.9019],[0.1522,7.9015],[0.1519,7.897],[0.1492,7.8977],[0.1469,7.8904],[0.1398,7.8855],[0.1388,7.88],[0.1351,7.8797],[0.1329,7.8727],[0.1185,7.8731],[0.1205,7.8688],[0.1242,7.8703],[0.1288,7.867],[0.1297,7.8617],[0.1249,7.8591],[0.1255,7.8489],[0.1225,7.8451],[0.1255,7.8414],[0.11,7.8342]],[[0.1092,6.4422],[0.109,6.4424],[0.1091,6.4422],[0.1092,6.4422]],[[0.1119,6.5441],[0.112,6.5463],[0.1125,6.5478],[0.1112,6.5464],[0.1119,6.5441]],[[0.1137,7.0283],[0.1164,7.0361],[0.1154,7.0378],[0.1137,7.0283]],[[0.1148,7.0054],[0.1145,7.0056],[0.1144,7.0053],[0.1148,7.0054]],[[0.1219,6.9587],[0.1213,6.9628],[0.1185,6.959],[0.1219,6.9587]],[[0.1189,6.4013],[0.1208,6.4004],[0.1214,6.4006],[0.1201,6.4012],[0.1189,6.4013]],[[0.1198,8.0834],[0.1228,8.0816],[0.1336,8.0948],[0.1279,8.1033],[0.1205,8.0984],[0.1198,8.0834]],[[0.1207,6.953],[0.1216,6.9483],[0.1234,6.9468],[0.1207,6.953]],[[0.1228,6.4059],[0.1257,6.4078],[0.1225,6.4076],[0.1228,6.4059]],[[0.1235,7.798],[0.1276,7.7959],[0.1295,7.7979],[0.1235,7.798]],[[0.1235,6.9437],[0.1238,6.9442],[0.1234,6.9442],[0.1235,6.9437]],[[0.125,8.062],[0.126,8.062],[0.1263,8.0625],[0.125,8.062]],[[0.1266,6.5639],[0.1276,6.5657],[0.1275,6.567],[0.1256,6.5661],[0.1266,6.5639]],[[0.1265,6.572],[0.1298,6.5715],[0.1301,6.5733],[0.127,6.5726],[0.1265,6.572]],[[0.1297,6.402],[0.1293,6.4024],[0.1291,6.4021],[0.1297,6.402]],[[0.1299,7.833],[0.1298,7.8334],[0.1295,7.8332],[0.1299,7.833]],[[0.1298,7.4901],[0.1318,7.4922],[0.1307,7.4928],[0.1298,7.4901]],[[0.1305,6.4047],[0.1299,6.4046],[0.1302,6.4044],[0.1305,6.4047]],[[0.131,7.4389],[0.1334,7.4303],[0.1371,7.4259],[0.1355,7.4361],[0.131,7.4389]],[[0.1321,7.7984],[0.1333,7.797],[0.1335,7.7977],[0.1321,7.7984]],[[0.135,7.4766],[0.1351,7.4795],[0.1347,7.4797],[0.135,7.4766]],[[0.1368,7.4928],[0.1356,7.4944],[0.1363,7.492],[0.1368,7.4928]],[[0.1431,7.1803],[0.1357,7.1728],[0.14,7.173],[0.1431,7.1803]],[[0.1406,7.0336],[0.1411,7.0353],[0.1402,7.0341],[0.1406,7.0336]],[[0.1432,6.5834],[0.1435,6.5845],[0.1428,6.5834],[0.1432,6.5834]],[[0.1496,6.9403],[0.1533,6.9427],[0.1501,6.947],[0.1459,6.9423],[0.1496,6.9403]],[[0.1481,6.9202],[0.1488,6.9212],[0.1482,6.9218],[0.1481,6.9202]],[[0.1496,6.9325],[0.1512,6.9334],[0.1496,6.9333],[0.1496,6.9325]],[[0.1528,6.6231],[0.1525,6.6258],[0.151,6.6228],[0.1528,6.6231]],[[0.1524,6.9265],[0.1538,6.9257],[0.1526,6.9269],[0.1524,6.9265]],[[0.1552,7.2302],[0.1591,7.2308],[0.1602,7.2332],[0.1532,7.2336],[0.1552,7.2302]],[[0.1579,7.6649],[0.1676,7.6485],[0.1769,7.6561],[0.1772,7.6598],[0.1675,7.6603],[0.1656,7.6657],[0.1629,7.6614],[0.1579,7.6649]],[[0.1614,7.906],[0.1653,7.905],[0.1628,7.9074],[0.1614,7.906]],[[0.1667,7.247],[0.1651,7.252],[0.1641,7.2456],[0.1667,7.247]],[[0.1671,7.0385],[0.1666,7.0385],[0.1667,7.0381],[0.1671,7.0385]],[[0.1693,7.67],[0.1688,7.6701],[0.1688,7.6693],[0.1693,7.67]],[[0.1694,7.3961],[0.1699,7.3967],[0.1691,7.3967],[0.1694,7.3961]],[[0.1736,7.817],[0.1758,7.8198],[0.1721,7.8208],[0.1736,7.817]],[[0.1729,7.7157],[0.1747,7.7179],[0.1725,7.7158],[0.1729,7.7157]],[[0.1753,7.7862],[0.1937,7.7871],[0.1978,7.7842],[0.2031,7.7919],[0.2044,7.7856],[0.2071,7.7897],[0.2048,7.7999],[0.1991,7.8018],[0.1973,7.8059],[0.1849,7.8034],[0.187,7.7946],[0.1835,7.7955],[0.1835,7.791],[0.1782,7.791],[0.1753,7.7862]],[[0.1765,7.6711],[0.1761,7.6712],[0.1762,7.6709],[0.1765,7.6711]],[[0.1763,7.0517],[0.1808,7.0521],[0.1776,7.0543],[0.1763,7.0517]],[[0.1784,6.7606],[0.1777,6.7617],[0.177,6.7606],[0.1784,6.7606]],[[0.1825,6.6447],[0.1791,6.643],[0.1793,6.6409],[0.1826,6.6421],[0.1825,6.6447]],[[0.1821,8.1189],[0.1816,8.1192],[0.1819,8.1188],[0.1821,8.1189]],[[0.1847,7.7544],[0.1852,7.7573],[0.1835,7.7579],[0.1827,7.7566],[0.1847,7.7544]],[[0.1836,7.0994],[0.1829,7.1005],[0.1831,7.0991],[0.1836,7.0994]],[[0.1861,7.7568],[0.1951,7.7516],[0.1961,7.7518],[0.1861,7.7568]],[[0.1954,7.133],[0.2069,7.1427],[0.2045,7.1458],[0.2007,7.1398],[0.1951,7.1383],[0.1879,7.1187],[0.1968,7.1241],[0.1954,7.133]],[[0.1897,6.9855],[0.1909,6.9893],[0.1877,6.9903],[0.1877,6.9876],[0.1897,6.9855]],[[0.1975,7.1073],[0.1943,7.1103],[0.1879,7.1055],[0.1903,7.0986],[0.197,7.0996],[0.1975,7.1073]],[[0.1876,6.7559],[0.1893,6.7567],[0.1892,6.7578],[0.1876,6.7559]],[[0.1877,7.047],[0.1874,7.0469],[0.1876,7.0469],[0.1877,7.047]],[[0.1885,7.0442],[0.1882,7.0455],[0.1878,7.0451],[0.1885,7.0442]],[[0.1909,6.7369],[0.191,6.7371],[0.1906,6.737],[0.1909,6.7369]],[[0.1921,7.148],[0.192,7.1482],[0.192,7.1481],[0.1921,7.148]],[[0.1936,7.7357],[0.208,7.7275],[0.2147,7.7326],[0.2158,7.729],[0.2192,7.7337],[0.2154,7.7379],[0.2059,7.7347],[0.1921,7.7402],[0.1936,7.7357]],[[0.1925,6.7449],[0.1947,6.7445],[0.1946,6.746],[0.1925,6.7449]],[[0.1958,8.3284],[0.2004,8.3125],[0.2252,8.3201],[0.2178,8.3295],[0.2092,8.3293],[0.2086,8.3336],[0.1958,8.3284]],[[0.2059,7.4862],[0.2078,7.4886],[0.2064,7.49],[0.2059,7.4862]],[[0.2062,7.7737],[0.2109,7.7717],[0.2068,7.7655],[0.2161,7.7676],[0.2227,7.7648],[0.2187,7.7742],[0.2099,7.7766],[0.2062,7.7737]],[[0.2076,6.977],[0.2084,6.966],[0.2114,6.9665],[0.2105,6.9752],[0.2076,6.977]],[[0.2112,7.6792],[0.2121,7.6784],[0.2103,7.681],[0.2112,7.6792]],[[0.2174,7.6862],[0.218,7.6889],[0.2134,7.6937],[0.2111,7.6885],[0.2174,7.6862]],[[0.2128,7.6569],[0.2232,7.6715],[0.2245,7.6687],[0.2229,7.6821],[0.2151,7.6773],[0.2128,7.6569]],[[0.214,7.1246],[0.2285,7.1167],[0.229,7.1232],[0.2241,7.1291],[0.2284,7.1356],[0.2263,7.1425],[0.214,7.1246]],[[0.2198,7.2932],[0.2211,7.2892],[0.2208,7.2956],[0.2198,7.2932]],[[0.2235,7.6357],[0.2299,7.6349],[0.2343,7.6377],[0.2322,7.6412],[0.226,7.6388],[0.2213,7.6429],[0.2235,7.6357]],[[0.2223,7.8454],[0.2244,7.8467],[0.2212,7.8462],[0.2223,7.8454]],[[0.2233,7.6837],[0.2383,7.6901],[0.2352,7.6781],[0.2444,7.678],[0.2514,7.6817],[0.2528,7.6889],[0.247,7.6953],[0.2416,7.6942],[0.2416,7.7004],[0.2365,7.705],[0.2372,7.6971],[0.2337,7.6924],[0.2283,7.6911],[0.2269,7.6949],[0.2238,7.6915],[0.2233,7.6837]],[[0.2249,7.664],[0.2234,7.6651],[0.2238,7.6631],[0.2249,7.664]],[[0.2284,7.1144],[0.2269,7.1131],[0.2277,7.1125],[0.2284,7.1144]],[[0.2313,7.87],[0.2286,7.8715],[0.2272,7.8705],[0.23,7.8673],[0.2313,7.87]],[[0.2337,7.7412],[0.2316,7.7411],[0.2332,7.7385],[0.2337,7.7412]],[[0.2326,6.9862],[0.2319,6.9855],[0.2325,6.9855],[0.2326,6.9862]],[[0.232,7.0501],[0.233,7.0485],[0.2331,7.0503],[0.232,7.0501]],[[0.233,7.1558],[0.2338,7.1578],[0.2322,7.1575],[0.233,7.1558]],[[0.2415,7.4561],[0.2448,7.4642],[0.2441,7.4659],[0.2388,7.4648],[0.2393,7.4613],[0.2329,7.4584],[0.2415,7.4561]],[[0.2429,7.6599],[0.2468,7.6647],[0.2517,7.6651],[0.2523,7.6678],[0.2465,7.671],[0.2377,7.6669],[0.237,7.6615],[0.2429,7.6599]],[[0.2366,7.3109],[0.2363,7.3112],[0.2364,7.3109],[0.2366,7.3109]],[[0.2382,7.1921],[0.2387,7.1929],[0.2382,7.1929],[0.2382,7.1921]],[[0.2449,7.3586],[0.2442,7.3584],[0.2448,7.3583],[0.2449,7.3586]],[[0.2447,7.2845],[0.2454,7.2821],[0.245,7.2851],[0.2447,7.2845]],[[0.2472,7.4329],[0.2463,7.4331],[0.2463,7.4329],[0.2472,7.4329]],[[0.2472,7.4369],[0.2487,7.4396],[0.248,7.4399],[0.2472,7.4369]],[[0.2495,7.3211],[0.2504,7.322],[0.2496,7.3218],[0.2495,7.3211]],[[0.2512,7.2323],[0.2562,7.2212],[0.2619,7.2262],[0.2542,7.2355],[0.2535,7.2318],[0.2512,7.2323]],[[0.2548,7.3127],[0.2569,7.3116],[0.2566,7.3147],[0.2548,7.3127]],[[0.2554,7.4372],[0.2548,7.4374],[0.2549,7.4371],[0.2554,7.4372]],[[0.2602,7.1695],[0.2609,7.1743],[0.256,7.1751],[0.2558,7.1697],[0.2602,7.1695]],[[0.2561,7.316],[0.2571,7.3166],[0.2566,7.3168],[0.2561,7.316]],[[0.2606,7.4587],[0.2638,7.4591],[0.2638,7.4594],[0.2606,7.4587]],[[0.2676,7.4661],[0.2654,7.4677],[0.2637,7.4668],[0.2676,7.4661]],[[0.2794,7.4789],[0.2864,7.4713],[0.2904,7.4736],[0.2824,7.4794],[0.2794,7.4789]],[[0.2823,7.4528],[0.2833,7.4529],[0.283,7.4534],[0.2823,7.4528]],[[0.2895,7.4812],[0.2905,7.4821],[0.2889,7.4818],[0.2895,7.4812]],[[0.2939,7.5143],[0.2929,7.5138],[0.2931,7.5135],[0.2939,7.5143]],[[0.2962,7.5361],[0.2962,7.5358],[0.2964,7.5359],[0.2962,7.5361]],[[0.3164,7.5414],[0.3162,7.5411],[0.3164,7.5411],[0.3164,7.5414]],[[0.0976,8.5731],[0.0971,8.574],[0.097,8.573],[0.0976,8.5731]],[[0.3306,7.6193],[0.3304,7.6194],[0.3305,7.6192],[0.3306,7.6193]]]}},{"type":"Feature","properties":{"name":"Bui Reservoir"},"geometry":{"type":"Polygon","coordinates":[[[-2.4647,8.6524],[-2.4875,8.6846],[-2.4893,8.6976],[-2.4999,8.7191],[-2.5122,8.7294],[-2.5257,8.7325],[-2.5351,8.7389],[-2.543,8.7617],[-2.5507,8.7624],[-2.5689,8.7718],[-2.5849,8.7863],[-2.5943,8.786],[-2.5975,8.7867],[-2.5975,8.7879],[-2.586,8.7881],[-2.5683,8.7727],[-2.5429,8.7622],[-2.5389,8.7578],[-2.5346,8.7403],[-2.5229,8.7333],[-2.5121,8.731],[-2.5008,8.7216],[-2.4723,8.6649],[-2.4505,8.6473],[-2.4428,8.6495],[-2.4374,8.6466],[-2.4316,8.642],[-2.4251,8.6289],[-2.4173,8.624],[-2.4147,8.6122],[-2.4076,8.6093],[-2.4017,8.5981],[-2.4033,8.5902],[-2.3999,8.5823],[-2.4012,8.572],[-2.3934,8.5687],[-2.37,8.5525],[-2.3675,8.5452],[-2.3563,8.553],[-2.3654,8.5409],[-2.3629,8.5326],[-2.358,8.5311],[-2.3578,8.5254],[-2.3499,8.5246],[-2.3476,8.5286],[-2.3449,8.5289],[-2.3472,8.5225],[-2.3404,8.5203],[-2.3558,8.5197],[-2.3542,8.5123],[-2.361,8.5085],[-2.3589,8.5055],[-2.3645,8.4995],[-2.3603,8.4957],[-2.36,8.4913],[-2.3633,8.4894],[-2.3613,8.4828],[-2.3503,8.4794],[-2.3486,8.4919],[-2.3424,8.4897],[-2.3427,8.4969],[-2.3374,8.4934],[-2.3358,8.5055],[-2.3305,8.4916],[-2.3357,8.4755],[-2.3337,8.4731],[-2.3262,8.478],[-2.325,8.4747],[-2.3193,8.4764],[-2.3225,8.4668],[-2.3163,8.4588],[-2.3101,8.4672],[-2.3067,8.4645],[-2.3088,8.4726],[-2.3039,8.4739],[-2.3107,8.4857],[-2.3057,8.4842],[-2.3028,8.4867],[-2.3019,8.481],[-2.295,8.4797],[-2.287,8.4823],[-2.2864,8.4889],[-2.2806,8.4837],[-2.2879,8.4702],[-2.2802,8.4776],[-2.2791,8.4741],[-2.2739,8.4735],[-2.2656,8.4816],[-2.2676,8.4754],[-2.2641,8.4709],[-2.2681,8.4716],[-2.2703,8.4659],[-2.2776,8.4665],[-2.2828,8.461],[-2.278,8.4602],[-2.2794,8.4547],[-2.2678,8.4556],[-2.2681,8.4507],[-2.2613,8.4449],[-2.2808,8.4405],[-2.2723,8.4397],[-2.2704,8.4305],[-2.262,8.4425],[-2.2457,8.4402],[-2.2556,8.4312],[-2.2408,8.4339],[-2.2438,8.4305],[-2.2401,8.4263],[-2.2454,8.4258],[-2.2452,8.4219],[-2.2605,8.4198],[-2.2637,8.4151],[-2.2541,8.4153],[-2.2537,8.4117],[-2.2437,8.4107],[-2.2372,8.4158],[-2.2348,8.4059],[-2.2355,8.4001],[-2.243,8.4014],[-2.2394,8.3935],[-2.2425,8.3879],[-2.2529,8.3985],[-2.2579,8.3982],[-2.2546,8.3888],[-2.2572,8.3872],[-2.2514,8.379],[-2.259,8.3765],[-2.263,8.3785],[-2.2654,8.3761],[-2.263,8.3733],[-2.2689,8.3709],[-2.2617,8.3712],[-2.2609,8.3681],[-2.2439,8.3693],[-2.2502,8.3621],[-2.2557,8.3624],[-2.2547,8.3571],[-2.2585,8.3571],[-2.2567,8.3561],[-2.2646,8.3469],[-2.2611,8.344],[-2.2562,8.3449],[-2.2593,8.3429],[-2.2564,8.3411],[-2.2522,8.3418],[-2.2501,8.3359],[-2.2523,8.3338],[-2.2481,8.337],[-2.2446,8.3355],[-2.2596,8.3284],[-2.2479,8.3293],[-2.2651,8.3147],[-2.2787,8.3098],[-2.2794,8.3031],[-2.2753,8.3045],[-2.276,8.3013],[-2.2715,8.3028],[-2.2726,8.2997],[-2.2688,8.2992],[-2.2614,8.3039],[-2.2545,8.3006],[-2.2479,8.3049],[-2.2447,8.3027],[-2.2373,8.3131],[-2.2333,8.3117],[-2.2255,8.315],[-2.2242,8.3199],[-2.2127,8.3224],[-2.2116,8.3254],[-2.2059,8.3248],[-2.202,8.3303],[-2.1975,8.3258],[-2.1901,8.3315],[-2.1871,8.331],[-2.1865,8.3259],[-2.1793,8.3288],[-2.1743,8.3272],[-2.1961,8.3175],[-2.2156,8.3001],[-2.2362,8.2878],[-2.2381,8.2822],[-2.2351,8.2807],[-2.2378,8.2776],[-2.2419,8.2804],[-2.2546,8.2728],[-2.2517,8.2647],[-2.2733,8.2495],[-2.2858,8.25],[-2.2956,8.2435],[-2.2961,8.2371],[-2.3033,8.2301],[-2.3023,8.221],[-2.3058,8.2263],[-2.3116,8.2264],[-2.3083,8.2425],[-2.3228,8.2412],[-2.3249,8.2435],[-2.3315,8.2401],[-2.3306,8.2459],[-2.3218,8.2526],[-2.3224,8.2564],[-2.3182,8.254],[-2.3165,8.2604],[-2.3075,8.261],[-2.31,8.2675],[-2.2965,8.276],[-2.3062,8.2747],[-2.304,8.2784],[-2.3062,8.277],[-2.306,8.2824],[-2.314,8.283],[-2.3191,8.281],[-2.3199,8.2767],[-2.322,8.2796],[-2.3271,8.2765],[-2.3265,8.2797],[-2.3391,8.2725],[-2.3454,8.2727],[-2.3483,8.2772],[-2.3493,8.2755],[-2.3507,8.2744],[-2.3509,8.2736],[-2.3535,8.2739],[-2.349,8.279],[-2.3458,8.2751],[-2.3406,8.2749],[-2.3346,8.2803],[-2.3334,8.2775],[-2.3259,8.2822],[-2.3295,8.2834],[-2.3273,8.2856],[-2.3225,8.2829],[-2.3116,8.2879],[-2.3024,8.2856],[-2.304,8.2834],[-2.2999,8.2839],[-2.2999,8.2814],[-2.2952,8.2847],[-2.2979,8.2852],[-2.2988,8.2901],[-2.2963,8.2912],[-2.299,8.2924],[-2.2923,8.3009],[-2.3009,8.2991],[-2.3034,8.2955],[-2.3215,8.2921],[-2.3183,8.2993],[-2.3297,8.2953],[-2.3296,8.2977],[-2.344,8.2955],[-2.3332,8.3118],[-2.334,8.3192],[-2.3261,8.3256],[-2.3219,8.3249],[-2.321,8.3204],[-2.3203,8.3275],[-2.3312,8.3318],[-2.3422,8.3276],[-2.3412,8.3234],[-2.3448,8.3272],[-2.3513,8.3219],[-2.3656,8.3202],[-2.3595,8.3239],[-2.3611,8.3266],[-2.3566,8.3248],[-2.3577,8.3279],[-2.3534,8.332],[-2.353,8.3345],[-2.357,8.3335],[-2.3575,8.3407],[-2.3493,8.3442],[-2.3499,8.3471],[-2.3437,8.3446],[-2.3458,8.3513],[-2.343,8.3554],[-2.3524,8.3546],[-2.3621,8.3468],[-2.3586,8.3602],[-2.361,8.3641],[-2.3653,8.3549],[-2.373,8.3555],[-2.3769,8.3605],[-2.3832,8.3522],[-2.3868,8.3619],[-2.3968,8.3586],[-2.398,8.3627],[-2.4046,8.3633],[-2.4019,8.365],[-2.4042,8.3666],[-2.3963,8.3696],[-2.3972,8.3756],[-2.3779,8.3776],[-2.3767,8.3819],[-2.3714,8.3795],[-2.3724,8.3873],[-2.364,8.3835],[-2.3588,8.3865],[-2.3622,8.3957],[-2.3607,8.403],[-2.368,8.3977],[-2.3713,8.4013],[-2.3864,8.4033],[-2.3908,8.4001],[-2.3906,8.3963],[-2.3969,8.3953],[-2.3997,8.391],[-2.4046,8.3928],[-2.4086,8.3904],[-2.4114,8.3945],[-2.424,8.3926],[-2.417,8.3974],[-2.4177,8.4019],[-2.4074,8.4043],[-2.4078,8.4076],[-2.4036,8.4087],[-2.4071,8.4144],[-2.3998,8.4158],[-2.3991,8.4199],[-2.4052,8.4224],[-2.4101,8.4305],[-2.4136,8.4263],[-2.4175,8.4262],[-2.4162,8.4368],[-2.423,8.442],[-2.4325,8.4354],[-2.4317,8.4428],[-2.4396,8.445],[-2.4531,8.4366],[-2.4676,8.4405],[-2.4541,8.4412],[-2.4492,8.4474],[-2.4429,8.4483],[-2.4453,8.4581],[-2.4324,8.4509],[-2.4293,8.4586],[-2.4245,8.4529],[-2.4199,8.4607],[-2.4145,8.4567],[-2.4043,8.4558],[-2.3982,8.4494],[-2.3959,8.457],[-2.3907,8.4524],[-2.3843,8.4526],[-2.3977,8.4688],[-2.3953,8.4716],[-2.3965,8.4849],[-2.3887,8.4711],[-2.3821,8.4698],[-2.381,8.4811],[-2.384,8.483],[-2.381,8.4857],[-2.3839,8.4908],[-2.3766,8.4948],[-2.3852,8.4988],[-2.3792,8.5012],[-2.3796,8.5066],[-2.3883,8.5092],[-2.3826,8.5155],[-2.3891,8.5291],[-2.3926,8.5503],[-2.3988,8.5562],[-2.3859,8.5504],[-2.3791,8.5395],[-2.3787,8.5445],[-2.3823,8.5524],[-2.395,8.5559],[-2.3945,8.559],[-2.3873,8.5581],[-2.4095,8.5662],[-2.4146,8.5738],[-2.4193,8.5927],[-2.4161,8.6099],[-2.4182,8.6134],[-2.442,8.63],[-2.4555,8.6487],[-2.4647,8.6524]],[[-2.5937,8.7862],[-2.5954,8.7875],[-2.5966,8.7868],[-2.5937,8.7862]],[[-2.4575,8.6518],[-2.4619,8.6557],[-2.4643,8.6555],[-2.462,8.6517],[-2.4575,8.6518]],[[-2.4421,8.6456],[-2.4327,8.6415],[-2.4426,8.649],[-2.4487,8.6469],[-2.4504,8.6469],[-2.4527,8.648],[-2.4463,8.6435],[-2.4421,8.6456]],[[-2.4465,8.6408],[-2.4371,8.6282],[-2.4165,8.6138],[-2.4177,8.6226],[-2.4307,8.6326],[-2.4319,8.6394],[-2.4431,8.6442],[-2.4465,8.6408]],[[-2.4136,8.5747],[-2.4086,8.5675],[-2.3862,8.5598],[-2.4036,8.5738],[-2.4012,8.5823],[-2.4122,8.5918],[-2.414,8.5987],[-2.4173,8.595],[-2.4136,8.5747]],[[-2.4092,8.5917],[-2.4045,8.5874],[-2.4029,8.5977],[-2.4088,8.6091],[-2.4138,8.611],[-2.4092,8.5917]],[[-2.3483,8.3426],[-2.3478,8.3409],[-2.347,8.3415],[-2.3483,8.3426]],[[-2.345,8.3599],[-2.3422,8.3677],[-2.3398,8.3701],[-2.344,8.3684],[-2.3454,8.3654],[-2.345,8.3599]],[[-2.3318,8.3132],[-2.3271,8.3155],[-2.3265,8.3182],[-2.3336,8.3164],[-2.3318,8.3132]],[[-2.3248,8.3319],[-2.3257,8.3333],[-2.3261,8.333],[-2.3248,8.3319]],[[-2.3223,8.3303],[-2.3172,8.3277],[-2.3183,8.3305],[-2.315,8.3335],[-2.3223,8.3303]],[[-2.3196,8.3053],[-2.3159,8.3092],[-2.3139,8.3159],[-2.3197,8.3111],[-2.3196,8.3053]],[[-2.3179,8.3339],[-2.3189,8.3346],[-2.3194,8.3341],[-2.3179,8.3339]],[[-2.3118,8.306],[-2.3168,8.3052],[-2.3187,8.3017],[-2.3134,8.3021],[-2.3118,8.306]],[[-2.3107,8.3152],[-2.3139,8.3108],[-2.3089,8.3155],[-2.3107,8.3152]],[[-2.3106,8.3317],[-2.3118,8.3311],[-2.3116,8.3309],[-2.3106,8.3317]],[[-2.3037,8.3103],[-2.3017,8.3154],[-2.3096,8.3078],[-2.3037,8.3103]],[[-2.2782,8.2818],[-2.2789,8.2843],[-2.2892,8.2792],[-2.2888,8.2837],[-2.2945,8.2767],[-2.2782,8.2818]],[[-2.2816,8.3566],[-2.2665,8.3615],[-2.2653,8.3636],[-2.2859,8.3591],[-2.2816,8.3566]],[[-2.2802,8.3009],[-2.2793,8.2995],[-2.2785,8.3003],[-2.2802,8.3009]],[[-2.2796,8.2961],[-2.279,8.2965],[-2.2795,8.2966],[-2.2796,8.2961]],[[-2.279,8.2972],[-2.2776,8.2984],[-2.2787,8.2986],[-2.279,8.2972]],[[-2.2684,8.3222],[-2.2679,8.3265],[-2.2757,8.3238],[-2.2728,8.3205],[-2.2684,8.3222]],[[-2.2677,8.3189],[-2.2685,8.3204],[-2.2707,8.3183],[-2.2677,8.3189]],[[-2.2646,8.3675],[-2.2652,8.368],[-2.2656,8.3674],[-2.2646,8.3675]],[[-2.2642,8.2979],[-2.2613,8.3007],[-2.2647,8.2979],[-2.2642,8.2979]]]}},{"type":"Feature","properties":{"name":"Keta lagoon"},"geometry":{"type":"Polygon","coordinates":[[[0.8347,5.8322],[0.8337,5.8329],[0.8332,5.8333],[0.833,5.8343],[0.8343,5.8361],[0.8343,5.8358],[0.8347,5.8363],[0.8357,5.836],[0.8366,5.8347],[0.8389,5.8347],[0.8368,5.8376],[0.8385,5.8525],[0.8319,5.847],[0.8358,5.843],[0.8285,5.8434],[0.8282,5.853],[0.8264,5.8531],[0.823,5.8559],[0.8229,5.8527],[0.8169,5.8592],[0.8116,5.8579],[0.808,5.8631],[0.804,5.8593],[0.7944,5.8712],[0.8017,5.8656],[0.8125,5.8735],[0.8186,5.8668],[0.8188,5.8767],[0.8251,5.8727],[0.831,5.8653],[0.825,5.8616],[0.8261,5.8595],[0.832,5.8593],[0.839,5.8549],[0.8427,5.8581],[0.8425,5.8537],[0.8469,5.8557],[0.8487,5.8537],[0.8465,5.8608],[0.8517,5.8671],[0.8511,5.8715],[0.8419,5.8714],[0.8298,5.8778],[0.8343,5.8807],[0.8296,5.8836],[0.8272,5.8799],[0.8265,5.8837],[0.824,5.8831],[0.8223,5.8857],[0.8364,5.8838],[0.8442,5.8864],[0.8643,5.881],[0.8683,5.8864],[0.8681,5.8888],[0.8664,5.8907],[0.864,5.8905],[0.8676,5.8893],[0.8663,5.8882],[0.8524,5.8862],[0.8499,5.8883],[0.8509,5.8919],[0.8534,5.8914],[0.856,5.8979],[0.8614,5.8975],[0.8635,5.9102],[0.8724,5.9026],[0.8765,5.9074],[0.8785,5.9116],[0.8777,5.9141],[0.876,5.9077],[0.8759,5.9203],[0.8815,5.9201],[0.8839,5.9263],[0.8881,5.9209],[0.8939,5.9208],[0.8951,5.9288],[0.8855,5.9379],[0.8863,5.943],[0.8738,5.9406],[0.8634,5.9439],[0.8553,5.9481],[0.8523,5.9542],[0.8596,5.9638],[0.8759,5.9672],[0.8695,5.9694],[0.8705,5.9802],[0.8675,5.9867],[0.8825,5.9966],[0.888,5.996],[0.8964,6.0015],[0.899,5.9985],[0.8861,5.9896],[0.9032,5.9894],[0.9067,5.9966],[0.9027,5.9996],[0.9041,6.0035],[0.9109,6.0017],[0.9186,6.0044],[0.9197,6.0139],[0.9322,6.0133],[0.929,6.0199],[0.93,6.0332],[0.9371,6.0397],[0.9452,6.0349],[0.9498,6.0384],[0.9592,6.0293],[0.9653,6.0306],[0.9709,6.0273],[0.9751,6.0281],[0.9861,6.0419],[0.9931,6.0434],[0.9806,6.0315],[0.9795,6.0269],[0.985,6.0273],[0.9801,6.0236],[0.9883,6.0233],[0.9933,6.0113],[0.9907,6.0108],[0.9941,6.0057],[0.9911,6.0056],[0.9916,6.0032],[1.0007,6.0037],[1.0065,5.9968],[0.999,6.0007],[1.0068,5.9947],[1.0082,5.9918],[1.0077,5.9886],[1.0187,5.9785],[1.0138,5.9694],[1.0189,5.977],[1.024,5.9746],[1.0131,5.963],[1.0121,5.9576],[1.0103,5.963],[1.0134,5.9689],[0.9844,5.9223],[0.9874,5.9126],[0.9841,5.9086],[0.9836,5.8997],[0.9796,5.913],[0.9762,5.9099],[0.9734,5.9033],[0.9758,5.8989],[0.9683,5.8872],[0.9701,5.8795],[0.966,5.8753],[0.9701,5.8775],[0.9735,5.8747],[0.9719,5.8724],[0.9757,5.866],[0.97,5.8581],[0.9674,5.8686],[0.9611,5.8776],[0.9686,5.8548],[0.9614,5.8423],[0.9345,5.8148],[0.9289,5.8151],[0.9228,5.8102],[0.91,5.8068],[0.9014,5.7984],[0.8954,5.7962],[0.8949,5.7991],[0.9006,5.8008],[0.8866,5.8019],[0.8912,5.8115],[0.8876,5.8147],[0.879,5.8104],[0.8817,5.8082],[0.8793,5.8017],[0.8709,5.8057],[0.871,5.809],[0.8737,5.8067],[0.876,5.8105],[0.871,5.8149],[0.8739,5.816],[0.8779,5.8117],[0.8805,5.8153],[0.888,5.8166],[0.8853,5.8243],[0.876,5.8305],[0.8686,5.8285],[0.8601,5.833],[0.8544,5.8325],[0.8508,5.8332],[0.8493,5.8343],[0.8599,5.8334],[0.8556,5.8422],[0.8626,5.8337],[0.8689,5.833],[0.8694,5.8389],[0.8766,5.8371],[0.8889,5.8415],[0.8934,5.8463],[0.8994,5.8432],[0.901,5.8474],[0.9058,5.849],[0.9114,5.8439],[0.9052,5.8497],[0.9113,5.8509],[0.922,5.8649],[0.9183,5.8701],[0.9112,5.8719],[0.9136,5.8629],[0.9094,5.8554],[0.9036,5.8545],[0.9048,5.8512],[0.9008,5.8482],[0.9008,5.8521],[0.9034,5.8516],[0.8992,5.8538],[0.9057,5.8561],[0.9096,5.8654],[0.9009,5.8633],[0.9031,5.8593],[0.8984,5.8572],[0.8931,5.8609],[0.8869,5.8562],[0.8858,5.8573],[0.889,5.8586],[0.8857,5.8601],[0.8883,5.8646],[0.8991,5.8604],[0.9001,5.8708],[0.9038,5.8686],[0.904,5.8752],[0.9089,5.8822],[0.8977,5.8735],[0.9013,5.8807],[0.908,5.8836],[0.9046,5.8936],[0.8922,5.8859],[0.8943,5.881],[0.886,5.8695],[0.8774,5.8619],[0.8635,5.8566],[0.862,5.8514],[0.8534,5.8467],[0.8552,5.8422],[0.8498,5.8433],[0.8492,5.842],[0.8487,5.8411],[0.8474,5.8396],[0.8466,5.8391],[0.8491,5.8345],[0.8452,5.8368],[0.8459,5.8406],[0.8436,5.8414],[0.8425,5.8477],[0.8402,5.8493],[0.8376,5.8373],[0.8395,5.8344],[0.8391,5.8339],[0.8373,5.8339],[0.835,5.8352],[0.8352,5.8359],[0.8349,5.8359],[0.8353,5.8323],[0.8347,5.8322]],[[0.834,5.8331],[0.8343,5.8331],[0.834,5.8332],[0.834,5.8331]],[[0.8664,5.8309],[0.8695,5.83],[0.8703,5.831],[0.8664,5.8309]],[[0.841,5.8493],[0.8459,5.846],[0.8446,5.842],[0.8474,5.8397],[0.8491,5.842],[0.8478,5.8433],[0.8459,5.8482],[0.8451,5.8529],[0.841,5.8493]],[[0.8485,5.8429],[0.8496,5.8431],[0.8504,5.8436],[0.8485,5.8429]],[[0.8015,5.863],[0.8018,5.8636],[0.8013,5.8636],[0.8015,5.863]],[[0.8026,5.865],[0.8028,5.8654],[0.8024,5.8653],[0.8026,5.865]],[[0.8198,5.8583],[0.823,5.8577],[0.8234,5.8579],[0.8226,5.8606],[0.8198,5.8583]],[[0.8192,5.8666],[0.825,5.8648],[0.8278,5.8684],[0.8192,5.8666]],[[0.8225,5.8561],[0.8227,5.8566],[0.8222,5.8568],[0.8225,5.8561]],[[0.8235,5.8612],[0.8234,5.8589],[0.8262,5.8586],[0.8253,5.8603],[0.8242,5.8603],[0.8236,5.8605],[0.8235,5.8612]],[[0.8235,5.8565],[0.8239,5.8569],[0.8232,5.8569],[0.8235,5.8565]],[[0.8236,5.8612],[0.8253,5.8606],[0.824,5.8621],[0.8236,5.8612]],[[0.8253,5.8546],[0.8262,5.8552],[0.8251,5.855],[0.8253,5.8546]],[[0.8256,5.8574],[0.8267,5.8573],[0.8257,5.8581],[0.8256,5.8574]],[[0.8266,5.8564],[0.8264,5.8566],[0.8263,5.8564],[0.8266,5.8564]],[[0.8268,5.855],[0.8277,5.8552],[0.8269,5.8556],[0.8268,5.855]],[[0.8274,5.8569],[0.827,5.8572],[0.8269,5.857],[0.8274,5.8569]],[[0.8296,5.8552],[0.8317,5.8525],[0.8349,5.8535],[0.8321,5.8592],[0.8296,5.8552]],[[0.8288,5.8478],[0.8307,5.8474],[0.8303,5.8486],[0.8288,5.8478]],[[0.8296,5.8577],[0.8291,5.858],[0.8292,5.8576],[0.8296,5.8577]],[[0.8295,5.8535],[0.8316,5.8498],[0.8321,5.8485],[0.8327,5.8484],[0.8295,5.8535]],[[0.8306,5.8843],[0.8302,5.8843],[0.8305,5.884],[0.8306,5.8843]],[[0.8307,5.8488],[0.8313,5.8496],[0.831,5.8499],[0.8307,5.8488]],[[0.8312,5.8475],[0.8315,5.8481],[0.8312,5.8483],[0.8312,5.8475]],[[0.8324,5.8518],[0.8333,5.8526],[0.8317,5.8521],[0.8324,5.8518]],[[0.8325,5.8516],[0.834,5.8496],[0.8361,5.8529],[0.8325,5.8516]],[[0.8332,5.8341],[0.8335,5.8339],[0.8334,5.8341],[0.8332,5.8341]],[[0.8337,5.8331],[0.8338,5.8332],[0.8337,5.8331],[0.8337,5.8331]],[[0.834,5.8526],[0.8341,5.8525],[0.834,5.8526],[0.834,5.8526]],[[0.8345,5.8359],[0.8344,5.8358],[0.8345,5.8358],[0.8345,5.8359]],[[0.8347,5.8326],[0.8345,5.8327],[0.8345,5.8325],[0.8347,5.8326]],[[0.8347,5.8358],[0.8346,5.8359],[0.8346,5.8358],[0.8347,5.8358]],[[0.8347,5.8359],[0.8348,5.8359],[0.8348,5.8359],[0.8347,5.8359]],[[0.8351,5.8361],[0.835,5.8361],[0.8351,5.8361],[0.8351,5.8361]],[[0.8351,5.8361],[0.8351,5.8361],[0.8351,5.8361],[0.8351,5.8361]],[[0.8351,5.8361],[0.8351,5.8361],[0.8351,5.8361],[0.8351,5.8361]],[[0.8352,5.836],[0.8352,5.836],[0.8352,5.836],[0.8352,5.836]],[[0.8354,5.8356],[0.8353,5.8355],[0.8353,5.8355],[0.8354,5.8356]],[[0.8354,5.8361],[0.8353,5.836],[0.8354,5.836],[0.8354,5.8361]],[[0.8355,5.8356],[0.8354,5.8357],[0.8354,5.8356],[0.8355,5.8356]],[[0.8355,5.8537],[0.8371,5.8541],[0.8354,5.8542],[0.8355,5.8537]],[[0.8355,5.8358],[0.8355,5.8359],[0.8355,5.8359],[0.8355,5.8358]],[[0.8355,5.8354],[0.8355,5.8354],[0.8355,5.8354],[0.8355,5.8354]],[[0.8356,5.8356],[0.8356,5.8356],[0.8356,5.8356],[0.8356,5.8356]],[[0.8357,5.8357],[0.8356,5.8356],[0.8357,5.8356],[0.8357,5.8357]],[[0.8356,5.8355],[0.8357,5.8354],[0.8357,5.8355],[0.8356,5.8355]],[[0.8357,5.8357],[0.8358,5.8357],[0.8358,5.8357],[0.8357,5.8357]],[[0.8358,5.8353],[0.8358,5.8354],[0.8358,5.8353],[0.8358,5.8353]],[[0.8358,5.8354],[0.8358,5.8355],[0.8358,5.8355],[0.8358,5.8354]],[[0.8358,5.8355],[0.8358,5.8355],[0.8358,5.8355],[0.8358,5.8355]],[[0.8359,5.8356],[0.8359,5.8355],[0.8359,5.8356],[0.8359,5.8356]],[[0.8359,5.8353],[0.8359,5.8353],[0.8359,5.8353],[0.8359,5.8353]],[[0.836,5.8352],[0.836,5.8352],[0.836,5.8352],[0.836,5.8352]],[[0.836,5.8355],[0.8361,5.8355],[0.836,5.8355],[0.836,5.8355]],[[0.8361,5.835],[0.8361,5.835],[0.8361,5.835],[0.8361,5.835]],[[0.8362,5.8349],[0.8362,5.8349],[0.8362,5.8349],[0.8362,5.8349]],[[0.8362,5.8346],[0.8362,5.8348],[0.8362,5.8346],[0.8362,5.8346]],[[0.8367,5.8834],[0.8417,5.8809],[0.8462,5.8793],[0.8367,5.8834]],[[0.8368,5.8346],[0.8369,5.8346],[0.8368,5.8347],[0.8368,5.8346]],[[0.8371,5.8341],[0.8371,5.8341],[0.8371,5.8341],[0.8371,5.8341]],[[0.8371,5.8346],[0.8371,5.8346],[0.8371,5.8346],[0.8371,5.8346]],[[0.8372,5.8807],[0.8375,5.8803],[0.8374,5.8809],[0.8372,5.8807]],[[0.8373,5.8343],[0.8374,5.8343],[0.8373,5.8343],[0.8373,5.8343]],[[0.8378,5.834],[0.8377,5.834],[0.8378,5.8339],[0.8378,5.834]],[[0.8384,5.854],[0.8383,5.8537],[0.8385,5.8537],[0.8384,5.854]],[[0.8383,5.8499],[0.8413,5.8517],[0.8389,5.8523],[0.8383,5.8499]],[[0.8388,5.8496],[0.8397,5.8494],[0.8398,5.8495],[0.8388,5.8496]],[[0.8385,5.8343],[0.8386,5.8343],[0.8385,5.8343],[0.8385,5.8343]],[[0.8385,5.8341],[0.8386,5.8342],[0.8386,5.8342],[0.8385,5.8341]],[[0.8399,5.8538],[0.8395,5.8547],[0.8391,5.8547],[0.8399,5.8538]],[[0.8402,5.855],[0.84,5.8546],[0.8404,5.8549],[0.8402,5.855]],[[0.84,5.8778],[0.8402,5.8773],[0.8404,5.8772],[0.84,5.8778]],[[0.8411,5.8538],[0.8412,5.8544],[0.8401,5.8544],[0.8411,5.8538]],[[0.8483,5.8526],[0.8484,5.8537],[0.8475,5.8538],[0.8483,5.8526]],[[0.856,5.8891],[0.8551,5.8912],[0.8515,5.891],[0.8536,5.8895],[0.856,5.8891]],[[0.8681,5.9574],[0.8737,5.9557],[0.8685,5.9598],[0.8681,5.9574]],[[0.8834,5.8754],[0.8785,5.8793],[0.8731,5.8801],[0.8724,5.8768],[0.881,5.8685],[0.8834,5.8754]],[[0.8939,5.9327],[0.8924,5.9349],[0.8921,5.9349],[0.8939,5.9327]],[[0.8939,5.8299],[0.8944,5.8293],[0.8946,5.8295],[0.8939,5.8299]],[[0.8961,5.9323],[0.8944,5.9335],[0.8949,5.9321],[0.8961,5.9323]],[[0.8952,5.9309],[0.8958,5.9313],[0.895,5.9313],[0.8952,5.9309]],[[0.8965,5.8294],[0.8954,5.83],[0.8951,5.8298],[0.8965,5.8294]],[[0.9043,5.8676],[0.9093,5.8682],[0.9123,5.8746],[0.9041,5.874],[0.9043,5.8676]],[[0.907,5.996],[0.9206,5.9922],[0.9245,5.9965],[0.907,5.996]],[[0.9246,6.0011],[0.9245,6.0001],[0.9243,5.9994],[0.9246,6.0011]],[[0.9263,6.0024],[0.9267,6.0064],[0.9254,6.0013],[0.9263,6.0024]],[[0.9274,5.875],[0.9323,5.8728],[0.9388,5.8729],[0.9465,5.8795],[0.9384,5.8834],[0.9343,5.8803],[0.9371,5.8801],[0.9303,5.8766],[0.9304,5.8753],[0.9325,5.8745],[0.9329,5.8732],[0.9275,5.8753],[0.9306,5.878],[0.9275,5.877],[0.9274,5.875]],[[0.928,5.9896],[0.9496,5.9813],[0.9517,5.9871],[0.939,5.9867],[0.935,5.9915],[0.928,5.9896]],[[0.9319,5.8792],[0.9338,5.8792],[0.9339,5.8801],[0.9319,5.8792]],[[0.9402,5.9898],[0.9379,5.9914],[0.9373,5.9905],[0.9402,5.9898]],[[0.9444,5.8758],[0.9443,5.8757],[0.9444,5.8758],[0.9444,5.8758]],[[0.9512,6.0013],[0.9496,6.0027],[0.9487,6.0021],[0.9512,6.0013]],[[0.9796,6.0224],[0.9722,6.0218],[0.9613,6.0276],[0.9566,6.0287],[0.9551,6.0258],[0.9514,6.0285],[0.9611,6.0213],[0.9739,6.02],[0.9796,6.0224]],[[0.9662,5.998],[0.9691,6.0008],[0.9615,6.0016],[0.9662,5.998]],[[0.9842,5.9987],[0.9968,6.0015],[0.9891,6.0022],[0.9844,5.9993],[0.9798,6.0044],[0.9869,6.0111],[0.97,6.0029],[0.9842,5.9987]],[[0.972,5.9893],[0.9758,5.9878],[0.9772,5.9889],[0.972,5.9893]],[[0.9815,5.9275],[0.9754,5.929],[0.9804,5.9253],[0.9815,5.9275]],[[0.9853,5.9369],[0.9819,5.9366],[0.9827,5.9339],[0.9848,5.9336],[0.9853,5.9369]],[[0.9859,5.9441],[0.9851,5.941],[0.9878,5.9403],[0.9886,5.9429],[0.9859,5.9441]],[[0.9907,5.9457],[0.9886,5.9441],[0.9903,5.9437],[0.9907,5.9457]],[[0.9931,5.9483],[0.9911,5.9493],[0.9915,5.9479],[0.9931,5.9483]],[[1.0011,5.9667],[1.0039,5.9645],[1.0037,5.9664],[1.0011,5.9667]],[[1.0074,5.9909],[1.0073,5.9934],[1.0039,5.9949],[1.0074,5.9909]],[[1.0084,5.9723],[1.0059,5.9742],[1.005,5.9703],[1.0068,5.9698],[1.0084,5.9723]],[[1.0088,5.9739],[1.0091,5.9752],[1.0083,5.9745],[1.0088,5.9739]],[[1.0103,5.9766],[1.0093,5.9761],[1.0101,5.976],[1.0103,5.9766]],[[1.011,5.9755],[1.0116,5.9763],[1.0107,5.9762],[1.011,5.9755]],[[1.0115,5.98],[1.0123,5.9805],[1.0114,5.9807],[1.0115,5.98]]]}},{"type":"Feature","properties":{"name":null},"geometry":{"type":"Polygon","coordinates":[[[0.1281,6.123],[0.1423,6.1103],[0.1896,6.0967],[0.2067,6.1036],[0.2123,6.1023],[0.2348,6.1095],[0.2625,6.106],[0.2878,6.0899],[0.2929,6.0793],[0.2935,6.0683],[0.2987,6.0628],[0.3637,6.0469],[0.3796,6.0458],[0.3874,6.0489],[0.3916,6.0706],[0.3893,6.0695],[0.3925,6.0741],[0.4157,6.0863],[0.4447,6.085],[0.4719,6.069],[0.4724,6.0727],[0.4757,6.072],[0.4893,6.0639],[0.5115,6.058],[0.5221,6.0432],[0.5398,6.032],[0.5503,6.02],[0.5817,6.0069],[0.5874,5.9961],[0.6181,5.9645],[0.6287,5.9419],[0.6421,5.9269],[0.6421,5.9105],[0.6512,5.8953],[0.6526,5.8869],[0.6496,5.8577],[0.6419,5.8435],[0.6592,5.826],[0.6666,5.8024],[0.6781,5.7946],[0.6807,5.7824],[0.6825,5.781],[0.6836,5.7816],[0.6818,5.7829],[0.6813,5.7843],[0.6812,5.7849],[0.6844,5.7824],[0.6834,5.7865],[0.6858,5.7809],[0.6968,5.7755],[0.7029,5.7831],[0.7091,5.7786],[0.7207,5.7844],[0.7181,5.7924],[0.7122,5.793],[0.7104,5.7962],[0.7124,5.8061],[0.7183,5.8106],[0.7143,5.8174],[0.7107,5.8267],[0.7118,5.8282],[0.7101,5.8297],[0.7103,5.8308],[0.7116,5.8315],[0.711,5.8337],[0.714,5.8394],[0.7139,5.8421],[0.7122,5.8423],[0.7119,5.843],[0.7156,5.8477],[0.7097,5.8554],[0.7115,5.8593],[0.7111,5.8635],[0.7117,5.8691],[0.7128,5.8709],[0.7131,5.869],[0.7118,5.8587],[0.7102,5.8555],[0.7162,5.8476],[0.7144,5.846],[0.7151,5.8434],[0.713,5.8339],[0.7114,5.8337],[0.7119,5.8315],[0.7104,5.8301],[0.7121,5.8282],[0.711,5.8266],[0.7141,5.8229],[0.7148,5.8176],[0.7183,5.8121],[0.7194,5.8138],[0.7202,5.8142],[0.7282,5.8058],[0.7331,5.8086],[0.7449,5.8053],[0.7561,5.7958],[0.7655,5.8089],[0.7622,5.8135],[0.7623,5.8162],[0.7643,5.8201],[0.7616,5.821],[0.7608,5.8216],[0.7612,5.8215],[0.7647,5.8204],[0.7625,5.8135],[0.766,5.8092],[0.7687,5.8128],[0.7727,5.8092],[0.7741,5.8109],[0.782,5.8119],[0.7729,5.8088],[0.7688,5.8124],[0.7574,5.7954],[0.761,5.784],[0.7669,5.7824],[0.7696,5.784],[0.771,5.7836],[0.7722,5.78],[0.7717,5.7783],[0.7736,5.7782],[0.775,5.7766],[0.7757,5.7797],[0.7764,5.7803],[0.7804,5.7792],[0.7819,5.7764],[0.7851,5.7771],[0.7931,5.7739],[0.7949,5.779],[0.7977,5.7822],[0.7989,5.782],[0.8,5.7815],[0.8012,5.7784],[0.8039,5.7785],[0.8067,5.7765],[0.8102,5.7793],[0.8165,5.7791],[0.8175,5.7815],[0.825,5.7842],[0.8298,5.7822],[0.8249,5.7833],[0.8171,5.7786],[0.8066,5.7762],[0.801,5.7783],[0.7975,5.7819],[0.7943,5.7727],[0.7909,5.7727],[0.7869,5.7743],[0.7853,5.7768],[0.7818,5.7762],[0.7765,5.7799],[0.775,5.7763],[0.7714,5.7781],[0.7707,5.783],[0.767,5.7819],[0.7626,5.7825],[0.7593,5.7846],[0.7568,5.7944],[0.7458,5.8036],[0.7318,5.8023],[0.72,5.8099],[0.7133,5.8053],[0.712,5.7949],[0.7186,5.7935],[0.7218,5.7838],[0.7151,5.7813],[0.7155,5.7759],[0.713,5.7744],[0.7081,5.7749],[0.7042,5.7807],[0.6974,5.7741],[0.6879,5.778],[0.6833,5.7739],[0.6767,5.7776],[0.6654,5.7697],[0.6659,5.7731],[0.6534,5.773],[0.6267,5.7915],[0.6186,5.8014],[0.6157,5.8092],[0.6179,5.8218],[0.624,5.8319],[0.6201,5.8349],[0.6194,5.8534],[0.6247,5.8617],[0.6307,5.8629],[0.6317,5.866],[0.6282,5.8683],[0.6164,5.8646],[0.6136,5.8659],[0.6126,5.8738],[0.6192,5.8757],[0.6112,5.876],[0.61,5.8834],[0.6034,5.888],[0.6115,5.8958],[0.607,5.9007],[0.6001,5.8978],[0.6005,5.8953],[0.5842,5.9066],[0.5814,5.9133],[0.5768,5.9159],[0.5787,5.9206],[0.5765,5.9242],[0.5716,5.9249],[0.5757,5.9323],[0.5683,5.9244],[0.5618,5.9263],[0.5607,5.9204],[0.5576,5.9195],[0.5588,5.9265],[0.5634,5.9268],[0.568,5.9248],[0.5714,5.9294],[0.5712,5.9321],[0.5696,5.9321],[0.5664,5.9355],[0.5664,5.9378],[0.5591,5.9393],[0.5538,5.9462],[0.5564,5.9503],[0.5594,5.9512],[0.563,5.9573],[0.5691,5.9635],[0.5699,5.9702],[0.5651,5.9791],[0.5547,5.9795],[0.5631,5.9798],[0.5555,5.9845],[0.5659,5.9797],[0.5711,5.9698],[0.5699,5.9632],[0.555,5.9451],[0.5592,5.9402],[0.5669,5.9383],[0.5668,5.9356],[0.5712,5.9333],[0.5713,5.931],[0.5736,5.9375],[0.579,5.9314],[0.5885,5.9284],[0.5899,5.9171],[0.6,5.907],[0.5999,5.9127],[0.6024,5.9016],[0.6036,5.9053],[0.6052,5.903],[0.6088,5.906],[0.6107,5.9125],[0.6119,5.9076],[0.6065,5.9028],[0.6126,5.8944],[0.6047,5.8874],[0.6096,5.8861],[0.6118,5.8766],[0.6198,5.8762],[0.6188,5.8735],[0.6133,5.8731],[0.6158,5.8654],[0.6261,5.87],[0.6323,5.8672],[0.6322,5.863],[0.6261,5.8618],[0.6211,5.8517],[0.6237,5.8418],[0.6213,5.8349],[0.623,5.8341],[0.6315,5.8417],[0.64,5.8706],[0.6386,5.8732],[0.6375,5.8809],[0.6387,5.8838],[0.6364,5.8929],[0.6369,5.8956],[0.6341,5.8986],[0.6256,5.9156],[0.6312,5.909],[0.6288,5.92],[0.6288,5.9232],[0.6251,5.9266],[0.6155,5.9569],[0.6094,5.9648],[0.6035,5.9666],[0.6105,5.9589],[0.5882,5.97],[0.5765,5.9773],[0.5705,5.9827],[0.5839,5.9732],[0.5785,5.983],[0.5735,5.9838],[0.5769,5.9842],[0.5752,5.985],[0.5754,5.9859],[0.5803,5.9816],[0.5846,5.9734],[0.6056,5.9625],[0.603,5.9674],[0.5971,5.9723],[0.5906,5.979],[0.5866,5.9848],[0.599,5.9718],[0.5979,5.9772],[0.573,6.0033],[0.5324,6.0147],[0.5134,6.0496],[0.4946,6.05],[0.4831,6.0545],[0.4807,6.0495],[0.4784,6.0475],[0.4828,6.0548],[0.4552,6.0712],[0.4557,6.0738],[0.4492,6.0782],[0.4127,6.0807],[0.4058,6.076],[0.4058,6.0789],[0.4008,6.0765],[0.4049,6.0747],[0.3986,6.0679],[0.3933,6.0498],[0.3865,6.0427],[0.3661,6.0383],[0.3167,6.0546],[0.2968,6.0566],[0.29,6.0632],[0.2853,6.0802],[0.2648,6.0963],[0.2354,6.1039],[0.2024,6.0971],[0.1879,6.0908],[0.139,6.1063],[0.1242,6.1188],[0.1281,6.123]],[[0.722,5.8103],[0.7223,5.8107],[0.7228,5.8112],[0.722,5.8103]],[[0.6333,5.9023],[0.6402,5.897],[0.6389,5.9094],[0.63,5.9217],[0.6333,5.9023]],[[0.175,6.095],[0.1843,6.0953],[0.1732,6.097],[0.175,6.095]],[[0.1836,6.0949],[0.1844,6.0947],[0.1843,6.0951],[0.1836,6.0949]],[[0.255,6.1022],[0.2724,6.0943],[0.286,6.0832],[0.2677,6.1022],[0.255,6.1022]],[[0.2873,6.0838],[0.2887,6.0865],[0.2857,6.0898],[0.2856,6.0876],[0.2873,6.0838]],[[0.2922,6.0729],[0.2914,6.0718],[0.2919,6.0715],[0.2922,6.0729]],[[0.4623,6.0679],[0.4811,6.0577],[0.4831,6.0602],[0.4807,6.0639],[0.4623,6.0679]],[[0.5339,6.0276],[0.5371,6.0177],[0.5513,6.0154],[0.5399,6.0305],[0.5279,6.035],[0.5339,6.0276]],[[0.5338,6.019],[0.5326,6.0287],[0.5286,6.0317],[0.5299,6.0237],[0.5338,6.019]],[[0.5629,6.007],[0.5684,6.0062],[0.5626,6.0075],[0.5629,6.007]],[[0.584,5.9087],[0.584,5.908],[0.5844,5.9084],[0.584,5.9087]],[[0.5996,5.9713],[0.6067,5.9669],[0.6005,5.9733],[0.5996,5.9713]],[[0.6179,5.8042],[0.623,5.7988],[0.6212,5.8073],[0.62,5.8227],[0.6179,5.8042]],[[0.6192,5.9489],[0.6232,5.9387],[0.6266,5.9357],[0.6192,5.9489]],[[0.6233,5.8415],[0.6216,5.8406],[0.622,5.8396],[0.6233,5.8415]],[[0.6244,5.804],[0.6264,5.8057],[0.6223,5.8103],[0.6218,5.8074],[0.6244,5.804]],[[0.6259,5.8265],[0.6227,5.8186],[0.6262,5.8265],[0.6259,5.8265]],[[0.6239,5.8034],[0.623,5.8028],[0.6236,5.8026],[0.6239,5.8034]],[[0.623,5.8169],[0.6323,5.7915],[0.6545,5.7823],[0.6405,5.803],[0.6372,5.8113],[0.6388,5.8212],[0.6307,5.8341],[0.623,5.8169]],[[0.6255,5.9307],[0.6261,5.9355],[0.6237,5.9364],[0.6255,5.9307]],[[0.6266,5.7947],[0.6264,5.7979],[0.6252,5.7982],[0.6266,5.7947]],[[0.6267,5.9264],[0.6316,5.923],[0.6268,5.9298],[0.6267,5.9264]],[[0.632,5.9227],[0.6316,5.9226],[0.632,5.9225],[0.632,5.9227]],[[0.633,5.9204],[0.6384,5.9128],[0.6385,5.9166],[0.633,5.9204]],[[0.6415,5.8575],[0.6454,5.8743],[0.6376,5.8954],[0.6407,5.8667],[0.6356,5.851],[0.6415,5.8575]],[[0.6395,5.9222],[0.6408,5.926],[0.6369,5.9305],[0.637,5.9266],[0.6395,5.9222]],[[0.6412,5.8178],[0.6428,5.8083],[0.6447,5.8068],[0.6464,5.8074],[0.643,5.813],[0.6412,5.8178]],[[0.6412,5.8074],[0.6446,5.8004],[0.6418,5.8081],[0.6412,5.8074]],[[0.6426,5.8411],[0.6431,5.8331],[0.6544,5.8225],[0.6559,5.8284],[0.6426,5.8411]],[[0.6438,5.8124],[0.647,5.8104],[0.6434,5.8154],[0.6438,5.8124]],[[0.6466,5.8837],[0.6469,5.8831],[0.6471,5.8835],[0.6466,5.8837]],[[0.6471,5.803],[0.651,5.8109],[0.6483,5.813],[0.6471,5.803]],[[0.6491,5.8029],[0.6566,5.7902],[0.6645,5.7868],[0.6537,5.8038],[0.6491,5.8029]],[[0.6498,5.8156],[0.6521,5.8085],[0.6518,5.8059],[0.6548,5.8039],[0.6531,5.813],[0.6498,5.8156]],[[0.65,5.8042],[0.6525,5.8045],[0.6516,5.8063],[0.6514,5.8104],[0.65,5.8042]],[[0.6552,5.8253],[0.6593,5.8185],[0.6567,5.8265],[0.6552,5.8253]],[[0.6581,5.7857],[0.6615,5.7784],[0.665,5.7785],[0.6581,5.7857]],[[0.6587,5.8244],[0.659,5.8258],[0.658,5.8262],[0.6587,5.8244]],[[0.6599,5.8098],[0.6614,5.8085],[0.6589,5.8117],[0.6599,5.8098]],[[0.6632,5.7767],[0.6637,5.7776],[0.6622,5.7781],[0.6632,5.7767]],[[0.7081,5.7776],[0.7083,5.7781],[0.7078,5.7785],[0.7081,5.7776]],[[0.7093,5.7763],[0.7135,5.7774],[0.7085,5.7774],[0.7093,5.7763]],[[0.7093,5.7757],[0.709,5.775],[0.7098,5.7748],[0.7093,5.7757]],[[0.7107,5.7777],[0.7133,5.7802],[0.7092,5.7779],[0.7107,5.7777]],[[0.7103,5.7756],[0.7096,5.7758],[0.7101,5.7751],[0.7103,5.7756]],[[0.7112,5.7755],[0.7103,5.775],[0.7112,5.7753],[0.7112,5.7755]],[[0.7132,5.7748],[0.7136,5.7762],[0.7113,5.7751],[0.7132,5.7748]],[[0.713,5.7748],[0.712,5.7749],[0.7132,5.7747],[0.713,5.7748]],[[0.7932,5.7729],[0.7942,5.7741],[0.793,5.7733],[0.791,5.773],[0.7932,5.7729]],[[0.792,5.7735],[0.7934,5.7737],[0.7916,5.7741],[0.792,5.7735]],[[0.7934,5.7738],[0.7939,5.7754],[0.7939,5.7758],[0.7934,5.7738]],[[0.6813,5.7785],[0.6836,5.7804],[0.6805,5.7792],[0.6813,5.7785]],[[0.7702,5.7833],[0.7701,5.7838],[0.7695,5.7836],[0.7702,5.7833]],[[0.7325,5.8078],[0.7292,5.8053],[0.7326,5.8029],[0.7362,5.8055],[0.7325,5.8078]],[[0.7185,5.8111],[0.7214,5.811],[0.7199,5.8138],[0.7185,5.8111]],[[0.7121,5.8428],[0.7147,5.8432],[0.7147,5.8441],[0.7121,5.8428]],[[0.7121,5.8664],[0.712,5.8679],[0.7119,5.8664],[0.7121,5.8664]],[[0.7128,5.8679],[0.713,5.8695],[0.7121,5.8681],[0.7128,5.8679]]]}},{"type":"Feature","properties":{"name":"Lake Bosomtwe"},"geometry":{"type":"Polygon","coordinates":[[[-1.4445,6.5089],[-1.4389,6.5234],[-1.4281,6.5349],[-1.4135,6.5362],[-1.4048,6.5405],[-1.3946,6.5356],[-1.3741,6.5152],[-1.3764,6.5097],[-1.3749,6.5057],[-1.3725,6.5068],[-1.3756,6.4854],[-1.3883,6.4726],[-1.401,6.4714],[-1.4021,6.4743],[-1.4138,6.475],[-1.4237,6.4719],[-1.4308,6.4748],[-1.4353,6.4728],[-1.4459,6.4844],[-1.4445,6.5089]]]}},{"type":"Feature","properties":{"name":"Kpong Reservoir"},"geometry":{"type":"Polygon","coordinates":[[[0.0616,6.1518],[0.0663,6.1644],[0.0789,6.1719],[0.0993,6.2097],[0.0978,6.2105],[0.0972,6.2131],[0.0934,6.2155],[0.0926,6.2182],[0.0897,6.2198],[0.0891,6.2219],[0.0935,6.2314],[0.0919,6.2477],[0.0782,6.2686],[0.0595,6.2794],[0.0597,6.2871],[0.0632,6.2917],[0.0555,6.2983],[0.0638,6.297],[0.0645,6.3004],[0.0659,6.292],[0.0625,6.2811],[0.0871,6.2703],[0.0955,6.2562],[0.0985,6.2359],[0.1021,6.2346],[0.1061,6.2385],[0.1088,6.2382],[0.1114,6.2355],[0.1144,6.2288],[0.1149,6.2293],[0.0974,6.2013],[0.0885,6.1764],[0.082,6.173],[0.0813,6.1689],[0.0903,6.1575],[0.0877,6.1632],[0.0879,6.166],[0.0892,6.1651],[0.0889,6.1683],[0.0895,6.1687],[0.0899,6.1629],[0.0922,6.1633],[0.0963,6.1732],[0.0952,6.1641],[0.0981,6.1595],[0.0954,6.1603],[0.0976,6.1585],[0.1117,6.1564],[0.1172,6.1506],[0.1264,6.1493],[0.1283,6.1241],[0.1124,6.1107],[0.1055,6.1103],[0.1014,6.1236],[0.0793,6.13],[0.0854,6.1344],[0.0808,6.1387],[0.0733,6.1411],[0.0631,6.1388],[0.0649,6.1416],[0.0616,6.1518]],[[0.0636,6.1538],[0.0719,6.1465],[0.0712,6.1496],[0.0762,6.1498],[0.0721,6.1511],[0.0776,6.1521],[0.0664,6.1571],[0.0636,6.1538]],[[0.0714,6.1568],[0.0719,6.1617],[0.07,6.1626],[0.0681,6.1593],[0.0714,6.1568]],[[0.0724,6.1605],[0.0748,6.1571],[0.0771,6.1576],[0.0724,6.1605]],[[0.0799,6.165],[0.0794,6.1693],[0.0792,6.1646],[0.0799,6.165]],[[0.0802,6.1638],[0.0787,6.1632],[0.0807,6.1613],[0.0802,6.1638]],[[0.0812,6.1627],[0.0845,6.1607],[0.0808,6.1673],[0.0812,6.1627]],[[0.0925,6.2259],[0.0895,6.2222],[0.0924,6.2192],[0.0917,6.2217],[0.0925,6.2259]],[[0.0982,6.2131],[0.0987,6.2104],[0.1024,6.2128],[0.0944,6.2208],[0.0931,6.2232],[0.0927,6.2193],[0.0982,6.2131]],[[0.0949,6.2283],[0.0927,6.2272],[0.0932,6.2242],[0.0942,6.225],[0.0949,6.2283]],[[0.0941,6.224],[0.0947,6.2211],[0.0954,6.2208],[0.0941,6.224]],[[0.096,6.2354],[0.0949,6.2334],[0.0971,6.2291],[0.0973,6.231],[0.096,6.2354]],[[0.1034,6.2174],[0.0986,6.2215],[0.0963,6.2271],[0.0958,6.2201],[0.1027,6.2141],[0.1034,6.2174]],[[0.0986,6.2266],[0.1042,6.2193],[0.102,6.2235],[0.1047,6.2273],[0.1015,6.2295],[0.0986,6.2266]],[[0.0994,6.2338],[0.0997,6.2349],[0.0989,6.2344],[0.0994,6.2338]],[[0.1101,6.2281],[0.109,6.231],[0.1124,6.2263],[0.114,6.2283],[0.1067,6.2381],[0.1046,6.2345],[0.1101,6.2281]],[[0.1073,6.2256],[0.1077,6.2222],[0.1087,6.2215],[0.1073,6.2256]],[[0.1073,6.2297],[0.1094,6.2227],[0.1097,6.2226],[0.1107,6.227],[0.1073,6.2297]],[[0.0783,6.2699],[0.0901,6.252],[0.0876,6.2632],[0.0783,6.2699]]]}},{"type":"Feature","properties":{"name":"Lagune Tendo"},"geometry":{"type":"Polygon","coordinates":[[[-2.8973,5.1231],[-2.8912,5.12],[-2.8915,5.1257],[-2.8906,5.127],[-2.8888,5.1269],[-2.8846,5.1237],[-2.8816,5.1269],[-2.8766,5.128],[-2.8685,5.1227],[-2.8632,5.1234],[-2.8601,5.121],[-2.8584,5.1161],[-2.8542,5.1156],[-2.853,5.1117],[-2.8442,5.1079],[-2.8382,5.11],[-2.841,5.1132],[-2.8414,5.1152],[-2.8374,5.1152],[-2.8351,5.1216],[-2.831,5.1216],[-2.8281,5.1206],[-2.8266,5.1189],[-2.824,5.1159],[-2.8234,5.1117],[-2.8193,5.1099],[-2.817,5.1056],[-2.8145,5.1076],[-2.8172,5.1114],[-2.8143,5.1135],[-2.8114,5.1107],[-2.8116,5.1067],[-2.8077,5.1066],[-2.8072,5.1119],[-2.8046,5.1109],[-2.802,5.1078],[-2.7932,5.1082],[-2.7909,5.1067],[-2.7873,5.1167],[-2.7859,5.1177],[-2.7844,5.1161],[-2.7868,5.1163],[-2.7876,5.1112],[-2.7899,5.1071],[-2.7913,5.1061],[-2.8021,5.1072],[-2.8066,5.1114],[-2.8069,5.1066],[-2.8127,5.1064],[-2.8142,5.113],[-2.8168,5.1113],[-2.8138,5.1074],[-2.8176,5.1051],[-2.824,5.1114],[-2.8283,5.1201],[-2.8342,5.1214],[-2.8359,5.1157],[-2.8385,5.1142],[-2.8406,5.1146],[-2.8377,5.1099],[-2.8446,5.1074],[-2.8538,5.1116],[-2.855,5.1156],[-2.8588,5.1159],[-2.8633,5.1228],[-2.8685,5.1221],[-2.8762,5.1275],[-2.8842,5.1231],[-2.8904,5.1266],[-2.8911,5.1191],[-2.8977,5.1225],[-2.9055,5.1149],[-2.9041,5.1056],[-2.9056,5.1026],[-2.9097,5.0979],[-2.9031,5.0996],[-2.8979,5.1055],[-2.8978,5.1104],[-2.8913,5.111],[-2.8894,5.1029],[-2.8952,5.0895],[-2.9091,5.0923],[-2.9141,5.0984],[-2.9172,5.108],[-2.9253,5.1126],[-2.932,5.1048],[-2.9363,5.103],[-2.932,5.0968],[-2.9387,5.0952],[-2.942,5.0955],[-2.945,5.0881],[-2.9519,5.0857],[-2.9785,5.0894],[-3.0071,5.1152],[-3.0126,5.1125],[-3.0208,5.1205],[-3.0394,5.1171],[-3.0478,5.1207],[-3.0512,5.1163],[-3.0638,5.1229],[-3.0716,5.1202],[-3.0733,5.113],[-3.0854,5.1119],[-3.0945,5.1153],[-3.1009,5.1122],[-3.1097,5.1169],[-3.119,5.1143],[-3.1169,5.1221],[-3.1104,5.1259],[-3.0837,5.1221],[-3.0765,5.1282],[-3.0644,5.1319],[-3.0398,5.127],[-3.0201,5.1293],[-2.9964,5.119],[-2.9719,5.0967],[-2.9537,5.0946],[-2.9444,5.1036],[-2.9509,5.108],[-2.9531,5.1143],[-2.9491,5.129],[-2.9439,5.1344],[-2.927,5.1311],[-2.9103,5.133],[-2.9238,5.1286],[-2.9395,5.1301],[-2.9416,5.1256],[-2.9361,5.1262],[-2.935,5.1251],[-2.9336,5.1223],[-2.9309,5.1235],[-2.9286,5.1212],[-2.9214,5.1228],[-2.915,5.1223],[-2.91,5.1206],[-2.907,5.1232],[-2.8973,5.1231]],[[-2.9342,5.1046],[-2.9254,5.1134],[-2.9164,5.1144],[-2.9142,5.1115],[-2.9193,5.112],[-2.9138,5.1087],[-2.9167,5.1087],[-2.9136,5.0989],[-2.9108,5.0981],[-2.9054,5.1042],[-2.9061,5.1147],[-2.902,5.1209],[-2.9054,5.1231],[-2.9106,5.1203],[-2.9286,5.121],[-2.934,5.1221],[-2.9364,5.126],[-2.9452,5.1237],[-2.9424,5.1121],[-2.9352,5.1062],[-2.9398,5.1094],[-2.9424,5.1068],[-2.9342,5.1046]],[[-2.9188,5.1108],[-2.9195,5.111],[-2.9188,5.1106],[-2.9188,5.1108]],[[-2.9169,5.1093],[-2.9177,5.1097],[-2.917,5.1089],[-2.9169,5.1093]],[[-2.9389,5.0956],[-2.9371,5.0979],[-2.9407,5.0964],[-2.9389,5.0956]],[[-2.937,5.1005],[-2.9389,5.103],[-2.9373,5.1003],[-2.937,5.1005]]]}},{"type":"Feature","properties":{"name":"Weija Reservoir"},"geometry":{"type":"Polygon","coordinates":[[[-0.3342,5.5059],[-0.3254,5.5108],[-0.326,5.5133],[-0.3257,5.5156],[-0.3261,5.5154],[-0.3274,5.5154],[-0.3278,5.5159],[-0.3283,5.5152],[-0.3284,5.5161],[-0.3255,5.5158],[-0.325,5.5096],[-0.3183,5.5163],[-0.3213,5.5187],[-0.3213,5.5205],[-0.3194,5.5238],[-0.3218,5.5237],[-0.3227,5.5245],[-0.323,5.5265],[-0.3208,5.5289],[-0.323,5.5273],[-0.3242,5.5273],[-0.3245,5.5285],[-0.323,5.5294],[-0.324,5.5293],[-0.3243,5.5302],[-0.3227,5.5336],[-0.3217,5.5345],[-0.3194,5.5353],[-0.3187,5.5409],[-0.3172,5.5417],[-0.3159,5.5401],[-0.3144,5.5435],[-0.3133,5.544],[-0.3157,5.5467],[-0.3131,5.5485],[-0.3147,5.5514],[-0.3129,5.5553],[-0.3141,5.5581],[-0.3138,5.5594],[-0.3191,5.5608],[-0.3193,5.564],[-0.3247,5.5648],[-0.327,5.5658],[-0.3295,5.5682],[-0.3313,5.5686],[-0.332,5.5657],[-0.3336,5.5647],[-0.3359,5.5654],[-0.3366,5.5646],[-0.3371,5.5646],[-0.3414,5.5662],[-0.3418,5.5677],[-0.3402,5.568],[-0.3438,5.5691],[-0.3478,5.5717],[-0.3589,5.5646],[-0.3623,5.5552],[-0.383,5.5473],[-0.3809,5.5553],[-0.384,5.5539],[-0.3844,5.5567],[-0.3916,5.5493],[-0.3884,5.5572],[-0.3971,5.5562],[-0.3947,5.559],[-0.4002,5.562],[-0.3929,5.5633],[-0.3911,5.5669],[-0.3861,5.5612],[-0.3801,5.5617],[-0.3838,5.5682],[-0.3795,5.5707],[-0.3765,5.5688],[-0.3721,5.574],[-0.3754,5.5767],[-0.3725,5.5829],[-0.3762,5.5814],[-0.379,5.5845],[-0.3735,5.5886],[-0.3756,5.5948],[-0.3887,5.5952],[-0.3719,5.6039],[-0.3767,5.6078],[-0.3777,5.6176],[-0.3694,5.6065],[-0.3587,5.6067],[-0.3628,5.5973],[-0.3603,5.5922],[-0.3526,5.5964],[-0.3522,5.5906],[-0.3457,5.5954],[-0.3478,5.6013],[-0.3416,5.602],[-0.3386,5.5987],[-0.3348,5.604],[-0.3334,5.6001],[-0.3448,5.5766],[-0.3443,5.5701],[-0.3399,5.568],[-0.3411,5.5662],[-0.3372,5.5647],[-0.331,5.5689],[-0.3191,5.5642],[-0.3184,5.5607],[-0.3135,5.5594],[-0.3127,5.555],[-0.3143,5.5515],[-0.3127,5.5484],[-0.3143,5.547],[-0.3129,5.5446],[-0.3062,5.5441],[-0.3043,5.5424],[-0.3046,5.5412],[-0.3026,5.5428],[-0.2996,5.5414],[-0.2996,5.5382],[-0.3004,5.5376],[-0.3013,5.5377],[-0.3014,5.5373],[-0.2998,5.5367],[-0.2992,5.535],[-0.2979,5.537],[-0.2947,5.5381],[-0.2937,5.5371],[-0.292,5.5339],[-0.2924,5.5321],[-0.2902,5.5302],[-0.2917,5.5289],[-0.2888,5.5273],[-0.305,5.5193],[-0.304,5.5148],[-0.2962,5.5187],[-0.2946,5.5147],[-0.3078,5.5125],[-0.3091,5.515],[-0.3118,5.5136],[-0.3098,5.5121],[-0.3342,5.5059]],[[-0.319,5.5283],[-0.3172,5.5246],[-0.3137,5.5256],[-0.3112,5.5232],[-0.3106,5.5221],[-0.309,5.5241],[-0.301,5.5224],[-0.3011,5.528],[-0.2966,5.5241],[-0.296,5.5297],[-0.2959,5.5267],[-0.2906,5.5274],[-0.292,5.529],[-0.2909,5.5304],[-0.2927,5.5319],[-0.2948,5.5379],[-0.2992,5.5348],[-0.302,5.5376],[-0.3018,5.538],[-0.2999,5.5382],[-0.3022,5.542],[-0.3033,5.5407],[-0.313,5.5443],[-0.3154,5.5399],[-0.3185,5.5407],[-0.3191,5.5354],[-0.3241,5.5303],[-0.324,5.5296],[-0.3232,5.5298],[-0.3228,5.5293],[-0.3241,5.5275],[-0.3212,5.5293],[-0.319,5.5283]],[[-0.3212,5.5107],[-0.3152,5.5156],[-0.3163,5.5155],[-0.3175,5.5162],[-0.3212,5.5107]],[[-0.3175,5.5162],[-0.318,5.5165],[-0.3179,5.516],[-0.3175,5.5162]],[[-0.3209,5.5187],[-0.3166,5.5171],[-0.3152,5.5201],[-0.3152,5.5163],[-0.308,5.5186],[-0.3124,5.5196],[-0.3113,5.5231],[-0.3173,5.5243],[-0.3196,5.5284],[-0.3228,5.5263],[-0.3191,5.5235],[-0.3209,5.5187]],[[-0.3055,5.5195],[-0.3093,5.5235],[-0.3109,5.5198],[-0.3055,5.5195]],[[-0.3138,5.5117],[-0.313,5.5148],[-0.3146,5.5114],[-0.3138,5.5117]],[[-0.3139,5.5149],[-0.3124,5.5155],[-0.3141,5.515],[-0.3139,5.5149]],[[-0.3106,5.5148],[-0.3101,5.5149],[-0.3109,5.5151],[-0.3106,5.5148]],[[-0.3086,5.5154],[-0.3085,5.5154],[-0.3085,5.5155],[-0.3086,5.5154]],[[-0.3077,5.5134],[-0.3057,5.5136],[-0.3079,5.5146],[-0.3077,5.5134]],[[-0.3076,5.516],[-0.3075,5.5158],[-0.3075,5.5161],[-0.3076,5.516]],[[-0.3063,5.5163],[-0.3067,5.5168],[-0.3068,5.5161],[-0.3063,5.5163]],[[-0.3055,5.5142],[-0.305,5.5153],[-0.3057,5.5151],[-0.3055,5.5142]],[[-0.3014,5.5378],[-0.3019,5.5377],[-0.3016,5.5374],[-0.3014,5.5378]],[[-0.3003,5.5398],[-0.3005,5.5408],[-0.3003,5.5398],[-0.3003,5.5398]],[[-0.3701,5.5714],[-0.3691,5.5732],[-0.3709,5.573],[-0.3701,5.5714]],[[-0.3662,5.5739],[-0.368,5.5737],[-0.3659,5.5733],[-0.3662,5.5739]]]}},{"type":"Feature","properties":{"name":null},"geometry":{"type":"Polygon","coordinates":[[[-0.7773,10.6523],[-0.7539,10.6401],[-0.7485,10.6455],[-0.7266,10.6529],[-0.7227,10.6508],[-0.7113,10.6401],[-0.7091,10.6279],[-0.7065,10.6234],[-0.7062,10.6198],[-0.7094,10.6162],[-0.7126,10.6152],[-0.7134,10.6151],[-0.7177,10.6157],[-0.7184,10.6061],[-0.7138,10.5998],[-0.7046,10.5973],[-0.6934,10.5882],[-0.6858,10.5675],[-0.6875,10.5632],[-0.7056,10.5433],[-0.7157,10.5366],[-0.715,10.5283],[-0.7063,10.523],[-0.7026,10.5247],[-0.7024,10.5321],[-0.701,10.5349],[-0.6941,10.5411],[-0.6903,10.5426],[-0.6877,10.5419],[-0.6866,10.5401],[-0.6868,10.5309],[-0.6815,10.5266],[-0.668,10.5267],[-0.6628,10.5377],[-0.653,10.5498],[-0.6477,10.5535],[-0.6393,10.556],[-0.6334,10.5548],[-0.6299,10.5529],[-0.6187,10.5559],[-0.6075,10.5538],[-0.5939,10.5464],[-0.5883,10.5485],[-0.5821,10.5482],[-0.5769,10.551],[-0.5753,10.555],[-0.5669,10.5661],[-0.5588,10.5713],[-0.5562,10.572],[-0.5502,10.5715],[-0.5468,10.5702],[-0.5277,10.5586],[-0.5159,10.5603],[-0.508,10.5675],[-0.5086,10.5773],[-0.5081,10.5895],[-0.5049,10.6009],[-0.5073,10.6064],[-0.5071,10.6078],[-0.5015,10.6212],[-0.4987,10.6235],[-0.4928,10.6241],[-0.4678,10.6178],[-0.4605,10.6071],[-0.4521,10.6014],[-0.4465,10.6013],[-0.4437,10.5995],[-0.4341,10.603],[-0.4154,10.603],[-0.3906,10.6096],[-0.3734,10.6218],[-0.3666,10.6243],[-0.3566,10.6253],[-0.3505,10.6217],[-0.3475,10.6186],[-0.3423,10.6217],[-0.3298,10.6493],[-0.3359,10.6568],[-0.3428,10.6699],[-0.3585,10.6757],[-0.3646,10.6809],[-0.3669,10.6853],[-0.367,10.7024],[-0.3728,10.7182],[-0.3713,10.7239],[-0.374,10.7286],[-0.3727,10.7387],[-0.3764,10.7485],[-0.3751,10.753],[-0.3724,10.7569],[-0.352,10.7657],[-0.3508,10.7726],[-0.3485,10.7777],[-0.3326,10.7905],[-0.3356,10.7938],[-0.3404,10.7941],[-0.3534,10.7988],[-0.3683,10.8071],[-0.3751,10.8208],[-0.3813,10.8228],[-0.3871,10.8278],[-0.3939,10.8441],[-0.3962,10.854],[-0.396,10.856],[-0.3943,10.8579],[-0.3862,10.8616],[-0.3836,10.8671],[-0.3876,10.8765],[-0.3898,10.8996],[-0.3878,10.9002],[-0.3838,10.8954],[-0.3778,10.9015],[-0.3815,10.9103],[-0.3802,10.9227],[-0.3784,10.9247],[-0.3713,10.926],[-0.3817,10.9377],[-0.3819,10.9421],[-0.3776,10.9459],[-0.3694,10.9447],[-0.364,10.957],[-0.3854,10.9679],[-0.3906,10.9844],[-0.385,10.9935],[-0.384,11.0087],[-0.3895,11.0164],[-0.3899,11.0227],[-0.3694,11.0376],[-0.3683,11.0407],[-0.3743,11.0446],[-0.375,11.0509],[-0.3714,11.0591],[-0.3615,11.0699],[-0.3599,11.0769],[-0.3679,11.083],[-0.3702,11.0864],[-0.3724,11.092],[-0.37,11.0974],[-0.3704,11.0981],[-0.3708,11.0982],[-0.371,11.0985],[-0.3743,11.1027],[-0.3752,11.1049],[-0.3755,11.1067],[-0.3749,11.118],[-0.3727,11.1219],[-0.375,11.1234],[-0.3705,11.1281],[-0.3731,11.1331],[-0.3706,11.1301],[-0.37,11.1269],[-0.3749,11.1077],[-0.3692,11.0979],[-0.3716,11.0915],[-0.3679,11.0843],[-0.3601,11.0789],[-0.3593,11.0763],[-0.3606,11.0695],[-0.3628,11.0646],[-0.3737,11.0513],[-0.3727,11.0444],[-0.3672,11.0424],[-0.3679,11.0385],[-0.3888,11.0226],[-0.383,11.009],[-0.3839,10.9937],[-0.3898,10.9844],[-0.3854,10.9689],[-0.3646,10.9591],[-0.3633,10.9565],[-0.3691,10.944],[-0.3777,10.945],[-0.3812,10.9416],[-0.3704,10.926],[-0.3796,10.9221],[-0.3805,10.9094],[-0.3767,10.9024],[-0.3805,10.8961],[-0.3851,10.8948],[-0.3891,10.8995],[-0.3871,10.8776],[-0.3829,10.8677],[-0.384,10.8636],[-0.3882,10.8586],[-0.3945,10.8571],[-0.3956,10.8539],[-0.3868,10.8285],[-0.3749,10.8216],[-0.3675,10.8075],[-0.3541,10.7995],[-0.3351,10.794],[-0.332,10.7901],[-0.3487,10.7766],[-0.3514,10.7656],[-0.3717,10.7568],[-0.3759,10.7494],[-0.3708,10.7357],[-0.3712,10.7339],[-0.3733,10.7286],[-0.3708,10.7249],[-0.3724,10.7184],[-0.3668,10.7042],[-0.3655,10.6837],[-0.3589,10.6765],[-0.342,10.6698],[-0.3293,10.6492],[-0.3429,10.6203],[-0.3474,10.6182],[-0.3554,10.6244],[-0.3646,10.6242],[-0.3732,10.6212],[-0.3821,10.6132],[-0.3945,10.6077],[-0.4152,10.6024],[-0.4349,10.6022],[-0.4431,10.5988],[-0.4526,10.6008],[-0.4611,10.6068],[-0.4677,10.6171],[-0.4985,10.623],[-0.5067,10.6071],[-0.5043,10.6013],[-0.5077,10.5897],[-0.5074,10.5678],[-0.5159,10.5598],[-0.5265,10.5577],[-0.5552,10.5714],[-0.5672,10.565],[-0.5767,10.5504],[-0.5782,10.5493],[-0.5823,10.5479],[-0.5886,10.5479],[-0.592,10.546],[-0.595,10.546],[-0.599,10.5475],[-0.6072,10.5529],[-0.6184,10.5554],[-0.6293,10.5522],[-0.6391,10.5554],[-0.6529,10.549],[-0.6683,10.5258],[-0.6826,10.5267],[-0.6873,10.5309],[-0.6898,10.5419],[-0.7012,10.5339],[-0.7022,10.5244],[-0.7046,10.5227],[-0.7085,10.5225],[-0.7161,10.529],[-0.7163,10.5369],[-0.7058,10.5439],[-0.6865,10.5672],[-0.6886,10.5701],[-0.6937,10.5875],[-0.7054,10.5971],[-0.7136,10.5988],[-0.7189,10.606],[-0.7195,10.6123],[-0.7174,10.6167],[-0.7069,10.6194],[-0.7065,10.6222],[-0.7098,10.6284],[-0.7115,10.6394],[-0.7271,10.6515],[-0.748,10.6451],[-0.7525,10.6401],[-0.7552,10.6396],[-0.7665,10.6431],[-0.7773,10.6518],[-0.7843,10.6508],[-0.7908,10.6516],[-0.7966,10.6445],[-0.7952,10.6228],[-0.7962,10.6202],[-0.8175,10.603],[-0.8265,10.5991],[-0.8377,10.6008],[-0.8408,10.5777],[-0.8462,10.5693],[-0.8466,10.5618],[-0.8565,10.55],[-0.8624,10.5474],[-0.8627,10.5404],[-0.868,10.5339],[-0.8701,10.533],[-0.8765,10.5348],[-0.8794,10.5217],[-0.8991,10.5118],[-0.9025,10.5059],[-0.9125,10.4962],[-0.9183,10.4852],[-0.9221,10.4817],[-0.9263,10.4799],[-0.9314,10.4797],[-0.9345,10.4823],[-0.9353,10.4866],[-0.9177,10.5057],[-0.9135,10.5144],[-0.9091,10.5191],[-0.9104,10.5247],[-0.9159,10.5275],[-0.9255,10.5243],[-0.9322,10.5241],[-0.9419,10.5279],[-0.9476,10.5322],[-0.9553,10.5277],[-0.9586,10.5278],[-0.9618,10.5298],[-0.9658,10.536],[-0.98,10.5314],[-1.0004,10.5343],[-1.0095,10.5372],[-1.0277,10.5285],[-1.0325,10.5269],[-1.0356,10.5216],[-1.0413,10.5196],[-1.0427,10.5136],[-1.0499,10.5092],[-1.0525,10.5003],[-1.054,10.4984],[-1.0569,10.4965],[-1.0668,10.4952],[-1.0716,10.4879],[-1.0714,10.482],[-1.0734,10.4728],[-1.069,10.4685],[-1.0615,10.4687],[-1.06,10.4663],[-1.0603,10.461],[-1.0631,10.4517],[-1.0729,10.444],[-1.0756,10.4432],[-1.0803,10.4454],[-1.082,10.4445],[-1.0829,10.435],[-1.0766,10.429],[-1.0771,10.4254],[-1.0803,10.4227],[-1.0802,10.42],[-1.0713,10.4143],[-1.0672,10.4082],[-1.066,10.3969],[-1.0685,10.3908],[-1.0673,10.3801],[-1.0652,10.3789],[-1.0619,10.3836],[-1.0588,10.3834],[-1.0534,10.3778],[-1.0525,10.373],[-1.0547,10.3598],[-1.0608,10.3553],[-1.0664,10.3534],[-1.0685,10.3489],[-1.0696,10.3481],[-1.0765,10.3471],[-1.0831,10.3486],[-1.0853,10.3461],[-1.0849,10.3418],[-1.0869,10.337],[-1.0845,10.3327],[-1.0652,10.328],[-1.0748,10.3278],[-1.0826,10.3306],[-1.0851,10.3323],[-1.0878,10.3359],[-1.0854,10.3475],[-1.0823,10.3498],[-1.0692,10.3489],[-1.0667,10.3539],[-1.0549,10.3605],[-1.0531,10.3728],[-1.0594,10.3829],[-1.0658,10.3781],[-1.068,10.38],[-1.0694,10.3898],[-1.0666,10.3977],[-1.068,10.4086],[-1.081,10.4203],[-1.0804,10.424],[-1.0773,10.4282],[-1.0824,10.4326],[-1.0836,10.4359],[-1.0823,10.4453],[-1.0803,10.4462],[-1.0733,10.4445],[-1.0635,10.4523],[-1.0607,10.4616],[-1.0612,10.4676],[-1.07,10.4683],[-1.074,10.4727],[-1.0721,10.4886],[-1.0679,10.4955],[-1.0653,10.4972],[-1.0558,10.4978],[-1.0499,10.5102],[-1.0436,10.5134],[-1.0411,10.5209],[-1.0359,10.5222],[-1.0325,10.5275],[-1.0104,10.5375],[-0.9807,10.5322],[-0.9657,10.5367],[-0.9581,10.5283],[-0.9498,10.533],[-0.9461,10.5323],[-0.931,10.5245],[-0.9154,10.5281],[-0.9098,10.5247],[-0.9089,10.5183],[-0.9178,10.5043],[-0.9348,10.4865],[-0.9318,10.4804],[-0.9227,10.4821],[-0.9122,10.4977],[-0.8993,10.5124],[-0.8794,10.5223],[-0.8807,10.5269],[-0.8771,10.5347],[-0.8747,10.5362],[-0.8684,10.5343],[-0.8631,10.5406],[-0.8627,10.5479],[-0.8567,10.5504],[-0.8471,10.5621],[-0.8466,10.5697],[-0.8414,10.5782],[-0.838,10.6012],[-0.8223,10.6014],[-0.7966,10.6204],[-0.7971,10.6452],[-0.7949,10.6501],[-0.7907,10.6522],[-0.7773,10.6523]],[[-0.7671,10.6444],[-0.769,10.6461],[-0.7671,10.6441],[-0.7671,10.6444]],[[-1.0871,10.336],[-1.0875,10.3359],[-1.087,10.3352],[-1.0871,10.336]],[[-1.0858,10.3343],[-1.0866,10.3349],[-1.0854,10.3335],[-1.0858,10.3343]],[[-1.0804,10.3311],[-1.0826,10.3316],[-1.0801,10.3309],[-1.0804,10.3311]],[[-1.0796,10.3299],[-1.0787,10.3297],[-1.0798,10.3301],[-1.0796,10.3299]],[[-1.0782,10.3303],[-1.0778,10.3299],[-1.0774,10.3299],[-1.0782,10.3303]],[[-1.0779,10.4297],[-1.0775,10.4296],[-1.0783,10.43],[-1.0779,10.4297]],[[-1.0759,10.3288],[-1.0768,10.3293],[-1.0771,10.3292],[-1.0759,10.3288]],[[-1.0739,10.3281],[-1.0757,10.3282],[-1.0734,10.3279],[-1.0739,10.3281]],[[-1.0679,10.4947],[-1.0681,10.4942],[-1.0677,10.495],[-1.0679,10.4947]],[[-1.068,10.495],[-1.0673,10.4955],[-1.0672,10.4959],[-1.068,10.495]],[[-1.0667,10.4961],[-1.066,10.4963],[-1.0657,10.4967],[-1.0667,10.4961]],[[-1.0636,10.497],[-1.0642,10.4967],[-1.063,10.4968],[-1.0636,10.497]],[[-1.0625,10.4969],[-1.0628,10.4968],[-1.0624,10.4966],[-1.0625,10.4969]],[[-0.7159,10.6168],[-0.7163,10.6168],[-0.7158,10.6167],[-0.7159,10.6168]],[[-0.714,10.6164],[-0.7156,10.6167],[-0.7137,10.6162],[-0.714,10.6164]],[[-0.7125,10.6411],[-0.7152,10.6428],[-0.7118,10.6399],[-0.7125,10.6411]],[[-0.7129,10.6159],[-0.713,10.6152],[-0.712,10.6156],[-0.7129,10.6159]],[[-0.6868,10.5687],[-0.6883,10.5717],[-0.6869,10.5685],[-0.6868,10.5687]],[[-0.4457,10.6005],[-0.447,10.6009],[-0.4451,10.5997],[-0.4457,10.6005]],[[-0.3711,10.7354],[-0.3722,10.738],[-0.3726,10.7309],[-0.3711,10.7354]],[[-0.3751,11.1055],[-0.3751,11.1055],[-0.3751,11.1054],[-0.3751,11.1055]],[[-0.3747,11.1055],[-0.3749,11.1052],[-0.3747,11.1048],[-0.3747,11.1055]],[[-0.3748,11.1101],[-0.3749,11.11],[-0.3749,11.11],[-0.3748,11.1101]],[[-0.3746,11.1104],[-0.3747,11.1104],[-0.3747,11.1103],[-0.3746,11.1104]],[[-0.3746,11.1137],[-0.3747,11.1138],[-0.3746,11.1136],[-0.3746,11.1137]],[[-0.3746,11.1059],[-0.3743,11.105],[-0.3744,11.1058],[-0.3746,11.1059]],[[-0.3745,11.1143],[-0.3746,11.1143],[-0.3746,11.1143],[-0.3745,11.1143]],[[-0.3745,11.1035],[-0.3745,11.1036],[-0.3745,11.1035],[-0.3745,11.1035]],[[-0.3743,11.1044],[-0.3744,11.1049],[-0.3745,11.1043],[-0.3743,11.1044]],[[-0.3742,11.1039],[-0.3745,11.1042],[-0.3742,11.1039],[-0.3742,11.1039]],[[-0.3743,11.1138],[-0.3744,11.114],[-0.3743,11.1138],[-0.3743,11.1138]],[[-0.3739,11.1033],[-0.3738,11.1035],[-0.3741,11.1038],[-0.3739,11.1033]],[[-0.3739,11.1186],[-0.3738,11.1186],[-0.3738,11.1187],[-0.3739,11.1186]],[[-0.3725,11.124],[-0.3726,11.124],[-0.3726,11.1239],[-0.3725,11.124]],[[-0.3721,11.1219],[-0.3714,11.1251],[-0.3711,11.1254],[-0.3712,11.1256],[-0.3715,11.125],[-0.3722,11.1242],[-0.3721,11.1219]],[[-0.3722,11.1248],[-0.3722,11.1247],[-0.3721,11.1248],[-0.3722,11.1248]],[[-0.3715,11.1252],[-0.3717,11.1254],[-0.372,11.1248],[-0.3715,11.1252]],[[-0.3718,11.0927],[-0.3715,11.0934],[-0.372,11.0925],[-0.3718,11.0927]],[[-0.3713,11.0995],[-0.3709,11.0991],[-0.3707,11.099],[-0.3713,11.0995]],[[-0.3713,11.125],[-0.3712,11.1252],[-0.3712,11.1253],[-0.3713,11.125]],[[-0.3702,11.0982],[-0.3708,11.099],[-0.3712,11.0991],[-0.3702,11.0982]],[[-0.3709,11.1251],[-0.371,11.1253],[-0.3711,11.125],[-0.3709,11.1251]],[[-0.371,11.1],[-0.371,11.0999],[-0.371,11.0999],[-0.371,11.1]],[[-0.371,11.1255],[-0.3708,11.1258],[-0.3707,11.126],[-0.3709,11.126],[-0.371,11.1255]],[[-0.3708,11.0997],[-0.3708,11.0998],[-0.3709,11.0999],[-0.3708,11.0997]],[[-0.3707,11.0883],[-0.3697,11.0857],[-0.3691,11.0852],[-0.3707,11.0883]],[[-0.3698,11.0981],[-0.3701,11.0983],[-0.3699,11.0979],[-0.3698,11.0981]],[[-0.3666,11.0621],[-0.3658,11.0637],[-0.3663,11.0633],[-0.3666,11.0621]],[[-0.3663,11.0618],[-0.3666,11.0616],[-0.3665,11.0615],[-0.3663,11.0618]],[[-0.3657,11.0625],[-0.3641,11.0642],[-0.3639,11.0655],[-0.3657,11.0625]],[[-0.3652,11.0814],[-0.3653,11.0813],[-0.3651,11.0812],[-0.3652,11.0814]],[[-0.3647,11.0812],[-0.3647,11.0811],[-0.3646,11.081],[-0.3647,11.0812]],[[-0.3637,11.0649],[-0.3635,11.0651],[-0.3636,11.0651],[-0.3637,11.0649]],[[-0.3616,11.0789],[-0.3615,11.079],[-0.3619,11.0791],[-0.3616,11.0789]],[[-0.3611,11.0788],[-0.3607,11.0787],[-0.3612,11.0789],[-0.3611,11.0788]],[[-0.3611,11.0691],[-0.361,11.0693],[-0.3612,11.0691],[-0.3611,11.0691]],[[-0.3598,11.074],[-0.3599,11.074],[-0.3598,11.074],[-0.3598,11.074]]]}},{"type":"Feature","properties":{"name":"Keta lagoon"},"geometry":{"type":"Polygon","coordinates":[[[0.9883,6.0239],[1.0118,6.0271],[1.0174,6.0241],[1.036,6.0296],[1.061,6.0612],[1.0716,6.067],[1.0578,6.0542],[1.06,6.0471],[1.0497,6.0203],[1.048,6.0265],[1.021,6.0139],[1.0233,6.0104],[1.0315,6.0123],[1.0426,6.0035],[1.0517,6.0187],[1.0536,6.0177],[1.0432,6.0033],[1.0326,5.9903],[1.0319,5.9904],[1.0325,5.9899],[1.031,5.9874],[1.0287,5.9856],[1.0285,5.9828],[1.027,5.9828],[1.0268,5.9787],[1.0241,5.9758],[1.022,5.9761],[1.0255,5.9843],[1.0198,5.9899],[1.0248,5.9931],[1.021,6.0018],[1.0236,6.0059],[1.0196,6.0135],[1.0089,6.0171],[1.0102,6.0039],[0.9952,6.0081],[0.9883,6.0239]],[[1.0236,6.0069],[1.0284,5.9936],[1.0254,5.9892],[1.0278,5.9866],[1.038,5.9998],[1.0353,5.998],[1.0364,6.0058],[1.0236,6.0069]],[[1.0507,6.035],[1.0465,6.0362],[1.0519,6.0316],[1.0507,6.035]]]}},{"type":"Feature","properties":{"name":null},"geometry":{"type":"Polygon","coordinates":[[[0.4278,6.0053],[0.431,6.0074],[0.4448,6.0103],[0.4516,6.0044],[0.4553,6.016],[0.4607,6.0106],[0.4647,6.0163],[0.4783,6.015],[0.4785,6.0197],[0.4816,6.02],[0.4793,6.0227],[0.4748,6.0215],[0.4728,6.0256],[0.4683,6.0269],[0.4634,6.0227],[0.4638,6.0276],[0.4557,6.0236],[0.4543,6.0325],[0.4482,6.0302],[0.4477,6.0259],[0.4442,6.0339],[0.4359,6.0325],[0.4414,6.0388],[0.452,6.04],[0.4591,6.0394],[0.4596,6.0344],[0.4625,6.0332],[0.4637,6.0378],[0.4715,6.0422],[0.4651,6.038],[0.4629,6.0286],[0.4664,6.0303],[0.4935,6.0187],[0.502,6.009],[0.4966,6.0083],[0.5013,6.0032],[0.4963,5.9993],[0.5013,5.9952],[0.4995,5.991],[0.4904,5.9953],[0.4899,5.9844],[0.4946,5.979],[0.4847,5.9747],[0.485,5.9814],[0.4821,5.9834],[0.4854,5.9905],[0.4824,5.9921],[0.4801,5.9896],[0.4773,5.9928],[0.4816,5.9977],[0.4786,6.0015],[0.4777,6.005],[0.461,6.0045],[0.4603,5.9959],[0.4529,5.9992],[0.4464,5.9968],[0.4489,6.0024],[0.4448,6.0091],[0.4288,6.0056],[0.4261,5.9974],[0.4278,6.0053]],[[0.4781,6.0058],[0.4793,6.0061],[0.4787,6.0065],[0.4781,6.0058]],[[0.4818,5.9999],[0.4809,6.002],[0.4802,5.9999],[0.4818,5.9999]]]}},{"type":"Feature","properties":{"name":"Tono Reservoir"},"geometry":{"type":"Polygon","coordinates":[[[-1.182,10.9201],[-1.1761,10.9068],[-1.1711,10.9019],[-1.168,10.9036],[-1.1639,10.8973],[-1.1659,10.9049],[-1.1637,10.9077],[-1.1679,10.9132],[-1.1667,10.9165],[-1.1634,10.9152],[-1.1754,10.9265],[-1.1601,10.9202],[-1.1606,10.9125],[-1.1584,10.9136],[-1.1568,10.9078],[-1.1593,10.9043],[-1.1512,10.8963],[-1.1536,10.8951],[-1.1516,10.8915],[-1.1561,10.8884],[-1.1518,10.889],[-1.1509,10.8854],[-1.1453,10.8866],[-1.1484,10.882],[-1.1449,10.8833],[-1.144,10.88],[-1.1549,10.8624],[-1.1639,10.8629],[-1.1727,10.8699],[-1.1835,10.8708],[-1.1902,10.8758],[-1.1826,10.8772],[-1.1834,10.8796],[-1.1682,10.8911],[-1.179,10.8988],[-1.1775,10.9013],[-1.1851,10.9026],[-1.1814,10.9076],[-1.1829,10.9136],[-1.1907,10.9153],[-1.1861,10.9217],[-1.182,10.9201]]]}},{"type":"Feature","properties":{"name":null},"geometry":{"type":"Polygon","coordinates":[[[-1.6312,5.405],[-1.6329,5.4066],[-1.6337,5.4121],[-1.6273,5.4343],[-1.6227,5.4409],[-1.6023,5.4518],[-1.6134,5.4655],[-1.6132,5.478],[-1.6182,5.4872],[-1.616,5.4919],[-1.6207,5.4978],[-1.6203,5.5068],[-1.6182,5.5107],[-1.6163,5.5121],[-1.6166,5.5209],[-1.6087,5.5318],[-1.6017,5.5319],[-1.5945,5.5296],[-1.5952,5.538],[-1.5915,5.5499],[-1.5877,5.551],[-1.5811,5.5484],[-1.5693,5.5528],[-1.5678,5.5652],[-1.5635,5.5698],[-1.5663,5.5791],[-1.5648,5.5851],[-1.5591,5.589],[-1.5588,5.598],[-1.5534,5.6009],[-1.5567,5.605],[-1.5568,5.6178],[-1.5518,5.6209],[-1.5485,5.6196],[-1.5458,5.6158],[-1.5439,5.6156],[-1.5389,5.6227],[-1.543,5.631],[-1.5435,5.6366],[-1.5396,5.6442],[-1.5417,5.6476],[-1.5442,5.6601],[-1.5493,5.6596],[-1.5543,5.6721],[-1.5576,5.6736],[-1.5698,5.6686],[-1.579,5.6719],[-1.581,5.6753],[-1.5826,5.6857],[-1.5941,5.6906],[-1.5946,5.6961],[-1.5924,5.6996],[-1.5955,5.7014],[-1.5998,5.7071],[-1.5993,5.7128],[-1.5965,5.7148],[-1.5861,5.7123],[-1.5849,5.7197],[-1.5798,5.7242],[-1.5825,5.7283],[-1.59,5.7221],[-1.5926,5.7218],[-1.5997,5.7255],[-1.6024,5.7291],[-1.5976,5.7372],[-1.5841,5.7495],[-1.5801,5.749],[-1.5791,5.7522],[-1.5755,5.7544],[-1.5751,5.7568],[-1.5737,5.7579],[-1.575,5.7638],[-1.5721,5.7714],[-1.5793,5.7796],[-1.5774,5.788],[-1.5802,5.7976],[-1.5782,5.8027],[-1.5768,5.7886],[-1.5784,5.7795],[-1.5711,5.7719],[-1.5727,5.7581],[-1.5787,5.749],[-1.589,5.7448],[-1.6015,5.7287],[-1.5923,5.7224],[-1.5829,5.7287],[-1.579,5.7246],[-1.584,5.72],[-1.5854,5.7119],[-1.5907,5.7108],[-1.5968,5.714],[-1.5991,5.7071],[-1.5955,5.7055],[-1.5915,5.6996],[-1.5936,5.6912],[-1.5822,5.6866],[-1.579,5.674],[-1.5697,5.6692],[-1.5615,5.6749],[-1.5559,5.6738],[-1.5538,5.6727],[-1.5505,5.6668],[-1.5496,5.6613],[-1.5438,5.6607],[-1.5408,5.6471],[-1.5383,5.645],[-1.5367,5.6427],[-1.5368,5.6419],[-1.5399,5.6403],[-1.541,5.6379],[-1.5409,5.6357],[-1.5416,5.6313],[-1.5362,5.6255],[-1.542,5.6156],[-1.5452,5.6147],[-1.5515,5.6187],[-1.5561,5.6166],[-1.552,5.5987],[-1.5565,5.5925],[-1.5549,5.5885],[-1.5638,5.5802],[-1.5626,5.569],[-1.5671,5.5641],[-1.5684,5.5522],[-1.5811,5.5476],[-1.5901,5.5497],[-1.5944,5.5381],[-1.5939,5.5289],[-1.6073,5.531],[-1.6156,5.5205],[-1.6153,5.5126],[-1.6196,5.4996],[-1.6145,5.4903],[-1.6124,5.4772],[-1.6126,5.4659],[-1.6032,5.457],[-1.6017,5.4506],[-1.6222,5.4401],[-1.627,5.4326],[-1.6329,5.4099],[-1.6303,5.4024],[-1.636,5.3927],[-1.6294,5.3747],[-1.6332,5.377],[-1.6374,5.3938],[-1.6312,5.405]],[[-1.631,5.4033],[-1.6323,5.4023],[-1.6324,5.4012],[-1.631,5.4033]],[[-1.6323,5.401],[-1.6307,5.4021],[-1.6309,5.4032],[-1.6323,5.401]],[[-1.6183,5.51],[-1.6192,5.5073],[-1.6172,5.5105],[-1.6183,5.51]],[[-1.6157,5.491],[-1.6173,5.4869],[-1.6152,5.4834],[-1.6157,5.491]],[[-1.615,5.485],[-1.6146,5.4881],[-1.6148,5.4903],[-1.615,5.485]],[[-1.576,5.6711],[-1.5791,5.6735],[-1.5793,5.6732],[-1.576,5.6711]],[[-1.5493,5.6194],[-1.5533,5.6197],[-1.5491,5.6182],[-1.5493,5.6194]],[[-1.5416,5.6356],[-1.5428,5.6359],[-1.5419,5.6315],[-1.5416,5.6356]],[[-1.5371,5.6424],[-1.5386,5.6439],[-1.5386,5.6412],[-1.5371,5.6424]],[[-1.5379,5.6233],[-1.5373,5.625],[-1.5382,5.623],[-1.5379,5.6233]],[[-1.5961,5.7041],[-1.5973,5.7052],[-1.5973,5.7041],[-1.5961,5.7041]],[[-1.5748,5.7567],[-1.5749,5.7557],[-1.5741,5.757],[-1.5748,5.7567]]]}},{"type":"Feature","properties":{"name":"Bontanga Irrigation Dam"},"geometry":{"type":"Polygon","coordinates":[[[-1.019,9.5729],[-1.0122,9.5685],[-1.0159,9.5412],[-1.0074,9.5127],[-1.0146,9.5158],[-1.0222,9.5352],[-1.0287,9.5395],[-1.0263,9.5549],[-1.0291,9.5659],[-1.019,9.5729]]]}},{"type":"Feature","properties":{"name":"Tamne Dam"},"geometry":{"type":"Polygon","coordinates":[[[-0.1822,10.9245],[-0.181,10.9299],[-0.1758,10.9269],[-0.1696,10.9302],[-0.1697,10.934],[-0.1684,10.9322],[-0.1636,10.9354],[-0.1582,10.9475],[-0.156,10.9468],[-0.1579,10.9359],[-0.1538,10.9287],[-0.1692,10.9218],[-0.1708,10.9107],[-0.1681,10.9038],[-0.1558,10.9013],[-0.1589,10.8924],[-0.1645,10.8916],[-0.1647,10.8957],[-0.1758,10.9015],[-0.1738,10.9037],[-0.1769,10.9086],[-0.1833,10.9125],[-0.1853,10.9238],[-0.1822,10.9245]]]}},{"type":"Feature","properties":{"name":null},"geometry":{"type":"Polygon","coordinates":[[[-1.7209,6.8489],[-1.7204,6.8404],[-1.7131,6.8435],[-1.711,6.8557],[-1.6999,6.8549],[-1.6981,6.8582],[-1.7013,6.8608],[-1.6946,6.8584],[-1.6939,6.8632],[-1.6901,6.8604],[-1.6856,6.8663],[-1.6814,6.8666],[-1.6794,6.8731],[-1.6721,6.8704],[-1.6775,6.8697],[-1.6779,6.8625],[-1.6854,6.8623],[-1.6832,6.8621],[-1.6859,6.859],[-1.6834,6.8544],[-1.6933,6.8552],[-1.6955,6.8508],[-1.6976,6.8526],[-1.7058,6.8499],[-1.7026,6.8391],[-1.7078,6.8406],[-1.7072,6.837],[-1.7139,6.8359],[-1.7034,6.8226],[-1.7139,6.8322],[-1.7164,6.8276],[-1.7219,6.8331],[-1.7209,6.8489]]]}},{"type":"Feature","properties":{"name":"Vea Dam"},"geometry":{"type":"Polygon","coordinates":[[[-0.8556,10.8736],[-0.846,10.8796],[-0.8471,10.8877],[-0.8448,10.8886],[-0.8493,10.898],[-0.8415,10.8843],[-0.8388,10.8985],[-0.8366,10.8985],[-0.8344,10.8969],[-0.8369,10.8914],[-0.8328,10.893],[-0.8341,10.8868],[-0.8316,10.8862],[-0.8363,10.8792],[-0.8369,10.8704],[-0.8403,10.8695],[-0.8376,10.8657],[-0.8462,10.8629],[-0.8565,10.8706],[-0.8556,10.8736]],[[-0.8546,10.871],[-0.8545,10.8728],[-0.8556,10.8723],[-0.8546,10.871]]]}},{"type":"Feature","properties":{"name":null},"geometry":{"type":"Polygon","coordinates":[[[0.9856,6.1658],[0.9895,6.1624],[0.9781,6.1421],[0.9678,6.1456],[0.9687,6.1516],[0.9856,6.1658]]]}}]}